id,source,idno,title,category,repository_id,publisher,nation,access,year_start,year_end,created_at,updated_at,page_views_total,download_count,landing_page,api_endpoint
472,microdatos.dane.gov.co,DANE-DIMPE-EXPO-2011-2012-2013-2014-2015-2016,Estadísticas de Exportaciones - EXPO - 2011 A 2024,Comercio internacional.,CI-Microdatos,Dirección de Metodología y Producción Estadística - DIMPE,Colombia,direct,2011,2024,2018-01-24T17:57:50+00:00,2026-05-06T03:33:21+00:00,783522,1460205,https://microdatos.dane.gov.co/index.php/catalog/472,https://microdatos.dane.gov.co/index.php/api/catalog/472
421,microdatos.dane.gov.co,DANE-DCD-CGRAL-2005,Censo General 2005,Demografía y población.,DEM-Microdatos,Dirección de Censos y Demografía - DCD,Colombia,direct,2005,2006,2016-08-19T15:49:50+00:00,2024-01-18T17:02:07+00:00,1436747,997944,https://microdatos.dane.gov.co/index.php/catalog/421,https://microdatos.dane.gov.co/index.php/api/catalog/421
643,microdatos.dane.gov.co,DANE-DCD-CNPV-2018,Censo Nacional de Población y Vivienda - CNPV - 2018,Demografía y población.,DEM-Microdatos,"Dirección de Censos y Demografía - DCD, Departamento Administrativo Nacional de Estadística - DANE",Colombia,direct,2018,2018,2019-10-11T13:11:22+00:00,2023-02-23T21:29:01+00:00,1709649,707528,https://microdatos.dane.gov.co/index.php/catalog/643,https://microdatos.dane.gov.co/index.php/api/catalog/643
430,microdatos.dane.gov.co,COL-DIJIN-CSP-2015,Conductas y Servicios de Policía - CSP - 2015,,CAT_POLICIA_NACIONAL,Dirección de Investigación Criminal e Interpol - DIJIN,Colombia,data_na,2003,2015,2016-10-25T15:55:58+00:00,2016-10-25T15:55:58+00:00,268594,441452,https://microdatos.dane.gov.co/index.php/catalog/430,https://microdatos.dane.gov.co/index.php/api/catalog/430
194,microdatos.dane.gov.co,DANE-DIMPE-ELPS-2012,Encuesta longitudinal de Protección Social - ELPS 2012,Salud.,SAL-Microdatos,Dirección de Metodología y Producción Estadística - DIMPE,Colombia,direct,2012,2012,2014-05-16T22:03:19+00:00,2017-09-25T15:16:42+00:00,1198406,405592,https://microdatos.dane.gov.co/index.php/catalog/194,https://microdatos.dane.gov.co/index.php/api/catalog/194
206,microdatos.dane.gov.co,DANE-DIMPE-GEIH-2008,Gran Encuesta Integrada de Hogares - GEIH - 2008,Mercado Laboral.,MERCLAB-Microdatos,Dirección de Metodología y Producción Estadística - DIMPE,Colombia,direct,2008,2008,2014-05-23T22:28:27+00:00,2020-03-09T13:12:40+00:00,1288229,403611,https://microdatos.dane.gov.co/index.php/catalog/206,https://microdatos.dane.gov.co/index.php/api/catalog/206
473,microdatos.dane.gov.co,DANE-DIMPE-IMPO-2012-2016,Estadísticas de Importaciones - IMPO -  2012 A 2024,Comercio internacional.,CI-Microdatos,"Fase 1: (Enero 2008-diciembre 2016), Publicación (31 de Diciembre 2017)., Fase 2: (Enero 1991- diciembre 2007), Publicación (28 de febrero 2018)., Fase 3: (Años 1970 - 1990), Publicación (28 marzo de 2018).",Colombia,direct,2024,2024,2018-01-24T17:57:50+00:00,2025-12-22T14:38:52+00:00,416820,330473,https://microdatos.dane.gov.co/index.php/catalog/473,https://microdatos.dane.gov.co/index.php/api/catalog/473
599,microdatos.dane.gov.co,DANE-DIMPE-GEIH-2019,Gran Encuesta Integrada de Hogares - GEIH - 2019,Mercado Laboral.,MERCLAB-Microdatos,Dirección de Metodología y Producción Estadística - DIMPE,Colombia,direct,2019,2019,2019-03-29T17:11:22+00:00,2020-04-08T13:56:28+00:00,904912,270287,https://microdatos.dane.gov.co/index.php/catalog/599,https://microdatos.dane.gov.co/index.php/api/catalog/599
455,microdatos.dane.gov.co,DANE-DIMPE-POBREZA-MULTIDIMENSIONAL-2016,Indice de Pobreza Multidimensional - IPM- 2016,Pobreza y condiciones de vida.,POBCONVID,Departamento Administrativo Nacional de Estadística,Colombia,direct,0,0,2017-03-22T15:51:34+00:00,2022-12-07T17:46:00+00:00,298217,231513,https://microdatos.dane.gov.co/index.php/catalog/455,https://microdatos.dane.gov.co/index.php/api/catalog/455
782,microdatos.dane.gov.co,DANE-DIMPE-GEIH-2023,Gran Encuesta Integrada de Hogares - GEIH - 2023.,Mercado Laboral.,MERCLAB-Microdatos,Dirección de Metodología y Producción Estadística - DIMPE,Colombia,direct,2023,2023,2023-03-10T23:04:52+00:00,2024-03-11T20:50:54+00:00,488370,227036,https://microdatos.dane.gov.co/index.php/catalog/782,https://microdatos.dane.gov.co/index.php/api/catalog/782
819,microdatos.dane.gov.co,DANE-DIMPE-GEIH-2024,Gran Encuesta Integrada de Hogares - GEIH - 2024.,Mercado Laboral.,MERCLAB-Microdatos,Dirección de Metodología y Producción Estadística - DIMPE,Colombia,direct,2024,2024,2024-03-11T20:52:49+00:00,2025-02-12T14:29:11+00:00,709514,210767,https://microdatos.dane.gov.co/index.php/catalog/819,https://microdatos.dane.gov.co/index.php/api/catalog/819
701,microdatos.dane.gov.co,DANE-DIMPE-GEIH-2021,Gran Encuesta Integrada de Hogares - GEIH - 2021,Mercado Laboral.,MERCLAB-Microdatos,Dirección de Metodología y Producción Estadística - DIMPE,Colombia,direct,2021,2021,2021-03-11T17:51:25+00:00,2024-05-03T15:25:14+00:00,798679,207273,https://microdatos.dane.gov.co/index.php/catalog/701,https://microdatos.dane.gov.co/index.php/api/catalog/701
712,microdatos.dane.gov.co,DANE-DIMPE-EMICRON-2020,Encuesta de Micronegocios- 2020,Comercio interno.,CII-Microdatos,Dirección de Metodología y Producción Estadística - DIMPE,Colombia,direct,0,0,2021-05-14T23:33:52+00:00,2024-07-02T21:55:16+00:00,146073,199059,https://microdatos.dane.gov.co/index.php/catalog/712,https://microdatos.dane.gov.co/index.php/api/catalog/712
678,microdatos.dane.gov.co,DANE-DIMPE-ECV-2019,Encuesta Nacional de Calidad de Vida - ECV 2019,Pobreza y condiciones de vida.,POBCONVID,Dirección de Metodología y Producción Estadística - DIMPE,Colombia,direct,2019,2019,2020-07-14T19:27:16+00:00,2024-05-16T16:42:40+00:00,369874,195936,https://microdatos.dane.gov.co/index.php/catalog/678,https://microdatos.dane.gov.co/index.php/api/catalog/678
513,microdatos.dane.gov.co,DANE-DCD-CNA-2014,Tercer Censo Nacional Agropecuario - 2014 -3er CNA,Agropecuario.,Agrop-Microdatos,Departamento Administrativivo Nacional de Estadística - DANE,Colombia,direct,2014,2014,2016-11-23T23:51:42+00:00,2022-01-07T03:33:09+00:00,874362,191878,https://microdatos.dane.gov.co/index.php/catalog/513,https://microdatos.dane.gov.co/index.php/api/catalog/513
208,microdatos.dane.gov.co,DANE-DIRPEN-ENCV-  MOVILIDAD SOCIAL-2010,Encuesta Nacional de Calidad de Vida y Movilidad Social - ENCV - 2010,Metadatos - DANE,METADATOS,Dirección de Metodología y Producción Estadística - DIMPE,Colombia,data_na,2010,2010,2014-05-26T15:51:33+00:00,2014-05-26T15:51:33+00:00,1263156,179452,https://microdatos.dane.gov.co/index.php/catalog/208,https://microdatos.dane.gov.co/index.php/api/catalog/208
427,microdatos.dane.gov.co,DANE-DIMPE-GEIH-2016,Gran Encuesta Integrada de Hogares - GEIH - 2016,Mercado Laboral.,MERCLAB-Microdatos,Dirección de Metodología y Producción Estadística - DIMPE,Colombia,direct,2016,2016,2016-10-12T14:22:01+00:00,2020-05-13T15:11:17+00:00,754575,158179,https://microdatos.dane.gov.co/index.php/catalog/427,https://microdatos.dane.gov.co/index.php/api/catalog/427
264,microdatos.dane.gov.co,DANE-DIRPEN-ICCV-2010- 2011-2012-2013-2014,Índice de Costos de la Construcción de Vivienda -  ICCV -  2010- 2011-2012-2013-2014,Construcción,construc-Metadatos,Dirección de Metodología y Producción Estadística - DIMPE,Colombia,data_na,2010,2014,2014-09-22T16:52:37+00:00,2014-09-22T16:52:43+00:00,118363,152775,https://microdatos.dane.gov.co/index.php/catalog/264,https://microdatos.dane.gov.co/index.php/api/catalog/264
286,microdatos.dane.gov.co,MEN-OAPF-MEPBM-2010-2011-2012-2013,"Estadísticas de Matriculas en Educación Preescolar, Básica y Media - EPBM - 2010 - 2011 - 2012 - 2013",,CAT_MET_MIN_EDUC,Oficina Asesora de Planeación y Finanzas - OAPF,Colombia,data_na,2010,2013,2014-10-20T20:51:02+00:00,2014-10-20T20:51:02+00:00,140768,151574,https://microdatos.dane.gov.co/index.php/catalog/286,https://microdatos.dane.gov.co/index.php/api/catalog/286
771,microdatos.dane.gov.co,DANE-DIMPE-GEIH-2022,Gran Encuesta Integrada de Hogares - GEIH - 2022,Mercado Laboral.,MERCLAB-Microdatos,Dirección de Metodología y Producción Estadística - DIMPE,Colombia,direct,2022,2022,2022-12-23T01:05:38+00:00,2024-03-08T15:28:31+00:00,365506,123483,https://microdatos.dane.gov.co/index.php/catalog/771,https://microdatos.dane.gov.co/index.php/api/catalog/771
801,microdatos.dane.gov.co,DANE-DIMPE-EDUCACIN-FORMAL-2022,Educación Formal 2022,Educación.,EDU-Microdatos,"Departamento Administrativo Nacional de Estadística - DANE, Dirección de Metodologia y Producción Estadística - DIMPE",Colombia,direct,2022,2022,2023-07-21T15:45:22+00:00,2023-08-15T21:38:50+00:00,167914,111392,https://microdatos.dane.gov.co/index.php/catalog/801,https://microdatos.dane.gov.co/index.php/api/catalog/801
743,microdatos.dane.gov.co,DANE-DIMPE-EM-2021,Encuesta Multipropósito Bogotá - Cundinamarca - EM - 2021,Pobreza y condiciones de vida.,POBCONVID,Encuesta Multipropósito Bogotá - Cundinamarca (EM 2021),Colombia,direct,2021,2021,2022-07-06T13:48:37+00:00,2023-03-10T23:29:55+00:00,427896,105353,https://microdatos.dane.gov.co/index.php/catalog/743,https://microdatos.dane.gov.co/index.php/api/catalog/743
552,microdatos.dane.gov.co,DANE-DIMPE-ENUT-2016-2017,Encuesta Nacional de Uso del Tiempo 2016-2017,Pobreza y condiciones de vida.,POBCONVID,Dirección de Metodología y Producción Estadística - DIMPE,Colombia,direct,2016,2017,2018-04-11T19:49:45+00:00,2020-08-15T18:51:14+00:00,557558,99515,https://microdatos.dane.gov.co/index.php/catalog/552,https://microdatos.dane.gov.co/index.php/api/catalog/552
104,microdatos.dane.gov.co,DANE-DIRPEN-ECP-2008,Encuesta de Cultura Política - ECP 2008,Metadatos - DANE,METADATOS,"Dirección de Regulación, Planeación, Estandarización y Normalización - DIRPEN",Colombia,data_na,2008,2008,2014-03-17T13:01:23+00:00,2014-03-17T13:01:23+00:00,235080,97049,https://microdatos.dane.gov.co/index.php/catalog/104,https://microdatos.dane.gov.co/index.php/api/catalog/104
733,microdatos.dane.gov.co,DANE-POBREZA-MONETARIA-Y-DESIGUALDAD-2021,Medición de Pobreza Monetaria y Desigualdad 2021,Pobreza y condiciones de vida.,POBCONVID,Las bases de datos del año 2019 corresponden a la actualización metodológica de pobreza monetaria y no son comparables con publicaciones anteriores desarrolladas a partir de la metodología MESEP.,Colombia,direct,2021,2021,2022-04-26T16:50:41+00:00,2023-11-24T22:04:19+00:00,87993,96297,https://microdatos.dane.gov.co/index.php/catalog/733,https://microdatos.dane.gov.co/index.php/api/catalog/733
547,microdatos.dane.gov.co,DANE-DIMPE-GEIH-2018,Gran Encuesta Integrada de Hogares - GEIH - 2018,Mercado Laboral.,MERCLAB-Microdatos,Dirección de Metodología y Producción Estadística - DIMPE,Colombia,direct,2018,2018,2018-03-28T19:43:42+00:00,2019-10-21T17:31:48+00:00,866755,95655,https://microdatos.dane.gov.co/index.php/catalog/547,https://microdatos.dane.gov.co/index.php/api/catalog/547
46,microdatos.dane.gov.co,DANE-DIMPE-IPC-2009-2010-2011-2012-2013,Indice de Precios al Consumidor - IPC - 2009-2010-2011-2012-2013,Metadatos - DANE,METADATOS,Direccción de Metodología y Producción Estadistica - DIMPE,Colombia,data_na,2009,2013,2014-03-05T14:10:43+00:00,2014-03-05T14:10:43+00:00,160394,95348,https://microdatos.dane.gov.co/index.php/catalog/46,https://microdatos.dane.gov.co/index.php/api/catalog/46
558,microdatos.dane.gov.co,DANE-DIMPE-IMPO-1970-1990,Estadísticas de Importaciones  - IMPO - 1970 A 1990,Comercio internacional.,CI-Microdatos,"Dirección de Metodología y Producción Estadística - DIMPE, Fase 1: (Enero 2008-diciembre 2016), Publicación (31 de Diciembre 2017)., Fase 2: (Enero 1991- diciembre 2007), Publicación ( 4 de mayo de 2018)., Fase 3: (Años 1970 - 1990), Publicación ( 4 de mayo de 2018).",Colombia,direct,1970,1990,2018-05-10T18:44:26+00:00,2023-11-20T15:33:43+00:00,34877,93986,https://microdatos.dane.gov.co/index.php/catalog/558,https://microdatos.dane.gov.co/index.php/api/catalog/558
861,microdatos.dane.gov.co,DANE-DIMPE-ECV-2024,Encuesta Nacional de Calidad de Vida - ECV - 2024,Pobreza y condiciones de vida.,POBCONVID,"Departamento Administrativo Nacional de Estadística - DANE , Dirección de Metodología y Producción Estadística - DIMPE",Colombia,direct,2024,2025,2025-04-25T14:19:24+00:00,2026-03-16T20:32:06+00:00,296734,83635,https://microdatos.dane.gov.co/index.php/catalog/861,https://microdatos.dane.gov.co/index.php/api/catalog/861
722,microdatos.dane.gov.co,DANE-DIMPE-EDUCACIÓN-FORMAL-2020,Educación Formal 2020,Educación.,EDU-Microdatos,Educación Formal,Colombia,direct,2020,2020,2022-02-10T15:48:20+00:00,2022-11-10T20:47:42+00:00,216543,82378,https://microdatos.dane.gov.co/index.php/catalog/722,https://microdatos.dane.gov.co/index.php/api/catalog/722
356,microdatos.dane.gov.co,DANE-DIMPE-GEIH-2015,Gran Encuesta Integrada de Hogares - GEIH - 2015,Mercado Laboral.,MERCLAB-Microdatos,Dirección de Metodología y Producción Estadística - DIMPE,Colombia,direct,2015,2015,2015-06-24T16:21:59+00:00,2020-04-30T21:00:20+00:00,873594,76771,https://microdatos.dane.gov.co/index.php/catalog/356,https://microdatos.dane.gov.co/index.php/api/catalog/356
458,microdatos.dane.gov.co,DANE-DIMPE-GEIH-2017,Gran Encuesta Integrada de Hogares - GEIH -2017,Mercado Laboral.,MERCLAB-Microdatos,Dirección de Metodología y Producción Estadística - DIMPE,Colombia,direct,2017,2017,2017-03-29T15:06:32+00:00,2020-05-29T20:02:23+00:00,758836,71030,https://microdatos.dane.gov.co/index.php/catalog/458,https://microdatos.dane.gov.co/index.php/api/catalog/458
68,microdatos.dane.gov.co,DANE- DIMPE- GEIH- 2013,Gran Encuesta Integrada de Hogares - GEIH - 2013,Mercado Laboral.,MERCLAB-Microdatos,Dirección de Metodología y Producción Estadística - DIMPE,Colombia,direct,2013,2013,2014-03-10T15:55:43+00:00,2020-04-20T16:41:18+00:00,2315539,70074,https://microdatos.dane.gov.co/index.php/catalog/68,https://microdatos.dane.gov.co/index.php/api/catalog/68
309,microdatos.dane.gov.co,SuperSociedades-GAD-OEPRO-2014,"Estadísticas del Proceso de Reorganización Empresarial., Proceso de Reorganización Presentación Mensual",,CAT_MET_SUPERINTENDENCIA_DE_SOCIEDADES,"Superintendencia de Sociedades, ",Colombia,data_na,2007,2007,2014-12-10T21:21:52+00:00,2014-12-10T21:21:52+00:00,58197,65956,https://microdatos.dane.gov.co/index.php/catalog/309,https://microdatos.dane.gov.co/index.php/api/catalog/309
115,microdatos.dane.gov.co,DANE-DCD-CENSO-1985,Censo Nacional 1985,Metadatos - DANE,METADATOS,Dirección de Censos y Demografía - DCD,Colombia,data_na,1985,1985,2014-03-18T15:18:48+00:00,2014-03-18T15:18:48+00:00,253575,62847,https://microdatos.dane.gov.co/index.php/catalog/115,https://microdatos.dane.gov.co/index.php/api/catalog/115
328,microdatos.dane.gov.co,DANE-DIMPE-GEIH-2014,Gran Encuesta Integrada de Hogares - GEIH - 2014,Mercado Laboral.,MERCLAB-Microdatos,Dirección de Metodología y Producción Estadística - DIMPE,Colombia,direct,2014,2014,2015-02-24T16:45:56+00:00,2020-04-24T21:32:52+00:00,666426,54871,https://microdatos.dane.gov.co/index.php/catalog/328,https://microdatos.dane.gov.co/index.php/api/catalog/328
205,microdatos.dane.gov.co,DANE-DIMPE-GEIH-2010,Gran Encuesta Integrada de Hogares - GEIH - 2010,Mercado Laboral.,MERCLAB-Microdatos,Dirección de Metodología y Producción Estadística - DIMPE,Colombia,direct,2010,2010,2014-05-23T21:12:23+00:00,2020-03-26T22:03:14+00:00,706522,52206,https://microdatos.dane.gov.co/index.php/catalog/205,https://microdatos.dane.gov.co/index.php/api/catalog/205
607,microdatos.dane.gov.co,DANE-DIMPE-ECV-2018,Encuesta Nacional de Calidad de Vida - ECV 2018,Pobreza y condiciones de vida.,POBCONVID,Dirección de Metodología y Producción Estadística - DIMPE,Colombia,direct,2018,2018,2019-04-30T19:22:39+00:00,2024-05-16T16:39:37+00:00,485151,48115,https://microdatos.dane.gov.co/index.php/catalog/607,https://microdatos.dane.gov.co/index.php/api/catalog/607
77,microdatos.dane.gov.co,DANE-DIMPE-GEIH-2012,Gran Encuesta Integrada de Hogares - GEIH - 2012,Mercado Laboral.,MERCLAB-Microdatos,Dirección de Metodología y Producción Estadística - DIMPE,Colombia,direct,2012,2012,2014-03-11T15:02:20+00:00,2020-04-15T19:42:38+00:00,710340,47093,https://microdatos.dane.gov.co/index.php/catalog/77,https://microdatos.dane.gov.co/index.php/api/catalog/77
285,microdatos.dane.gov.co,INS-GCA-IRCA-2007-2013,Indice de Riesgo de la Calidad del Agua para Consumo Humano - IRCA 2007-2013,,CAT_MET_INST_NAC_SALUD,"[""Gerardo Nava Tovar - Grupo Calidad de Agua - INS""]",COLOMBIA,data_na,2007,2013,2014-10-20T20:36:33+00:00,2014-10-20T20:36:33+00:00,71800,46678,https://microdatos.dane.gov.co/index.php/catalog/285,https://microdatos.dane.gov.co/index.php/api/catalog/285
113,microdatos.dane.gov.co,DANE-DCD-CENSO-1993,XVI Censo Nacional de Población y V de Vivienda - 1993,Microdatos - DANE,MICRODATOS,Dirección de Censos y Demográfia - DCD,Colombia,direct,1993,1993,2014-03-18T13:29:33+00:00,2025-05-13T14:32:46+00:00,436200,45947,https://microdatos.dane.gov.co/index.php/catalog/113,https://microdatos.dane.gov.co/index.php/api/catalog/113
565,microdatos.dane.gov.co,DANE-DIMPE-EM-2017,Encuesta Multipropósito - EM 2017,Pobreza y condiciones de vida.,POBCONVID,Dirección de Metodología y Producción Estadística - DIMPE,Colombia,direct,2017,2018,2018-07-18T13:31:51+00:00,2022-07-14T15:46:49+00:00,834301,44931,https://microdatos.dane.gov.co/index.php/catalog/565,https://microdatos.dane.gov.co/index.php/api/catalog/565
734,microdatos.dane.gov.co,DANE-DIMPE-ECV-2021,Encuesta Nacional de Calidad de Vida - ECV 2021,Pobreza y condiciones de vida.,POBCONVID,Dirección de Metodología y Producción Estadística - DIMPE,Colombia,direct,2021,2021,2022-04-28T20:52:14+00:00,2024-05-16T16:46:24+00:00,328848,44289,https://microdatos.dane.gov.co/index.php/catalog/734,https://microdatos.dane.gov.co/index.php/api/catalog/734
182,microdatos.dane.gov.co,DANE-DIMPE-GEIH-2011,Gran Encuesta Integrada de Hogares - GEIH - 2011,Mercado Laboral.,MERCLAB-Microdatos,Dirección de Metodología y Producción Estadística - DIMPE,Colombia,direct,2011,2011,2014-04-04T14:35:30+00:00,2020-03-12T15:54:34+00:00,995890,43187,https://microdatos.dane.gov.co/index.php/catalog/182,https://microdatos.dane.gov.co/index.php/api/catalog/182
853,microdatos.dane.gov.co,DANE-DIMPE-GEIH-2025,Gran Encuesta Integrada de Hogares - GEIH - 2025,Mercado Laboral.,MERCLAB-Microdatos,Dirección de Metodología y Producción Estadística - DIMPE,Colombia,direct,2025,2025,2025-03-12T14:39:01+00:00,2026-07-14T21:37:53+00:00,336757,40110,https://microdatos.dane.gov.co/index.php/catalog/853,https://microdatos.dane.gov.co/index.php/api/catalog/853
827,microdatos.dane.gov.co,DANE-DIMPE-ECV-2023,Encuesta Nacional de Calidad de Vida - ECV 2023,Pobreza y condiciones de vida.,POBCONVID,"Departamento Administrativo Nacional de Estadística - DANE , Dirección de Metodología y Producción Estadística - DIMPE",Colombia,direct,0,0,2024-04-27T00:43:35+00:00,2024-07-10T14:31:48+00:00,383131,39800,https://microdatos.dane.gov.co/index.php/catalog/827,https://microdatos.dane.gov.co/index.php/api/catalog/827
207,microdatos.dane.gov.co,DANE-DIMPE-GEIH-2009,Gran Encuesta Integrada de Hogares - GEIH - 2009,Mercado Laboral.,MERCLAB-Microdatos,Dirección de Metodología y Producción Estadística - DIMPE,Colombia,direct,2009,2009,2014-05-23T22:43:57+00:00,2020-04-06T15:51:38+00:00,2030654,39778,https://microdatos.dane.gov.co/index.php/catalog/207,https://microdatos.dane.gov.co/index.php/api/catalog/207
696,microdatos.dane.gov.co,DANE-DCD-EEVV-2019,Estadísticas Vitales - EEVV -  2019,Demografía y población.,DEM-Microdatos,Dirección de Censos y Demografía - DCD,Colombia,direct,2019,2020,2021-01-20T21:18:17+00:00,2022-08-16T19:47:18+00:00,158190,39388,https://microdatos.dane.gov.co/index.php/catalog/696,https://microdatos.dane.gov.co/index.php/api/catalog/696
566,microdatos.dane.gov.co,DANE-DIMPE-ENPH-2016-2017,Encuesta Nacional de Presupuestos de los Hogares - ENPH- Julio 2016 - Julio 2017,Pobreza y condiciones de vida.,POBCONVID,Dirección de Metodología y Producción Estadística - DIMPE,Colombia,direct,2016,2017,2018-08-03T15:54:47+00:00,2020-03-25T12:35:50+00:00,502232,38989,https://microdatos.dane.gov.co/index.php/catalog/566,https://microdatos.dane.gov.co/index.php/api/catalog/566
681,microdatos.dane.gov.co,DANE-DIMPE-EMICRON-2019,Encuesta de Micronegocios- 2019,Comercio interno.,CII-Microdatos,Dirección de Metodología y Producción Estadística - DIMPE,Colombia,direct,0,0,2020-08-21T05:42:03+00:00,2024-07-02T21:53:45+00:00,211976,38744,https://microdatos.dane.gov.co/index.php/catalog/681,https://microdatos.dane.gov.co/index.php/api/catalog/681
544,microdatos.dane.gov.co,DANE-DIMPE-ECV-2017,Encuesta Nacional de Calidad de Vida - ECV 2017,Pobreza y condiciones de vida.,POBCONVID,Dirección de Metodología y Producción Estadística - DIMPE,Colombia,direct,2017,2017,2018-03-21T21:11:20+00:00,2022-01-27T22:28:11+00:00,524780,38280,https://microdatos.dane.gov.co/index.php/catalog/544,https://microdatos.dane.gov.co/index.php/api/catalog/544
342,microdatos.dane.gov.co,DANE-DIMPE-ENCV-2014,Encuesta Nacional de Calidad de Vida - ENCV 2014,Pobreza y condiciones de vida.,POBCONVID,Dirección de Metodología y Producción Estadística - DIMPE,Colombia,direct,2014,2014,2015-05-07T21:16:57+00:00,2022-01-27T22:23:13+00:00,673402,37875,https://microdatos.dane.gov.co/index.php/catalog/342,https://microdatos.dane.gov.co/index.php/api/catalog/342
718,microdatos.dane.gov.co,DANE-DIMPE-ECV-2020,Encuesta Nacional de Calidad de Vida - ECV 2020,Pobreza y condiciones de vida.,POBCONVID,Dirección de Metodología y Producción Estadística - DIMPE,Colombia,direct,2020,2020,2021-09-02T23:46:37+00:00,2024-05-16T16:44:43+00:00,299055,37495,https://microdatos.dane.gov.co/index.php/catalog/718,https://microdatos.dane.gov.co/index.php/api/catalog/718
683,microdatos.dane.gov.co,DANE-DIMPE-EAI-2018,Encuesta Ambiental Industrial - EAI - 2018,Industria.,Ind-Microdatos,Dirección de Metodología y Producción Estadística - DIMPE,Colombia,direct,2019,2019,2020-09-25T22:01:54+00:00,2020-09-25T22:06:29+00:00,132040,36735,https://microdatos.dane.gov.co/index.php/catalog/683,https://microdatos.dane.gov.co/index.php/api/catalog/683
38,microdatos.dane.gov.co,DANE-DIMPE-MMCM-2009-2010-2011-2012,Muestra Mensual de Comercio al por Menor - MMCM - 2009 - 2010 - 2011- 2012,Metadatos - DANE,METADATOS,Dirección de Metodología y Producción Estadística - DIMPE,Colombia,data_na,2009,2010,2014-03-04T16:49:39+00:00,2014-03-04T16:49:39+00:00,210933,36695,https://microdatos.dane.gov.co/index.php/catalog/38,https://microdatos.dane.gov.co/index.php/api/catalog/38
679,microdatos.dane.gov.co,DANE-DIMPE-POBREZA-MULTIDIMENSIONAL-2019,Indice de Pobreza Multidimensional - IPM- 2020,Pobreza y condiciones de vida.,POBCONVID,"Departamento Administrativo Nacional de Estadística, ",Colombia,direct,0,0,2020-07-14T20:23:15+00:00,2023-12-29T20:58:55+00:00,118745,35998,https://microdatos.dane.gov.co/index.php/catalog/679,https://microdatos.dane.gov.co/index.php/api/catalog/679
186,microdatos.dane.gov.co,DANE-DIMPE- ECV-2003,Encuesta de Calidad de Vida - ECV 2003,Pobreza y condiciones de vida.,POBCONVID,Dirección de Metodología y Producción Estadística - DIMPE,Colombia,direct,2003,2003,2014-04-09T19:54:57+00:00,2017-09-25T15:17:28+00:00,466315,34394,https://microdatos.dane.gov.co/index.php/catalog/186,https://microdatos.dane.gov.co/index.php/api/catalog/186
797,microdatos.dane.gov.co,DANE-DIMPE-EGIT-2023,Encuesta de Gasto Interno en Turismo - EGIT -  2023,Servicios.,SER-Microdatos,Dirección de Metodología y Producción Estadística - DIMPE,Colombia,direct,0,0,2023-06-28T19:08:45+00:00,2024-04-04T15:47:06+00:00,65918,32771,https://microdatos.dane.gov.co/index.php/catalog/797,https://microdatos.dane.gov.co/index.php/api/catalog/797
219,microdatos.dane.gov.co,DANE-DIMPE-ECH-2004,Encuesta Continua de Hogares - ECH - 2004,Mercado Laboral.,MERCLAB-Microdatos,Dirección de Metodología y Producción Estadística - DIMPE,Colombia,direct,2004,2004,2014-05-26T22:01:55+00:00,2017-09-25T15:11:58+00:00,906219,31963,https://microdatos.dane.gov.co/index.php/catalog/219,https://microdatos.dane.gov.co/index.php/api/catalog/219
793,microdatos.dane.gov.co,DANE-DIMPE-ECV-2022,Encuesta Nacional de Calidad de Vida - ECV 2022,Pobreza y condiciones de vida.,POBCONVID,Dirección de Metodología y Producción Estadística - DIMPE,Colombia,direct,0,0,2023-05-23T15:49:22+00:00,2024-05-16T16:48:00+00:00,387443,30695,https://microdatos.dane.gov.co/index.php/catalog/793,https://microdatos.dane.gov.co/index.php/api/catalog/793
366,microdatos.dane.gov.co,DANE-DCD-EEVV-1998-2007,Estadìsticas Vitales  - EEVV - 1998 -2007,Demografía y población.,DEM-Microdatos,Dirección de Censos y Demografía - DCD,Colombia,direct,1998,2007,2015-08-03T19:22:55+00:00,2017-09-25T14:53:36+00:00,731924,30177,https://microdatos.dane.gov.co/index.php/catalog/366,https://microdatos.dane.gov.co/index.php/api/catalog/366
543,microdatos.dane.gov.co,DANE-DIMPE-ZF-2018-2025,ZONAS FRANCAS - ZF - 2018 - 2025,Comercio internacional.,CI-Microdatos,Dirección de Metodología y Producción Estadística - DIMPE-,Colombia,direct,2018,2025,2018-03-21T20:54:22+00:00,2026-07-24T04:48:19+00:00,157444,29346,https://microdatos.dane.gov.co/index.php/catalog/543,https://microdatos.dane.gov.co/index.php/api/catalog/543
397,microdatos.dane.gov.co,DANE-DCD-EEVV-1992-1996,Estadìsticas Vitales  - EEVV - 1992 -1996,Demografía y población.,DEM-Microdatos,Dirección de Censos y Demografía - DCD,Colombia,direct,1992,1996,2016-03-11T13:37:36+00:00,2017-09-25T14:52:27+00:00,68466,28332,https://microdatos.dane.gov.co/index.php/catalog/397,https://microdatos.dane.gov.co/index.php/api/catalog/397
487,microdatos.dane.gov.co,DANE-DIMPE-EAS-2009-2010-1,Encuesta Anual de Servicios  - EAS - 2009 - 2010,Servicios.,SER-Microdatos,Dirección de de Metodología y Producción Estadística -DIMPE-,Colombia,direct,2010,2011,2017-08-04T21:26:32+00:00,2018-09-27T21:39:51+00:00,150303,28130,https://microdatos.dane.gov.co/index.php/catalog/487,https://microdatos.dane.gov.co/index.php/api/catalog/487
39,microdatos.dane.gov.co,DANE - DIMPE- MICRO- 2008 - 2009 - 2010 - 2011,Encuesta de Microestablecimientos - MICRO - 2008 - 2009 - 2010 - 2011,Industria,Ind-Metadatos,Dirección de Metodología y Producción Estadística - DIMPE,Colombia,data_na,2008,2011,2014-03-04T17:02:54+00:00,2014-07-14T21:58:22+00:00,141890,28014,https://microdatos.dane.gov.co/index.php/catalog/39,https://microdatos.dane.gov.co/index.php/api/catalog/39
456,microdatos.dane.gov.co,DANE-DIMPE-ECV-2016,Encuesta Nacional de Calidad de Vida - ECV 2016,Pobreza y condiciones de vida.,POBCONVID,Dirección de Metodología y Producción Estadística - DIMPE,Colombia,direct,2016,2016,2017-03-22T21:44:27+00:00,2022-01-27T22:25:14+00:00,495088,28011,https://microdatos.dane.gov.co/index.php/catalog/456,https://microdatos.dane.gov.co/index.php/api/catalog/456
365,microdatos.dane.gov.co,DANE-DIMPE-EM-2014,Encuesta Multipropósito - EM- 2014,Pobreza y condiciones de vida.,POBCONVID,Dirección de Metodología y Producción Estadística - DIMPE,Colombia,direct,2014,2014,2015-07-30T20:55:07+00:00,2022-07-14T15:41:37+00:00,1838577,27765,https://microdatos.dane.gov.co/index.php/catalog/365,https://microdatos.dane.gov.co/index.php/api/catalog/365
716,microdatos.dane.gov.co,DANE-DIMPE-GEIH-2015-11,GEIH - 2015 - Ciudades Intermedias (Buenaventura),Mercado Laboral.,MERCLAB-Microdatos,"Dirección de Metodología y Producción Estadística - DIMPE, La información de la base de datos de Buenaventura corresponde al periodo : abril - diciembre 2015.",Colombia,direct,2015,2015,2021-07-10T00:16:01+00:00,2021-07-10T00:20:39+00:00,78523,27212,https://microdatos.dane.gov.co/index.php/catalog/716,https://microdatos.dane.gov.co/index.php/api/catalog/716
651,microdatos.dane.gov.co,DANE-DIMPE-EDIT-INDUSTRIA-IX-2017-2018,Encuesta de Desarrollo e Innovación Tecnológica - EDIT - Industria - 2017 - 2018,Tecnología e innovación.,TECINNO-Microdatos,Dirección de Metodología y Producción Estadística - DIMPE,Colombia,direct,2019,2019,2020-01-08T15:48:44+00:00,2020-02-14T19:08:03+00:00,226530,26856,https://microdatos.dane.gov.co/index.php/catalog/651,https://microdatos.dane.gov.co/index.php/api/catalog/651
204,microdatos.dane.gov.co,DANE-DIMPE-ENIG-2006_2007,Encuesta Nacional de Ingresos y Gastos - ENIG- 2006-2007,Pobreza y condiciones de vida.,POBCONVID,Dirección de Metodología y Producción Estadística - DIMPE,Colombia,direct,2006,2007,2014-05-23T19:41:05+00:00,2024-02-12T23:58:55+00:00,653923,26658,https://microdatos.dane.gov.co/index.php/catalog/204,https://microdatos.dane.gov.co/index.php/api/catalog/204
652,microdatos.dane.gov.co,DANE-DCD-EEVV-2008-2018,Estadísticas Vitales - EEVV 2017 - 2018,Demografía y población.,DEM-Microdatos,Dirección de Censos y Demografía - DCD,Colombia,direct,2017,2018,2020-01-24T14:38:53+00:00,2022-08-16T19:14:54+00:00,316927,26503,https://microdatos.dane.gov.co/index.php/catalog/652,https://microdatos.dane.gov.co/index.php/api/catalog/652
780,microdatos.dane.gov.co,DANE-DIMPE-GEIH-2020,Gran Encuesta Integrada de Hogares - GEIH - 2020,Mercado Laboral.,MERCLAB-Microdatos,Dirección de Metodología y Producción Estadística - DIMPE,Colombia,direct,2020,2020,2023-02-03T23:44:09+00:00,2023-05-17T23:03:26+00:00,228444,26366,https://microdatos.dane.gov.co/index.php/catalog/780,https://microdatos.dane.gov.co/index.php/api/catalog/780
25,microdatos.dane.gov.co,DANE-DIMPE-ENA-2011-2012,Encuesta Nacional Agropecuaria - ENA - 2011-2012,Metadatos - DANE,METADATOS,Dirección de Metodología y Producción Estadística - DIMPE,Colombia,data_na,2011,2012,2014-02-13T20:54:35+00:00,2014-07-14T21:57:43+00:00,259164,26217,https://microdatos.dane.gov.co/index.php/catalog/25,https://microdatos.dane.gov.co/index.php/api/catalog/25
331,microdatos.dane.gov.co,SuperSociedades-GAD-OELQJ-2007-2014,"Estadísticas del Proceso de Liquidación Judicial -  OEPLQJ 2007 - 2014, Proceso de Liquidación Judicial - Presentación Mensual",,CAT_MET_SUPERINTENDENCIA_DE_SOCIEDADES,"Superintendencia de Sociedades, ",Colombia,data_na,2007,2014,2015-03-24T21:37:24+00:00,2015-03-24T21:37:24+00:00,34309,25679,https://microdatos.dane.gov.co/index.php/catalog/331,https://microdatos.dane.gov.co/index.php/api/catalog/331
680,microdatos.dane.gov.co,DANE-DIMPE-ENCSPA-2019,Encuesta Nacional de Consumo de Sustancias Psicoactivas en Población General - ENCSPA- 2019,Salud.,SAL-Microdatos,Departamento Administrativo Nacional de Estadística -DANE-,Colombia,direct,2019,2019,2020-07-30T05:31:40+00:00,2020-07-30T19:03:56+00:00,387639,25090,https://microdatos.dane.gov.co/index.php/catalog/680,https://microdatos.dane.gov.co/index.php/api/catalog/680
43,microdatos.dane.gov.co,DANE-DIMPE-IPP-2010 - 2011-2012,Índice de Precios del Productor - IPP - 2010 - 2011-2012-2013,Metadatos - DANE,METADATOS,Dirección de Metodología y Producción Estadística - DIMPE-,Colombia,data_na,2010,2013,2014-03-04T19:34:22+00:00,2014-03-04T19:34:22+00:00,53666,24297,https://microdatos.dane.gov.co/index.php/catalog/43,https://microdatos.dane.gov.co/index.php/api/catalog/43
36,microdatos.dane.gov.co,DANE-DIRPEN-MMM-2013,Muestra Mensual Manufacturera - MMM - 2013,Metadatos - DANE,METADATOS,Dirección de Metodología y Producción Estadística - DIMPE,Colombia,data_na,2013,2013,2014-03-04T16:16:38+00:00,2014-03-04T16:16:38+00:00,153422,24185,https://microdatos.dane.gov.co/index.php/catalog/36,https://microdatos.dane.gov.co/index.php/api/catalog/36
804,microdatos.dane.gov.co,DANE-POBREZA-MONETARIA-Y-DESIGUALDAD-2022,Medición de Pobreza Monetaria y Desigualdad 2022,Pobreza y condiciones de vida.,POBCONVID,Las bases de datos del año 2019 corresponden a la actualización metodológica de pobreza monetaria y no son comparables con publicaciones anteriores desarrolladas a partir de la metodología MESEP.,Colombia,direct,2022,2022,2023-09-22T20:12:16+00:00,2023-12-05T21:45:30+00:00,84131,23466,https://microdatos.dane.gov.co/index.php/catalog/804,https://microdatos.dane.gov.co/index.php/api/catalog/804
388,microdatos.dane.gov.co,ANI-PLANEACION-CARRETERO-2013,Trafico y Recaudo del Modo Carretero - 2013,,CAT_ANI,Agencia Nacional de Infraestructura,Colombia,data_na,2013,2013,2016-01-05T14:55:04+00:00,2016-01-05T14:55:04+00:00,45997,23438,https://microdatos.dane.gov.co/index.php/catalog/388,https://microdatos.dane.gov.co/index.php/api/catalog/388
375,microdatos.dane.gov.co,DANE-DCD-EEVV-2008-2011,Estadísticas Vitales - EEVV - 2008-2011,Demografía y población.,DEM-Microdatos,Dirección de Censos y Demografía - DCD,Colombia,direct,2008,2011,2015-10-09T19:30:44+00:00,2022-08-09T19:43:22+00:00,391730,22783,https://microdatos.dane.gov.co/index.php/catalog/375,https://microdatos.dane.gov.co/index.php/api/catalog/375
214,microdatos.dane.gov.co,DANE-DIRPEN-ENUT-2012,Encuesta Nacional de Uso del Tiempo - ENUT- 2012 - 2013,Pobreza y condiciones de vida.,POBCONVID,Dirección de Metodología y Producción Estadística - DIMPE,Colombia,direct,2012,2013,2014-05-26T19:23:10+00:00,2017-09-25T15:12:30+00:00,460664,21874,https://microdatos.dane.gov.co/index.php/catalog/214,https://microdatos.dane.gov.co/index.php/api/catalog/214
317,microdatos.dane.gov.co,DANE-DIMPE-GEIH-2007-IV-TRIMESTRE,Gran Encuesta Integrada de Hogares - GEIH 2007,Mercado Laboral.,MERCLAB-Microdatos,Dirección de Metodología y Producción Estadística - DIMPE,Colombia,direct,2007,2007,2015-01-19T14:48:23+00:00,2022-02-02T16:24:09+00:00,597378,21586,https://microdatos.dane.gov.co/index.php/catalog/317,https://microdatos.dane.gov.co/index.php/api/catalog/317
315,microdatos.dane.gov.co,DANE-DIMPE-ENA-2013,Encuesta Nacional Agropecuaria - ENA - 2013,Metadatos - DANE,METADATOS,Dirección de Metodología y Producción Estadística - DIMPE,Colombia,data_na,2013,2013,2015-01-09T14:41:46+00:00,2015-01-09T14:41:46+00:00,249325,21156,https://microdatos.dane.gov.co/index.php/catalog/315,https://microdatos.dane.gov.co/index.php/api/catalog/315
175,microdatos.dane.gov.co,DANE-DIRPEN-EDI-2009,Encuesta sobre Ambiente y Desempeño Institucional - EDI - 2009,Metadatos - DANE,METADATOS,"Dirección de Regulación, Planeación, Estandarización y Normalización - DIRPEN",Colombia,data_na,2009,2009,2014-04-02T19:56:47+00:00,2014-04-02T19:56:47+00:00,272637,21019,https://microdatos.dane.gov.co/index.php/catalog/175,https://microdatos.dane.gov.co/index.php/api/catalog/175
419,microdatos.dane.gov.co,DANE-DIMPE-ECV-2015,Encuesta Nacional de Calidad de Vida - ECV 2015,Pobreza y condiciones de vida.,POBCONVID,Dirección de Metodología y Producción Estadística - DIMPE,Colombia,direct,2015,2015,2016-08-09T15:28:03+00:00,2022-01-27T22:24:18+00:00,440075,20884,https://microdatos.dane.gov.co/index.php/catalog/419,https://microdatos.dane.gov.co/index.php/api/catalog/419
117,microdatos.dane.gov.co,DANE- DCD-CENSO-1973,Censo Nacional de Población y Vivienda 1973,Metadatos - DANE,METADATOS,Dirección de Censos y Demografía - DCD,Colombia,data_na,1973,1973,2014-03-18T15:59:51+00:00,2014-03-18T15:59:51+00:00,363171,20872,https://microdatos.dane.gov.co/index.php/catalog/117,https://microdatos.dane.gov.co/index.php/api/catalog/117
641,microdatos.dane.gov.co,DANE-DIMPE-MIGRACION-GEIH-2019,Módulo de Migración - GEIH - 2019,Mercado Laboral.,MERCLAB-Microdatos,Dirección de Metodología y Producción Estadística - DIMPE,Colombia,direct,2019,2019,2019-08-26T15:37:15+00:00,2020-02-10T16:04:37+00:00,41042,20837,https://microdatos.dane.gov.co/index.php/catalog/641,https://microdatos.dane.gov.co/index.php/api/catalog/641
482,microdatos.dane.gov.co,DANE-DIMPE-EAC-2012-1,Encuesta Anual de Comercio - EAC - 2012,Comercio interno.,CII-Microdatos,Dirección de Metodología y Producción Estadística - DIMPE,Colombia,direct,2012,2012,2017-08-03T18:55:06+00:00,2018-09-18T21:20:15+00:00,64396,20807,https://microdatos.dane.gov.co/index.php/catalog/482,https://microdatos.dane.gov.co/index.php/api/catalog/482
173,microdatos.dane.gov.co,DANE-DIRPEN-ECC-2009,Encuesta Consumo  Cultural - ECC - 2009,Metadatos - DANE,METADATOS,"Dirección de Regulación, Planeación, Estandarización y Normalización - DIRPEN",Colombia,data_na,2009,2009,2014-04-02T16:51:31+00:00,2014-04-02T16:51:31+00:00,576508,20425,https://microdatos.dane.gov.co/index.php/catalog/173,https://microdatos.dane.gov.co/index.php/api/catalog/173
201,microdatos.dane.gov.co,DANE-DIRPEN-ENCV-2010,Encuesta Nacional de Calidad de Vida - ENCV 2010,Pobreza y condiciones de vida.,POBCONVID,Dirección de Metodología y Producción Estadística - DIMPE,Colombia,direct,2010,2010,2014-05-23T16:29:51+00:00,2021-09-02T15:42:37+00:00,707224,20407,https://microdatos.dane.gov.co/index.php/catalog/201,https://microdatos.dane.gov.co/index.php/api/catalog/201
451,microdatos.dane.gov.co,DANE-DIMPE-ECSC-2016,Encuesta de Convivencia y Seguridad Ciudadana - ECSC - 2016,Seguridad y defensa.,SEGDEF-Microdatos,Departamento Administrativo Nacional de Estadística,Colombia,direct,2017,2017,2017-03-15T19:44:59+00:00,2019-11-29T21:25:50+00:00,250182,19949,https://microdatos.dane.gov.co/index.php/catalog/451,https://microdatos.dane.gov.co/index.php/api/catalog/451
519,microdatos.dane.gov.co,DANE-DCD-EEVV-2016,Estadísticas Vitales - EEVV - 2016,Demografía y población.,DEM-Microdatos,Dirección de Censos y Demografía - DCD,Colombia,direct,2016,2016,2018-01-25T19:46:17+00:00,2022-08-16T21:09:23+00:00,153411,19705,https://microdatos.dane.gov.co/index.php/catalog/519,https://microdatos.dane.gov.co/index.php/api/catalog/519
196,microdatos.dane.gov.co,DANE-DIRPEN-ENCV-2011,Encuesta Nacional de Calidad de Vida - ENCV 2011,Pobreza y condiciones de vida.,POBCONVID,Dirección de Metodología y Producción Estadística - DIMPE,Colombia,direct,2011,2011,2014-05-22T15:03:36+00:00,2022-01-27T22:20:55+00:00,750206,19694,https://microdatos.dane.gov.co/index.php/catalog/196,https://microdatos.dane.gov.co/index.php/api/catalog/196
213,microdatos.dane.gov.co,DANE-DIMPE-ENCV-2013,Encuesta Nacional de Calidad de Vida - ENCV 2013,Pobreza y condiciones de vida.,POBCONVID,Dirección de Metodología y Producción Estadística - DIMPE,Colombia,direct,2013,2013,2014-05-26T19:11:54+00:00,2022-01-27T22:22:30+00:00,424211,19663,https://microdatos.dane.gov.co/index.php/catalog/213,https://microdatos.dane.gov.co/index.php/api/catalog/213
32,microdatos.dane.gov.co,DANE-DIRPEN-CAU-2005-2007,"Censo del Arbolado Urbano Bogotá D.C, - CAU 2005 - 2007, FASES I - IV SEPTIEMBRE 2005  SEPTIEMBRE 2007",Ambientales.,Amb-Microdatos,"Dirección de Regulación, Planeación, Estandarización y Normalización Estadística - DIRPEN",Colombia,direct,2005,2007,2014-03-04T15:05:27+00:00,2017-09-25T15:20:39+00:00,222465,19403,https://microdatos.dane.gov.co/index.php/catalog/32,https://microdatos.dane.gov.co/index.php/api/catalog/32
24,microdatos.dane.gov.co,DANE-DIMPE-ELIC-2009-2010-2011,Estadísticas de Edificación Licencias de Construcción - ELIC - 2009 - 2010 - 2011,Metadatos - DANE,METADATOS,Dirección de Metodologia y Producción Estadística -DIMPE,Colombia,data_na,2009,2011,2014-02-13T19:51:14+00:00,2014-02-13T19:51:14+00:00,104613,19132,https://microdatos.dane.gov.co/index.php/catalog/24,https://microdatos.dane.gov.co/index.php/api/catalog/24
752,microdatos.dane.gov.co,DANE-DIMPE-EDUCACIÓN-FORMAL-2021,Educación Formal 2021,Educación.,EDU-Microdatos,Educación Formal,Colombia,direct,2021,2021,2022-10-04T00:28:47+00:00,2022-11-10T20:50:37+00:00,155278,19040,https://microdatos.dane.gov.co/index.php/catalog/752,https://microdatos.dane.gov.co/index.php/api/catalog/752
669,microdatos.dane.gov.co,DANE-DIMPE-EDUCACIÓN-FORMAL-2019,Educación Formal - 2019,Educación.,EDU-Microdatos,Dirección de Metodología y Producción Estadística - DIMPE,Colombia,direct,2019,2019,2020-06-03T23:49:15+00:00,2022-01-11T00:02:09+00:00,265029,18741,https://microdatos.dane.gov.co/index.php/catalog/669,https://microdatos.dane.gov.co/index.php/api/catalog/669
786,microdatos.dane.gov.co,DANE-DIMPE-EDUCACIÓN-FORMAL-2017,Educación Formal - 2017,Educación.,EDU-Microdatos,Educación Formal,Colombia,direct,2017,2017,2023-03-30T22:24:15+00:00,2023-12-22T15:03:44+00:00,97050,18579,https://microdatos.dane.gov.co/index.php/catalog/786,https://microdatos.dane.gov.co/index.php/api/catalog/786
87,microdatos.dane.gov.co,DANE-DIMPE- IPC - 2008,Índice de Precios al Consumidor - IPC - 2008.,Metadatos - DANE,METADATOS,Dirección de Metodología y Producción Estadistica - DIMPE -,Colombia,data_na,2008,2008,2014-03-13T21:02:16+00:00,2014-03-13T21:02:16+00:00,191759,18476,https://microdatos.dane.gov.co/index.php/catalog/87,https://microdatos.dane.gov.co/index.php/api/catalog/87
729,microdatos.dane.gov.co,DANE-DIMPE-ENUT-2020-2021,Encuesta Nacional de Uso del Tiempo -  ENUT - 2020-2021,Pobreza y condiciones de vida.,POBCONVID,Dirección de Metodología y Producción Estadística - DIMPE,Colombia,direct,2020,2021,2022-03-24T03:36:29+00:00,2022-07-19T18:24:27+00:00,273220,18299,https://microdatos.dane.gov.co/index.php/catalog/729,https://microdatos.dane.gov.co/index.php/api/catalog/729
75,microdatos.dane.gov.co,DANE-DIMPE-ECH-2002,Encuesta Continua de Hogares - ECH - 2002,Mercado Laboral.,MERCLAB-Microdatos,Dirección de de Metodología y Producción Estadística - DIMPE-,Colombia,direct,2002,2002,2014-03-10T22:03:28+00:00,2017-09-25T15:19:37+00:00,1007549,18068,https://microdatos.dane.gov.co/index.php/catalog/75,https://microdatos.dane.gov.co/index.php/api/catalog/75
749,microdatos.dane.gov.co,DANE-DIMPE-ENA-2019,Encuesta Nacional Agropecuaria - ENA - 2019,Agropecuario.,Agrop-Microdatos,Dirección de Metodología y Producción Estadística - DIMPE,Colombia,direct,2019,2019,2022-08-20T03:53:07+00:00,2024-09-24T21:27:47+00:00,227975,17851,https://microdatos.dane.gov.co/index.php/catalog/749,https://microdatos.dane.gov.co/index.php/api/catalog/749
606,microdatos.dane.gov.co,DANE-DIMPE-POBREZA-MULTIDIMENSIONAL-2018,Indice de Pobreza Multidimensional - IPM- 2018,Pobreza y condiciones de vida.,POBCONVID,"Departamento Administrativo Nacional de Estadística, “Apreciado usuario, la diferencia de las bases de datos nacionales y departamentales radica en que la base nacional excluye el dominio rural de la región Orinoquia-Amazonia. Por esta razón, para replicar las cifras para los dominios total",Colombia,direct,0,0,2019-04-29T21:14:14+00:00,2023-12-29T20:42:45+00:00,155396,17728,https://microdatos.dane.gov.co/index.php/catalog/606,https://microdatos.dane.gov.co/index.php/api/catalog/606
548,microdatos.dane.gov.co,DANE-DCD-CHC-2017,"Censo de Habitantes de Calle - CHC- 2017 - Bogotá, D.C.",Demografía y población.,DEM-Microdatos,Departamento Administrativo Nacional de Estadística - DANE,Colombia,direct,2017,2017,2018-04-03T19:34:00+00:00,2019-01-03T20:15:26+00:00,182572,17343,https://microdatos.dane.gov.co/index.php/catalog/548,https://microdatos.dane.gov.co/index.php/api/catalog/548
720,microdatos.dane.gov.co,DANE-DCD-CHC-2021,Censo de Habitantes de Calle - CHC- 2021,Demografía y población.,DEM-Microdatos,Departamento Administrativo Nacional de Estadística - DANE,Colombia,direct,0,0,2021-12-10T23:40:00+00:00,2022-06-09T19:15:42+00:00,157091,17040,https://microdatos.dane.gov.co/index.php/catalog/720,https://microdatos.dane.gov.co/index.php/api/catalog/720
633,microdatos.dane.gov.co,DANE-DIMPE-GEIH-II-SEMESTRE-2018,Gran Encuesta Integrada de Hogares - GEIH - 2018 - San Andrés (II Semestre),Mercado Laboral.,MERCLAB-Microdatos,Dirección de Metodología y Producción Estadística - DIMPE,Colombia,direct,2018,2018,2019-08-23T19:59:06+00:00,2019-08-26T15:15:24+00:00,111817,16965,https://microdatos.dane.gov.co/index.php/catalog/633,https://microdatos.dane.gov.co/index.php/api/catalog/633
401,microdatos.dane.gov.co,DANE-DIMPE-EDI-2014-ENTIDAD,Encuesta Sobre Ambiente y Desempeño Institucional Nacional  - EDI - 2014 (ENTIDAD),Gobierno.,GOB-Microdatos,Departamento Administrativo Nacional de Estadística - DANE - Dirección de Metodología y Producción Estadística - DIMPE,Colombia,direct,2014,2014,2016-04-12T13:54:52+00:00,2017-10-19T20:57:58+00:00,185010,16935,https://microdatos.dane.gov.co/index.php/catalog/401,https://microdatos.dane.gov.co/index.php/api/catalog/401
189,microdatos.dane.gov.co,DANE-DIMPE-EMB-2011,Encuesta Multipropósito para Bogotá Distrito Capital - EMB - 2011,Pobreza y condiciones de vida.,POBCONVID,"Departamento Administrativo Nacional de Estadística DANE, Secretaria Distrital de Planeación de Bogotá SDP",Colombia,direct,2011,2011,2014-05-08T21:08:26+00:00,2017-09-25T14:58:32+00:00,1596847,16634,https://microdatos.dane.gov.co/index.php/catalog/189,https://microdatos.dane.gov.co/index.php/api/catalog/189
661,microdatos.dane.gov.co,DANE-DIMPE-GEIH-CIIU-4-AC-2015-2019,Gran Encuesta Integrada de Hogares - GEIH - CIIU 4  a.c. - 2015 - 2019,Mercado Laboral.,MERCLAB-Microdatos,Dirección de Metodología y Producción Estadística - DIMPE,Colombia,direct,2015,2019,2020-03-16T18:02:26+00:00,2020-03-16T18:08:31+00:00,66308,15797,https://microdatos.dane.gov.co/index.php/catalog/661,https://microdatos.dane.gov.co/index.php/api/catalog/661
116,microdatos.dane.gov.co,DANE-DIMPE-ECH-2006,Encuesta Continua de Hogares  - ECH - 2006 (TRIMESTRES I Y II),Mercado Laboral.,MERCLAB-Microdatos,Dirección de Metodología y Producción Estadística - DIMPE,Colombia,direct,2006,2006,2014-03-18T15:23:32+00:00,2017-09-25T15:18:49+00:00,691370,15760,https://microdatos.dane.gov.co/index.php/catalog/116,https://microdatos.dane.gov.co/index.php/api/catalog/116
210,microdatos.dane.gov.co,DANE-DGEB-DIMPE-ENCV-1993,Encuesta Nacional de Calidad de Vida - ENCV 1993,Pobreza y condiciones de vida.,POBCONVID,Dirección de Metodología y Producción Estadística - DIMPE,Colombia,direct,1993,1993,2014-05-26T18:21:31+00:00,2017-09-25T15:12:52+00:00,398320,15615,https://microdatos.dane.gov.co/index.php/catalog/210,https://microdatos.dane.gov.co/index.php/api/catalog/210
560,microdatos.dane.gov.co,DANE-DIMPE-MICRO-2012-2016,Encuesta de Microestablecimientos - MICRO - 2012 - 2016,Industria.,Ind-Microdatos,Dirección de Metodología y Producción Estadística - DIMPE,Colombia,direct,2012,2016,2018-05-21T20:17:10+00:00,2018-05-21T20:31:33+00:00,308460,15569,https://microdatos.dane.gov.co/index.php/catalog/560,https://microdatos.dane.gov.co/index.php/api/catalog/560
305,microdatos.dane.gov.co,MinCultura-INCTM-2011-2012-2013,Estadísticas de Proyectos Financiados con Recursos Provenientes del Impuesto Nacional al Consumo a la Prestación del Servicio de Telefonía Móvil - INCTM 2011 al 2013,,CAT_MET_MIN_CUL,Ministerio de Cultura de Colombia,Colombia,data_na,2011,2013,2014-11-27T21:08:27+00:00,2014-11-27T21:08:27+00:00,29318,15498,https://microdatos.dane.gov.co/index.php/catalog/305,https://microdatos.dane.gov.co/index.php/api/catalog/305
644,microdatos.dane.gov.co,DANE-DIMPE-ECP-2019,Encuesta de Cultura Política - ECP - 2019,Gobierno.,GOB-Microdatos,Dirección de Metodología y Producción Estadística - DIMPE -,Colombia,direct,2019,2019,2019-11-06T13:07:48+00:00,2022-03-30T19:21:09+00:00,200660,15434,https://microdatos.dane.gov.co/index.php/catalog/644,https://microdatos.dane.gov.co/index.php/api/catalog/644
821,microdatos.dane.gov.co,DANE-DIMPE-EAS-2021,Encuesta Anual de Servicios - EAS - 2021,Servicios.,SER-Microdatos,Dirección de de Metodología y Producción Estadística -DIMPE-,Colombia,direct,2022,2022,2024-04-02T21:37:22+00:00,2024-04-02T21:39:37+00:00,36045,15355,https://microdatos.dane.gov.co/index.php/catalog/821,https://microdatos.dane.gov.co/index.php/api/catalog/821
340,microdatos.dane.gov.co,CGN-SYM-2011,Saldos y Movimientos de las Entidades Estatales,,CAT_MET_CONTADURIA,Contaduría General de la Nación,Colombia,data_na,2011,2011,2015-05-04T22:23:16+00:00,2015-05-04T22:23:16+00:00,34103,15343,https://microdatos.dane.gov.co/index.php/catalog/340,https://microdatos.dane.gov.co/index.php/api/catalog/340
124,microdatos.dane.gov.co,DANE-DIRPEN-ENCV-2012,Encuesta Nacional de Calidad de Vida - ENCV 2012,Pobreza y condiciones de vida.,POBCONVID,Dirección de Metodología y Producción Estadística - DIMPE,Colombia,direct,2012,2012,2014-03-19T16:20:09+00:00,2022-01-27T22:21:45+00:00,321214,15218,https://microdatos.dane.gov.co/index.php/catalog/124,https://microdatos.dane.gov.co/index.php/api/catalog/124
148,microdatos.dane.gov.co,DANE- DCD - 2006,Registro para la Localización y Caracterización de las Personas con Discapacidad  2006,Metadatos - DANE,METADATOS,Dirección de Censos y Demografía - DCD,Colombia,data_na,0,0,2014-03-25T21:27:12+00:00,2014-03-25T21:27:12+00:00,290811,15203,https://microdatos.dane.gov.co/index.php/catalog/148,https://microdatos.dane.gov.co/index.php/api/catalog/148
496,microdatos.dane.gov.co,ARMADA-NACIONAL-2015,Resultados Operacionales Armada Nacional  - 2015,,CAT_ARMADA_NACIONAL,ARMADA NACIONAL - MINISTERIO DE DEFENSA NACIONAL,Colombia,data_na,2015,2015,2017-08-22T14:42:42+00:00,2017-08-22T14:42:42+00:00,47525,15143,https://microdatos.dane.gov.co/index.php/catalog/496,https://microdatos.dane.gov.co/index.php/api/catalog/496
640,microdatos.dane.gov.co,DANE-DIMPE-MIGRACION-GEIH-2018,Módulo de Migración - GEIH - 2018,Mercado Laboral.,MERCLAB-Microdatos,Dirección de Metodología y Producción Estadística - DIMPE,Colombia,direct,2018,2018,2019-08-26T15:36:46+00:00,2019-09-11T15:14:20+00:00,91161,15096,https://microdatos.dane.gov.co/index.php/catalog/640,https://microdatos.dane.gov.co/index.php/api/catalog/640
37,microdatos.dane.gov.co,DANE-DIMPE-MMH-2011-2012,Muestra Mensual de Hoteles - MMH - 2011 -2012,Metadatos - DANE,METADATOS,Dirección de Metodología y Producción Estadística - DIMPE,Colombia,data_na,2011,2012,2014-03-04T16:31:36+00:00,2014-03-04T16:35:44+00:00,124386,15051,https://microdatos.dane.gov.co/index.php/catalog/37,https://microdatos.dane.gov.co/index.php/api/catalog/37
518,microdatos.dane.gov.co,DANE-DIMPE-ETET-2015,Encuesta de Transición de la Escuela al Trabajo - ETET - 2015,Mercado Laboral.,MERCLAB-Microdatos,Dirección de Metodología y Producción Estadística - DIMPE,Colombia,direct,2015,2015,2018-01-25T19:25:55+00:00,2020-02-29T16:55:31+00:00,202420,14984,https://microdatos.dane.gov.co/index.php/catalog/518,https://microdatos.dane.gov.co/index.php/api/catalog/518
180,microdatos.dane.gov.co,DANE - DIMPE- IPP - 2009,Índice de Precios del Productor - IPP- 2009 -,Metadatos - DANE,METADATOS,Dirección de Metodología y Producción Estadística - DIMPE,Colombia,data_na,2009,2009,2014-04-03T16:06:12+00:00,2014-04-03T16:06:12+00:00,40189,14924,https://microdatos.dane.gov.co/index.php/catalog/180,https://microdatos.dane.gov.co/index.php/api/catalog/180
199,microdatos.dane.gov.co,DANE-DIMPE-ECH-2005,Encuesta Continua de Hogares - ECH - 2005,Mercado Laboral.,MERCLAB-Microdatos,Dirección de Metodología y Producción Estadística - DIMPE,Colombia,direct,2005,2005,2014-05-23T13:53:16+00:00,2017-09-25T15:13:52+00:00,2003267,14896,https://microdatos.dane.gov.co/index.php/catalog/199,https://microdatos.dane.gov.co/index.php/api/catalog/199
372,microdatos.dane.gov.co,DANE-DIRPEN-ENTI-2011,Encuesta Nacional de Trabajo Infantil - ENTI 2011,Mercado Laboral.,MERCLAB-Microdatos,Dirección de Metodología y Producción Estadística - DIMPE,Colombia,direct,2011,2011,2015-09-03T21:37:30+00:00,2017-09-25T15:01:38+00:00,352566,14703,https://microdatos.dane.gov.co/index.php/catalog/372,https://microdatos.dane.gov.co/index.php/api/catalog/372
691,microdatos.dane.gov.co,DANE-DIMPE-ECC-2020,Encuesta de Consumo Cultural - ECC - 2020,Cultura.,Cult-Microdatos,Dirección de Metodologías y Producción Estadística -DIMPE,Colombia,direct,2019,2019,2020-12-09T20:40:24+00:00,2023-01-31T19:15:24+00:00,317421,14507,https://microdatos.dane.gov.co/index.php/catalog/691,https://microdatos.dane.gov.co/index.php/api/catalog/691
176,microdatos.dane.gov.co,DANE-DIRPEN-EDID-2009,Encuesta sobre Ambiente y Desempeño Institucional Departamental - EDID - 2009,Metadatos - DANE,METADATOS,"Dirección de Regulación, Planeación, Estandarización y Normalización - DIRPEN",Colombia,data_na,2009,2009,2014-04-02T22:26:32+00:00,2014-04-02T22:26:32+00:00,372790,14489,https://microdatos.dane.gov.co/index.php/catalog/176,https://microdatos.dane.gov.co/index.php/api/catalog/176
523,microdatos.dane.gov.co,DANE-DIMPE-EAM-2016,Encuesta Anual Manufacturera – EAM - 2016 - 2017,Industria.,Ind-Microdatos,Departamento Administrativo Nacional de Estadística - DANE,Colombia,direct,2016,2017,2018-01-31T21:12:25+00:00,2019-01-31T21:12:39+00:00,394707,14240,https://microdatos.dane.gov.co/index.php/catalog/523,https://microdatos.dane.gov.co/index.php/api/catalog/523
796,microdatos.dane.gov.co,DANE-DIMPE-EMICRON-2022,Encuesta de Micronegocios - 2022,Comercio interno.,CII-Microdatos,Dirección de Metodología y Producción Estadística - DIMPE,Colombia,direct,0,0,2023-06-28T17:54:09+00:00,2024-01-10T23:51:10+00:00,125784,14028,https://microdatos.dane.gov.co/index.php/catalog/796,https://microdatos.dane.gov.co/index.php/api/catalog/796
102,microdatos.dane.gov.co,DANE-DIRPEN-EDI-2008,Encuesta Sobre Ambiente y Desempeño Institucional Nacional - EDI 2008,Metadatos - DANE,METADATOS,"Dirección de Regulación, Planeación, Estandarización y Normalización - DIRPEN",Colombia,data_na,2008,2008,2014-03-14T22:16:03+00:00,2014-03-14T22:16:03+00:00,222012,13926,https://microdatos.dane.gov.co/index.php/catalog/102,https://microdatos.dane.gov.co/index.php/api/catalog/102
670,microdatos.dane.gov.co,DANE-DIMPE-ENA-2017,Encuesta Nacional Agropecuaria - ENA - 2017,Agropecuario.,Agrop-Microdatos,Dirección de Metodología y Producción Estadística - DIMPE,Colombia,direct,2018,2018,2020-06-11T23:40:48+00:00,2025-08-15T21:25:54+00:00,200647,13881,https://microdatos.dane.gov.co/index.php/catalog/670,https://microdatos.dane.gov.co/index.php/api/catalog/670
832,microdatos.dane.gov.co,DANE-DIMPE-EMICRON-2023,Encuesta de Micronegocios - EMICRON - 2023,Comercio interno.,CII-Microdatos,Dirección de Metodología y Producción Estadística - DIMPE,Colombia,direct,0,0,2024-06-28T19:20:04+00:00,2025-08-12T12:31:24+00:00,140114,13799,https://microdatos.dane.gov.co/index.php/catalog/832,https://microdatos.dane.gov.co/index.php/api/catalog/832
368,microdatos.dane.gov.co,CCL-ESECCL-2012-2014,Estadísticas del libro en Colombia ESECCL 2012 - 2014,,CAT_MET_CAMARA_DE_COMERCIO,Área de Estadísticas,Colombia,data_na,2012,2014,2015-08-21T20:05:39+00:00,2015-08-21T20:05:39+00:00,71897,13654,https://microdatos.dane.gov.co/index.php/catalog/368,https://microdatos.dane.gov.co/index.php/api/catalog/368
615,microdatos.dane.gov.co,DANE-DIMPE-EDUCACIÓN-FORMAL-2018,Educación Formal - 2018,Educación.,EDU-Microdatos,Educación Formal,Colombia,direct,2018,2018,2019-07-25T21:29:58+00:00,2022-01-10T22:54:16+00:00,305149,13478,https://microdatos.dane.gov.co/index.php/catalog/615,https://microdatos.dane.gov.co/index.php/api/catalog/615
100,microdatos.dane.gov.co,DANE-DIMPE-ECH-2003,Encuesta Continua de Hogares - ECH - 2003,Mercado Laboral.,MERCLAB-Microdatos,Dirección de Metodología y Producción Estadística - DIMPE-,Colombia,direct,2003,2003,2014-03-14T21:39:53+00:00,2017-09-25T15:19:09+00:00,997031,13439,https://microdatos.dane.gov.co/index.php/catalog/100,https://microdatos.dane.gov.co/index.php/api/catalog/100
242,microdatos.dane.gov.co,DANE-DIMPE-ECC-2010,Encuesta de Consumo Cultural - ECC - 2010.,Cultura.,Cult-Microdatos,Dirección de Metodologías y Producción Estadística -DIMPE,Colombia,direct,2010,2010,2014-06-27T21:28:38+00:00,2021-12-16T17:32:36+00:00,231808,13439,https://microdatos.dane.gov.co/index.php/catalog/242,https://microdatos.dane.gov.co/index.php/api/catalog/242
662,microdatos.dane.gov.co,DANE-DIMPE-MIGRACION-GEIH-2020,Módulo de Migración - GEIH - 2020,Mercado Laboral.,MERCLAB-Microdatos,Dirección de Metodología y Producción Estadística - DIMPE,Colombia,direct,2019,2019,2020-03-18T15:39:24+00:00,2021-01-29T16:11:51+00:00,32562,13376,https://microdatos.dane.gov.co/index.php/catalog/662,https://microdatos.dane.gov.co/index.php/api/catalog/662
185,microdatos.dane.gov.co,DANE-DIMPE-ECH-2001,Encuesta Continua de Hogares - ECH - 2001 (TRIMESTRES III Y IV),Mercado Laboral.,MERCLAB-Microdatos,Dirección de de Metodología y Producción Estadística - DIMPE-,Colombia,direct,2002,2002,2014-04-09T16:05:24+00:00,2017-09-25T15:17:44+00:00,596618,13271,https://microdatos.dane.gov.co/index.php/catalog/185,https://microdatos.dane.gov.co/index.php/api/catalog/185
440,microdatos.dane.gov.co,EJC-JEMPP-RESOP-2004-2016,Resultados Operacionales del Ejercito Nacional - RESOP - 2004 - 2016,,CAT_EJERCITO,Dirección del Sistema estadístico Operacional de Ejercito,Colombia,data_na,2004,2016,2017-01-26T16:07:58+00:00,2017-01-26T16:07:58+00:00,30149,13125,https://microdatos.dane.gov.co/index.php/catalog/440,https://microdatos.dane.gov.co/index.php/api/catalog/440
346,microdatos.dane.gov.co,DANE-DIMPE-MTS-2013,Muestra Trimestral de Servicios - MTS - 2013,Metadatos - DANE,METADATOS,Dirección de Metodología y Producción Estadística - DIMPE,Colombia,data_na,2013,2013,2015-05-28T21:14:03+00:00,2015-05-28T21:14:03+00:00,110723,13031,https://microdatos.dane.gov.co/index.php/catalog/346,https://microdatos.dane.gov.co/index.php/api/catalog/346
96,microdatos.dane.gov.co,DANE-DIRPEN-ENDA-2008,Encuesta Experimental Nacional de Desempeño Agropecuario - ENDA - 2008,Metadatos - DANE,METADATOS,"Dirección de Regulación, Planeación, Estandarización y Normalización - DIRPEN",Colombia,data_na,2008,2008,2014-03-14T19:53:44+00:00,2014-03-14T19:53:44+00:00,244022,12903,https://microdatos.dane.gov.co/index.php/catalog/96,https://microdatos.dane.gov.co/index.php/api/catalog/96
475,microdatos.dane.gov.co,DANE-DCD-EEVV-2015,Estadísticas Vitales - EEVV - 2015,Demografía y población.,DEM-Microdatos,Dirección de Censos y Demografía - DCD,Colombia,direct,2015,2015,2017-07-24T14:30:20+00:00,2024-02-19T19:39:15+00:00,132210,12621,https://microdatos.dane.gov.co/index.php/catalog/475,https://microdatos.dane.gov.co/index.php/api/catalog/475
554,microdatos.dane.gov.co,DANE-DIMPE-EXPO-2005-2006-2007-2008-2009-2010,Estadísticas de Exportaciones  - EXPO - 2005 A 2010,Comercio internacional.,CI-Microdatos,"Dirección de Metodología y Producción Estadística - DIMPE, Fase 1: (Enero 2008-diciembre 2016), Publicación (31 de Diciembre 2017)., Fase 2: (Enero 1991- diciembre 2007), Publicación ( 4 de mayo de 2018)., Fase 3: (Años 1970 - 1990), Publicación ( 4 de mayo de 2018).",Colombia,direct,2005,2010,2018-05-08T20:19:34+00:00,2023-11-20T16:16:09+00:00,81560,12520,https://microdatos.dane.gov.co/index.php/catalog/554,https://microdatos.dane.gov.co/index.php/api/catalog/554
107,microdatos.dane.gov.co,DANE-DIRPEN-ECC-2008,Encuesta de Consumo Cultural - ECC 2008,Cultura.,Cult-Microdatos,"Dirección de Regulación, Planeación, Estandarización y Normalización - DIRPEN",Colombia,data_na,2008,2008,2014-03-17T13:50:19+00:00,2014-03-17T13:50:19+00:00,507204,12494,https://microdatos.dane.gov.co/index.php/catalog/107,https://microdatos.dane.gov.co/index.php/api/catalog/107
88,microdatos.dane.gov.co,DANE-DIMPE-IIOC-2012-2013,Indicador de Inversión en Obras Civiles - IIOC -  2012 - 2013,Metadatos - DANE,METADATOS,Dirección de Metodología y Producción Estadística - DIMPE,Colombia,data_na,2012,2013,2014-03-14T13:28:03+00:00,2014-03-14T13:28:03+00:00,26551,12440,https://microdatos.dane.gov.co/index.php/catalog/88,https://microdatos.dane.gov.co/index.php/api/catalog/88
693,microdatos.dane.gov.co,DANE-DIMPE-EAS-2019,Encuesta Anual de Servicios - EAS - 2019,Servicios.,SER-Microdatos,"La información de la EAS 2019 se actualiza debido a que, durante el operativo de recolección de la EAS 2020, las empresas realizaron ajustes a los datos entregados el año anterior.",Colombia,direct,2020,2020,2020-12-23T23:12:23+00:00,2023-04-19T16:16:42+00:00,66488,12404,https://microdatos.dane.gov.co/index.php/catalog/693,https://microdatos.dane.gov.co/index.php/api/catalog/693
377,microdatos.dane.gov.co,DANE-DCD-EEVV-2012-2013,Estadísticas Vitales - EEVV - 2012-2013,Demografía y población.,DEM-Microdatos,Dirección de Censos y Demografía - DCD,Colombia,direct,2012,2013,2015-10-28T21:13:39+00:00,2017-09-25T14:53:22+00:00,222239,12404,https://microdatos.dane.gov.co/index.php/catalog/377,https://microdatos.dane.gov.co/index.php/api/catalog/377
163,microdatos.dane.gov.co,DANE-DGEB-DIMPE-EPCV-1991,Encuesta sobre Pobreza y Calidad de Vida en Santafé de Bogotá - EPCV - 1991,Metadatos - DANE,METADATOS,Dirección de Metodologias y Producción Estadistica - DIMPE,Colombia,data_na,1991,1991,2014-03-28T18:40:35+00:00,2014-03-28T18:40:35+00:00,563114,12308,https://microdatos.dane.gov.co/index.php/catalog/163,https://microdatos.dane.gov.co/index.php/api/catalog/163
732,microdatos.dane.gov.co,DANE-DCD-EEVV-2020,Estadísticas Vitales - EEVV -  2020,Demografía y población.,DEM-Microdatos,Dirección de Censos y Demografía - DCD,Colombia,direct,2020,2022,2022-04-08T10:34:56+00:00,2022-04-08T10:43:25+00:00,90397,12296,https://microdatos.dane.gov.co/index.php/catalog/732,https://microdatos.dane.gov.co/index.php/api/catalog/732
663,microdatos.dane.gov.co,DANE-DCD-CHC-2019,Censo de Habitantes de Calle - CHC- 2019,Demografía y población.,DEM-Microdatos,Departamento Administrativo Nacional de Estadística - DANE,Colombia,direct,2019,2019,2020-03-24T23:11:55+00:00,2020-03-24T23:18:02+00:00,112736,12184,https://microdatos.dane.gov.co/index.php/catalog/663,https://microdatos.dane.gov.co/index.php/api/catalog/663
639,microdatos.dane.gov.co,DANE-DIMPE-MIGRACION-GEIH-2017,Módulo de Migración - GEIH - 2017,Mercado Laboral.,MERCLAB-Microdatos,Dirección de Metodología y Producción Estadística - DIMPE,Colombia,direct,2017,2017,2019-08-26T15:36:17+00:00,2019-09-11T15:13:17+00:00,89993,12115,https://microdatos.dane.gov.co/index.php/catalog/639,https://microdatos.dane.gov.co/index.php/api/catalog/639
875,microdatos.dane.gov.co,DANE-DIMPE-EMICRON-2024,Encuesta de Micronegocios - EMICRON - 2024,Comercio interno.,CII-Microdatos,Dirección de Metodología y Producción Estadística - DIMPE,Colombia,direct,0,0,2025-08-12T13:29:33+00:00,2025-08-12T16:54:40+00:00,79692,11995,https://microdatos.dane.gov.co/index.php/catalog/875,https://microdatos.dane.gov.co/index.php/api/catalog/875
550,microdatos.dane.gov.co,DANE-DIMPE-ENLEC-2017,Encuesta Nacional de Lectura - ENLEC - 2017,Cultura.,Cult-Microdatos,Dirección de Metodología y Producción Estadística - DIMPE -,Colombia,direct,2017,2017,2018-04-07T00:17:51+00:00,2018-06-19T15:12:52+00:00,211057,11907,https://microdatos.dane.gov.co/index.php/catalog/550,https://microdatos.dane.gov.co/index.php/api/catalog/550
608,microdatos.dane.gov.co,DANE-POBREZA-MONETARIA-Y-DESIGUALDAD-2018,Medición de Pobreza Monetaria y Desigualdad 2018,Pobreza y condiciones de vida.,POBCONVID,Departamento Administrativo Nacional de Estadística,Colombia,direct,2018,2018,2019-04-30T20:40:55+00:00,2019-07-12T16:35:46+00:00,127275,11893,https://microdatos.dane.gov.co/index.php/catalog/608,https://microdatos.dane.gov.co/index.php/api/catalog/608
195,microdatos.dane.gov.co,DANE-DGEB-DIMPE-ENCV-1997,Encuesta Nacional de Calidad de Vida - ENCV 1997,Pobreza y condiciones de vida.,POBCONVID,Dirección de Metodología y Producción Estadística - DIMPE,Colombia,direct,1997,1997,2014-05-22T13:27:36+00:00,2018-11-15T16:50:04+00:00,849976,11846,https://microdatos.dane.gov.co/index.php/catalog/195,https://microdatos.dane.gov.co/index.php/api/catalog/195
248,microdatos.dane.gov.co,DANE-DIMPE-ECC-2012,Encuesta de Consumo Cultural - ECC - 2012,Cultura.,Cult-Microdatos,Dirección de Metodologías y Producción Estadística -DIMPE,Colombia,direct,2012,2012,2014-07-04T16:38:11+00:00,2021-12-16T17:33:01+00:00,972625,11553,https://microdatos.dane.gov.co/index.php/catalog/248,https://microdatos.dane.gov.co/index.php/api/catalog/248
81,microdatos.dane.gov.co,DANE-DIMPE-MTS-2008,Muestra Trimestral de Servicios - MTS - 2008,Metadatos - DANE,METADATOS,Dirección de Metodología y Producción Estadística - DIMPE,Colombia,data_na,2009,2009,2014-03-13T15:52:19+00:00,2014-03-13T15:52:19+00:00,137195,11551,https://microdatos.dane.gov.co/index.php/catalog/81,https://microdatos.dane.gov.co/index.php/api/catalog/81
697,microdatos.dane.gov.co,DANE-DIMPE-SIPSA-A-2018-2025,Sistema de Información de Precios y Abastecimiento del Sector Agropecuario Componente Abastecimiento de Alimentos - SIPSA - A - 2018 -2025,Agropecuario.,Agrop-Microdatos,"Departamento Administrativo Nacional de Estadística - DANE, , ",Colombia,direct,2018,2025,2021-01-22T19:13:58+00:00,2026-08-03T07:26:39+00:00,89236,11506,https://microdatos.dane.gov.co/index.php/catalog/697,https://microdatos.dane.gov.co/index.php/api/catalog/697
638,microdatos.dane.gov.co,DANE-DIMPE-MIGRACION-GEIH-2016,Módulo de Migración - GEIH - 2016,Mercado Laboral.,MERCLAB-Microdatos,Dirección de Metodología y Producción Estadística - DIMPE,Colombia,direct,2016,2016,2019-08-26T15:35:55+00:00,2019-09-11T15:12:41+00:00,102277,11368,https://microdatos.dane.gov.co/index.php/catalog/638,https://microdatos.dane.gov.co/index.php/api/catalog/638
41,microdatos.dane.gov.co,DANE - DIMPE- IVP - 2010 - 2011 - 2012 - 2013,Índice de Valoración Predial - IVP - 2010 - 2011- 2012 - 2013,Metadatos - DANE,METADATOS,Dirección de Metodología y Producción Estadística - DIMPE,Colombia,data_na,2011,2013,2014-03-04T19:14:22+00:00,2014-03-04T19:14:22+00:00,99491,11351,https://microdatos.dane.gov.co/index.php/catalog/41,https://microdatos.dane.gov.co/index.php/api/catalog/41
556,microdatos.dane.gov.co,DANE-DIMPE-EXPO-1970-1990,Estadísticas de Exportaciones  - EXPO - 1970 A 1990,Comercio internacional.,CI-Microdatos,"Dirección de Metodología y Producción Estadística - DIMPE, Fase 1: (Enero 2008-diciembre 2016), Publicación (31 de Diciembre 2017)., Fase 2: (Enero 1991- diciembre 2007), Publicación (4 de mayo de 2018)., Fase 3: (Años 1970 - 1990), Publicación ( 4 mayo de 2018).",Colombia,direct,1970,1990,2018-05-09T19:47:16+00:00,2023-11-20T16:18:41+00:00,39516,11317,https://microdatos.dane.gov.co/index.php/catalog/556,https://microdatos.dane.gov.co/index.php/api/catalog/556
252,microdatos.dane.gov.co,DANE-DIMPE-ICESP-2013,Indice de Costos de la Educación Superior Privada - ICESP - 2013,Educación,EDU-Metadatos,Dirección de Metodología Y Producción Estadística - DIMPE,Colombia,data_na,2013,2013,2014-07-17T21:31:27+00:00,2014-07-17T21:31:27+00:00,104810,11243,https://microdatos.dane.gov.co/index.php/catalog/252,https://microdatos.dane.gov.co/index.php/api/catalog/252
700,microdatos.dane.gov.co,DANE-DIMPE-MIGRACION-GEIH-2021,Módulo de Migración - GEIH - 2021,Mercado Laboral.,MERCLAB-Microdatos,Dirección de Metodología y Producción Estadística - DIMPE,Colombia,direct,2021,2021,2021-03-05T17:57:39+00:00,2022-02-11T18:54:07+00:00,36839,11201,https://microdatos.dane.gov.co/index.php/catalog/700,https://microdatos.dane.gov.co/index.php/api/catalog/700
834,microdatos.dane.gov.co,DANE-DIMPE-EDUCACIN-FORMAL-2023,"Educación Formal 2023, Educación Formal (sedes educativas oficiales y no oficiales, urbanas y rurales)",Educación.,EDU-Microdatos,Departamento Administrativo Nacional de Estadística - DANE. Dirección de Metodología y Producción Estadística - DIMPE.,Colombia,direct,2023,2024,2024-06-28T20:09:11+00:00,2024-06-28T20:45:10+00:00,204444,11159,https://microdatos.dane.gov.co/index.php/catalog/834,https://microdatos.dane.gov.co/index.php/api/catalog/834
501,microdatos.dane.gov.co,INPEC-OFPLA-OPERIPC-2012,Registro Integral Penitenciario y Carcelario - 2012,,CAT_MET_INPEC,"Oficina asesora de planeación, Oficina de sistemas de información",Colombia,data_na,2012,2012,2017-09-19T15:53:58+00:00,2017-09-19T15:53:58+00:00,127229,11018,https://microdatos.dane.gov.co/index.php/catalog/501,https://microdatos.dane.gov.co/index.php/api/catalog/501
42,microdatos.dane.gov.co,DANE- DIMPE - MTS - 2012,Muestra Trimestral de Servicios - MTS - 2012,Metadatos - DANE,METADATOS,Dirección de Metodología y Producción Estadística - DIMPE,Colombia,data_na,2012,2012,2014-03-04T19:30:29+00:00,2014-03-04T19:30:29+00:00,98679,10837,https://microdatos.dane.gov.co/index.php/catalog/42,https://microdatos.dane.gov.co/index.php/api/catalog/42
341,microdatos.dane.gov.co,DANE-MESEP-2002-2010,"Medición de Pobreza Monetaria - Misión para el Empalme de las Series de Empleo, Pobreza y Desigualdad 2002-2010",Pobreza y condiciones de vida.,POBCONVID,Misión para el Empalme de las Series de Empleo Pobreza y Desigualdad - MESEP,Colombia,direct,0,0,2015-05-06T17:11:12+00:00,2017-09-25T15:02:42+00:00,526133,10788,https://microdatos.dane.gov.co/index.php/catalog/341,https://microdatos.dane.gov.co/index.php/api/catalog/341
491,microdatos.dane.gov.co,DANE-DIMPE-EAM-2013-A-2015,Encuesta Anual Manufacturera – EAM - 2013 A 2015,Industria.,Ind-Microdatos,Departamento Administrativo Nacional de Estadística - DANE,Colombia,direct,2013,2015,2017-08-10T14:22:26+00:00,2019-01-30T17:03:04+00:00,472032,10718,https://microdatos.dane.gov.co/index.php/catalog/491,https://microdatos.dane.gov.co/index.php/api/catalog/491
637,microdatos.dane.gov.co,DANE-DIMPE-MIGRACION-GEIH-2015,Módulo de Migración - GEIH - 2015,Mercado Laboral.,MERCLAB-Microdatos,Dirección de Metodología y Producción Estadística - DIMPE,Colombia,direct,2015,2015,2019-08-26T15:35:22+00:00,2019-09-11T15:11:00+00:00,96580,10695,https://microdatos.dane.gov.co/index.php/catalog/637,https://microdatos.dane.gov.co/index.php/api/catalog/637
215,microdatos.dane.gov.co,DANE-DIMPE-GEIH-ND-2013,GEIH - Nuevos Departamentos de la Amazonía y Orinoquia - 2013,Mercado Laboral.,MERCLAB-Microdatos,Dirección de Metodología y Producción Estadística - DIMPE,Colombia,direct,2013,2013,2014-05-26T19:57:35+00:00,2020-02-29T21:09:38+00:00,208400,10672,https://microdatos.dane.gov.co/index.php/catalog/215,https://microdatos.dane.gov.co/index.php/api/catalog/215
266,microdatos.dane.gov.co,DANE-DIMPE-ICCP-2010 - 2011-2012-2013-2014,Índice de Costos de la Construcción Pesada - ICCP - 2010 - 2011-2012-2013-2014,Construcción,construc-Metadatos,Dirección de Metodología y Producción Estadística - DIMPE,Colombia,data_na,2010,2013,2014-09-23T16:51:20+00:00,2014-09-23T16:51:20+00:00,35203,10657,https://microdatos.dane.gov.co/index.php/catalog/266,https://microdatos.dane.gov.co/index.php/api/catalog/266
795,microdatos.dane.gov.co,DANE-CEV-2022,Integración de datos y estimación estadística de víctimas en el marco del conflicto armado ( CEV - JEP - HRDAG ).,Seguridad y defensa.,SEGDEF-Microdatos,"Información de victimas de conflicto armado para las violaciones a derechos humanas que corresponden a homicidio, secuestro, desaparición y reclutamiento de 1985 a 2018.",Colombia,direct,0,0,2023-06-16T13:59:48+00:00,2023-06-16T18:16:11+00:00,64819,10587,https://microdatos.dane.gov.co/index.php/catalog/795,https://microdatos.dane.gov.co/index.php/api/catalog/795
635,microdatos.dane.gov.co,DANE-DIMPE-MIGRACION-GEIH-2013,Módulo de Migración - GEIH - 2013,Mercado Laboral.,MERCLAB-Microdatos,Dirección de Metodología y Producción Estadística - DIMPE,Colombia,direct,2013,2013,2019-08-26T15:34:35+00:00,2019-09-11T15:08:33+00:00,93416,10568,https://microdatos.dane.gov.co/index.php/catalog/635,https://microdatos.dane.gov.co/index.php/api/catalog/635
462,microdatos.dane.gov.co,DANE-DIMPE-MTI-2016,Módulo de Trabajo Infantil - MTI- GEIH - 2016,Mercado Laboral.,MERCLAB-Microdatos,Dirección de Metodología y Producción Estadística - DIMPE,Colombia,direct,2016,2016,2017-04-18T14:19:35+00:00,2018-06-26T21:36:43+00:00,79150,10504,https://microdatos.dane.gov.co/index.php/catalog/462,https://microdatos.dane.gov.co/index.php/api/catalog/462
579,microdatos.dane.gov.co,DANE-DIMPE-ECC-2017,Encuesta de Consumo Cultural - ECC - 2017,Cultura.,Cult-Microdatos,"DIMPE La ECC 2017 se realizó en las cabeceras municipales de 29 departamentos del país, durante el I trimestre del año 2018. Es importante aclarar que el operativo de recolección cambió, con respecto a las encuestas anteriores (2010-2012-2014-2016), en las cuales este operativo se realizó",Colombia,direct,2018,2018,2018-12-10T20:41:39+00:00,2021-12-16T22:46:22+00:00,277991,10443,https://microdatos.dane.gov.co/index.php/catalog/579,https://microdatos.dane.gov.co/index.php/api/catalog/579
648,microdatos.dane.gov.co,DANE-DIMPE-EAS-2018,Encuesta Anual de Servicios - EAS - 2018,Servicios.,SER-Microdatos,"La información del año 2018 se actualiza debido a que, durante el operativo de recolección del año 2019, las empresas realizan ajustes a los datos entregados el año anterior.",Colombia,direct,2019,2019,2019-12-26T19:52:14+00:00,2020-12-23T23:03:39+00:00,94140,10438,https://microdatos.dane.gov.co/index.php/catalog/648,https://microdatos.dane.gov.co/index.php/api/catalog/648
626,microdatos.dane.gov.co,BANREP-IEFIC-2017-2018,Encuesta de Carga Financiera y Educación Financiera de los Hogares - IEFIC-2017 -2018,Mercado Laboral.,MERCLAB-Microdatos,Dirección de Metodología y Producción Estadística - DIMPE,Colombia,direct,2017,2018,2019-08-13T21:52:39+00:00,2019-08-13T21:57:01+00:00,252535,10415,https://microdatos.dane.gov.co/index.php/catalog/626,https://microdatos.dane.gov.co/index.php/api/catalog/626
708,microdatos.dane.gov.co,DANE-POBREZA-MONETARIA-Y-DESIGUALDAD-2020,Medición de Pobreza Monetaria y Desigualdad 2020,Pobreza y condiciones de vida.,POBCONVID,Las bases de datos del año 2019 corresponden a la actualización metodológica de pobreza monetaria y no son comparables con publicaciones anteriores desarrolladas a partir de la metodología MESEP.,Colombia,direct,2020,2020,2021-05-06T02:58:30+00:00,2022-06-02T20:04:16+00:00,117756,10406,https://microdatos.dane.gov.co/index.php/catalog/708,https://microdatos.dane.gov.co/index.php/api/catalog/708
742,microdatos.dane.gov.co,DANE-DIMPE-EMICRON-2021,Encuesta de Micronegocios- 2021,Comercio interno.,CII-Microdatos,Dirección de Metodología y Producción Estadística - DIMPE,Colombia,direct,0,0,2022-06-14T23:18:48+00:00,2024-07-02T21:57:23+00:00,102891,10388,https://microdatos.dane.gov.co/index.php/catalog/742,https://microdatos.dane.gov.co/index.php/api/catalog/742
35,microdatos.dane.gov.co,DANE-DIMPE-MTMR-2008-2009-2010-2011-2012-2013,Muestra Trimestral Manufacturera Regional - MTMR - 2008-2009-2010-2011-2012-2013,Metadatos - DANE,METADATOS,Dirección de Metodología y Producción Estadística - DIMPE  Dirección de Metodología y Producción Estadística - DIMPE  Dirección de Metodología y Producción Estadística - DIMPE,Colombia,data_na,0,0,2014-03-04T16:07:43+00:00,2014-03-04T16:07:43+00:00,150455,10383,https://microdatos.dane.gov.co/index.php/catalog/35,https://microdatos.dane.gov.co/index.php/api/catalog/35
396,microdatos.dane.gov.co,DANE-DCD-EEVV-1979-1991,Estadìsticas Vitales  - EEVV - 1979 -1991,Demografía y población.,DEM-Microdatos,Dirección de Censos y Demografía - DCD,Colombia,direct,1979,1991,2016-03-11T12:42:11+00:00,2017-09-25T14:52:09+00:00,131764,10382,https://microdatos.dane.gov.co/index.php/catalog/396,https://microdatos.dane.gov.co/index.php/api/catalog/396
546,microdatos.dane.gov.co,DANE-DIMPE-POBREZA-MULTIDIMENSIONAL-2017,Indice de Pobreza Multidimensional - IPM- 2017,Pobreza y condiciones de vida.,POBCONVID,Departamento Administrativo Nacional de Estadística,Colombia,direct,0,0,2018-03-22T19:30:31+00:00,2022-12-07T17:49:21+00:00,257611,10330,https://microdatos.dane.gov.co/index.php/catalog/546,https://microdatos.dane.gov.co/index.php/api/catalog/546
730,microdatos.dane.gov.co,DANE-DIMPE-ECP-2021,Encuesta de Cultura Política - ECP - 2021,Gobierno.,GOB-Microdatos,Dirección de Metodología y Producción Estadística - DIMPE -,Colombia,direct,2021,2021,2022-03-25T23:24:01+00:00,2023-01-31T19:56:29+00:00,108786,10311,https://microdatos.dane.gov.co/index.php/catalog/730,https://microdatos.dane.gov.co/index.php/api/catalog/730
493,microdatos.dane.gov.co,DANE-DIMPE-EAM-2008-A-2012,Encuesta Anual Manufacturera – EAM - 2008 A 2012,Industria.,Ind-Microdatos,Departamento Administrativo Nacional de Estadística - DANE,Colombia,direct,2008,2012,2017-08-10T15:03:35+00:00,2019-01-30T16:54:25+00:00,778190,10280,https://microdatos.dane.gov.co/index.php/catalog/493,https://microdatos.dane.gov.co/index.php/api/catalog/493
494,microdatos.dane.gov.co,DANE-DIMPE-EAM-2000-A-2007,Encuesta Anual Manufacturera – EAM - 2000 A 2007,Industria.,Ind-Microdatos,Departamento Administrativo Nacional de Estadística - DANE,Colombia,direct,2000,2007,2017-08-10T15:26:38+00:00,2020-12-15T22:00:56+00:00,861022,9996,https://microdatos.dane.gov.co/index.php/catalog/494,https://microdatos.dane.gov.co/index.php/api/catalog/494
557,microdatos.dane.gov.co,DANE-DIMPE-IMPO-1991-2007,Estadísticas de Importaciones  - IMPO - 1991 A 2007,Comercio internacional.,CI-Microdatos,"Dirección de Metodología y Producción Estadística - DIMPE, Fase 1: (Enero 2008-diciembre 2016), Publicación (31 de Diciembre 2017)., Fase 2: (Enero 1991- diciembre 2007), Publicación ( 4 de mayo de 2018)., Fase 3: (Años 1970 - 1990), Publicación ( 4 de mayo de 2018).",Colombia,direct,1991,2007,2018-05-09T21:55:30+00:00,2023-11-20T15:32:15+00:00,232147,9848,https://microdatos.dane.gov.co/index.php/catalog/557,https://microdatos.dane.gov.co/index.php/api/catalog/557
420,microdatos.dane.gov.co,DANE-DCD-EEVV-2014,Estadísticas Vitales - EEVV - 2014,Demografía y población.,DEM-Microdatos,Dirección de Censos y Demografía - DCD,Colombia,direct,2014,2014,2016-08-09T21:37:58+00:00,2017-09-25T14:53:49+00:00,122225,9814,https://microdatos.dane.gov.co/index.php/catalog/420,https://microdatos.dane.gov.co/index.php/api/catalog/420
267,microdatos.dane.gov.co,DANE - DIMPE - ICTC - 2010 - 2011- 2012 - 2013 - 2014,Índice de Costos de Transportes de Carga por Carretera - ICTC -2010 - 2011- 2012 - 2013 - 2014,Metadatos - DANE,METADATOS,Dirección de Metodología y Producción Estadística - DIMPE,Colombia,data_na,2013,2013,2014-09-23T17:01:29+00:00,2014-09-23T17:01:29+00:00,69505,9796,https://microdatos.dane.gov.co/index.php/catalog/267,https://microdatos.dane.gov.co/index.php/api/catalog/267
497,microdatos.dane.gov.co,ESTADISTICA-RESULTADOS-OPERACIONALES-DE-LA-FAC-ERO-2007-2016,Estadística Resultados Operacionales de la FAC - 2007 A 2016,,CAT_FAC,Fuerza Aérea Colombiana - FAC,Colombia,data_na,2007,2016,2017-08-30T16:16:30+00:00,2017-08-30T16:16:30+00:00,174625,9769,https://microdatos.dane.gov.co/index.php/catalog/497,https://microdatos.dane.gov.co/index.php/api/catalog/497
684,microdatos.dane.gov.co,DANE-POBREZA-MONETARIA-Y-DESIGUALDAD-2019,Medición de Pobreza Monetaria y Desigualdad 2019,Pobreza y condiciones de vida.,POBCONVID,Las bases de datos del año 2019 corresponden a la actualización metodológica de pobreza monetaria y no son comparables con publicaciones anteriores desarrolladas a partir de la metodología MESEP.,Colombia,direct,2019,2019,2020-09-30T17:41:51+00:00,2022-06-02T19:42:33+00:00,97489,9693,https://microdatos.dane.gov.co/index.php/catalog/684,https://microdatos.dane.gov.co/index.php/api/catalog/684
698,microdatos.dane.gov.co,DANE-DIMPE-ECSC-2019,Encuesta de Convivencia y Seguridad Ciudadana - ECSC - 2019,Seguridad y defensa.,SEGDEF-Microdatos,Departamento Administrativo Nacional de Estadística,Colombia,direct,2020,2020,2021-02-24T16:28:27+00:00,2021-03-11T02:15:15+00:00,311274,9688,https://microdatos.dane.gov.co/index.php/catalog/698,https://microdatos.dane.gov.co/index.php/api/catalog/698
174,microdatos.dane.gov.co,DANE-DIRPEN-ECDE-2008-2009,Encuesta de Calidad de la Gestión Estatal para el Desarrollo Empresarial - ECDE -  2008 -  2009,Gobierno,GOB-Metadatos,"Dirección de Regulación, Planeación, Estandarización y Normalización - DIRPEN",Colombia,data_na,2008,2008,2014-04-02T19:21:05+00:00,2014-04-02T19:21:05+00:00,303283,9556,https://microdatos.dane.gov.co/index.php/catalog/174,https://microdatos.dane.gov.co/index.php/api/catalog/174
384,microdatos.dane.gov.co,DANE-DIMPE-EDUC-2009-2013,Investigación de Educación Formal - 2009 - 2010 - 2011 - 2012 - 2013,Educación.,EDU-Microdatos,Dirección de Metodología y Producción Estadística - DIMPE,Colombia,direct,2009,2013,2015-12-11T16:40:24+00:00,2021-12-29T01:56:44+00:00,466799,9497,https://microdatos.dane.gov.co/index.php/catalog/384,https://microdatos.dane.gov.co/index.php/api/catalog/384
416,microdatos.dane.gov.co,DANE-DIMPE-MTS-2014-2015,Muestra Trimestral de Servicios - MTS - 2014 - 2015,Metadatos - DANE,METADATOS,Dirección de Metodología y Producción Estadística - DIMPE,Colombia,data_na,2015,2015,2016-07-14T21:44:44+00:00,2016-07-14T21:44:44+00:00,49598,9336,https://microdatos.dane.gov.co/index.php/catalog/416,https://microdatos.dane.gov.co/index.php/api/catalog/416
590,microdatos.dane.gov.co,DANE-DIMPE-EAH-2012-2013-2014-2015,Encuesta Ambiental de Hoteles  EAH - 2012 - 2013 - 2014 - 2015,Ambientales.,Amb-Microdatos,Dirección de Metodología y Producción Estadística - DIMPE,Colombia,direct,2013,2016,2019-03-01T20:51:59+00:00,2019-03-01T21:13:18+00:00,668373,9332,https://microdatos.dane.gov.co/index.php/catalog/590,https://microdatos.dane.gov.co/index.php/api/catalog/590
383,microdatos.dane.gov.co,DANE-DIMPE-EDUC-2008,Investigación de Educación Formal - 2008,Educación.,EDU-Microdatos,Dirección de Metodología y Producción Estadística - DIMPE-,Colombia,direct,2008,2008,2015-12-10T20:11:41+00:00,2021-12-24T01:49:09+00:00,418735,9216,https://microdatos.dane.gov.co/index.php/catalog/383,https://microdatos.dane.gov.co/index.php/api/catalog/383
251,microdatos.dane.gov.co,DANE-DIMPE-ICESP-2010-2011-2012,Indice de Costos de la Educación Superior Privada - ICESP - 2010 - 2011 - 2012,Educación,EDU-Metadatos,Dirección de Metodología Y Producción Estadística - DIMPE,Colombia,data_na,2010,2010,2014-07-17T21:15:01+00:00,2014-07-17T21:15:01+00:00,100983,9196,https://microdatos.dane.gov.co/index.php/catalog/251,https://microdatos.dane.gov.co/index.php/api/catalog/251
735,microdatos.dane.gov.co,DANE-DIMPE-POBREZA-MULTIDIMENSIONAL-2021,Indice de Pobreza Multidimensional - IPM- 2021,Pobreza y condiciones de vida.,POBCONVID,"Departamento Administrativo Nacional de Estadística, ""Se actualizan las bases de datos publicadas el día 28 de abril debido a un error en una columna que corresponde a la variable de la suma ponderada de las privaciones de las bases hogares""",Colombia,direct,0,0,2022-04-28T22:02:33+00:00,2023-12-29T21:00:38+00:00,70719,9165,https://microdatos.dane.gov.co/index.php/catalog/735,https://microdatos.dane.gov.co/index.php/api/catalog/735
790,microdatos.dane.gov.co,DANE-DIMPE-ECSC-2021,Encuesta de Convivencia y Seguridad Ciudadana - ECSC - 2021,Seguridad y defensa.,SEGDEF-Microdatos,Departamento Administrativo Nacional de Estadística,Colombia,direct,2022,2022,2023-04-27T16:40:09+00:00,2023-04-28T23:20:34+00:00,265572,9137,https://microdatos.dane.gov.co/index.php/catalog/790,https://microdatos.dane.gov.co/index.php/api/catalog/790
650,microdatos.dane.gov.co,DANE-DIMPE-EAM-2018,Encuesta Anual Manufacturera – EAM - 2018,Industria.,Ind-Microdatos,Departamento Administrativo Nacional de Estadística - DANE,Colombia,direct,2018,2018,2019-12-30T22:40:39+00:00,2021-10-01T22:21:17+00:00,147597,9134,https://microdatos.dane.gov.co/index.php/catalog/650,https://microdatos.dane.gov.co/index.php/api/catalog/650
200,microdatos.dane.gov.co,DANE-DIMPE-ECV-2008,Encuesta de Calidad de Vida - ECV 2008,Pobreza y condiciones de vida.,POBCONVID,Dirección de Metodología y Producción Estadística  - DIMPE -,Colombia,direct,2008,2008,2014-05-23T16:11:27+00:00,2017-09-25T14:56:36+00:00,579846,9118,https://microdatos.dane.gov.co/index.php/catalog/200,https://microdatos.dane.gov.co/index.php/api/catalog/200
389,microdatos.dane.gov.co,ANI-PLANEACION-CARRETERO-2014,Trafico y Recaudo del Modo Carretero - 2014,,CAT_ANI,Agencia Nacional de Infraestructura,Colombia,data_na,2014,2014,2016-01-05T16:22:24+00:00,2016-01-05T16:22:24+00:00,48867,9112,https://microdatos.dane.gov.co/index.php/catalog/389,https://microdatos.dane.gov.co/index.php/api/catalog/389
145,microdatos.dane.gov.co,DANE-DIRPEN-MMM-2008-2009-2010-2011-2012,Muestra Mensual Manufacturera - MMM - 2008 al  2012,Metadatos - DANE,METADATOS,Dirección de Metodología y Producción Estadística - DIMPE,Colombia,data_na,2011,2011,2014-03-25T13:26:24+00:00,2014-03-25T13:26:24+00:00,148616,9085,https://microdatos.dane.gov.co/index.php/catalog/145,https://microdatos.dane.gov.co/index.php/api/catalog/145
500,microdatos.dane.gov.co,DANE-DIMPE-EDUC-2015,Investigación de Educación Formal - 2015,Educación.,EDU-Microdatos,Investigación de Educación Formal,Colombia,direct,2015,2015,2017-09-13T20:47:39+00:00,2021-12-28T15:54:36+00:00,212604,9007,https://microdatos.dane.gov.co/index.php/catalog/500,https://microdatos.dane.gov.co/index.php/api/catalog/500
98,microdatos.dane.gov.co,DANE-DIMPE-GEIH-MFPT-2013,"Modulo de Formación para el Trabajo - MFPT- GEIH - 2013, II trimestre",Mercado Laboral.,MERCLAB-Microdatos,Dirección de Metodología y Producción Estadística - DIMPE,Colombia,direct,2013,2013,2014-03-14T21:16:45+00:00,2023-01-05T14:50:36+00:00,37390,8990,https://microdatos.dane.gov.co/index.php/catalog/98,https://microdatos.dane.gov.co/index.php/api/catalog/98
636,microdatos.dane.gov.co,DANE-DIMPE-MIGRACION-GEIH-2014,Módulo de Migración - GEIH - 2014,Mercado Laboral.,MERCLAB-Microdatos,Dirección de Metodología y Producción Estadística - DIMPE,Colombia,direct,2014,2014,2019-08-26T15:34:58+00:00,2019-09-11T15:10:39+00:00,99009,8917,https://microdatos.dane.gov.co/index.php/catalog/636,https://microdatos.dane.gov.co/index.php/api/catalog/636
583,microdatos.dane.gov.co,DANE-DIMPE-EAS-2017,Encuesta Anual de Servicios - EAS - 2017,Servicios.,SER-Microdatos,"Dirección de de Metodología y Producción Estadística -DIMPE-, La información de 2017 presenta modificaciones debido a los ajustes en la información reportada por las empresas.",Colombia,direct,2018,2018,2018-12-28T20:01:58+00:00,2020-01-17T14:13:05+00:00,110683,8908,https://microdatos.dane.gov.co/index.php/catalog/583,https://microdatos.dane.gov.co/index.php/api/catalog/583
645,microdatos.dane.gov.co,DANE-DIMPE-SIPSA-A-2013-2017,Sistema de Información de Precios y Abastecimiento del Sector Agropecuario Componente Abastecimiento de Alimentos - SIPSA - A - 2013 -2017,Agropecuario.,Agrop-Microdatos,Departamento Administrativivo Nacional de Estadística - DANE,Colombia,direct,2013,2017,2019-11-06T13:42:54+00:00,2019-11-15T15:47:19+00:00,70237,8888,https://microdatos.dane.gov.co/index.php/catalog/645,https://microdatos.dane.gov.co/index.php/api/catalog/645
146,microdatos.dane.gov.co,DANE-DIMPE-MTS-2011,Muestra Trimestral de Servicios - MTS - 2011,Metadatos - DANE,METADATOS,Dirección de Metodología y Producción Estadística - DIMPE,Colombia,data_na,2011,2011,2014-03-25T19:29:26+00:00,2014-03-25T19:29:26+00:00,76073,8846,https://microdatos.dane.gov.co/index.php/catalog/146,https://microdatos.dane.gov.co/index.php/api/catalog/146
859,microdatos.dane.gov.co,DANE-DIMPE-EXPO-2025-2026,Estadísticas de Exportaciones - EXPO - 2025 A 2026,Comercio internacional.,CI-Microdatos,Dirección de Metodología y Producción Estadística - DIMPE,Colombia,direct,2025,2026,2025-04-02T14:35:58+00:00,2026-07-08T19:14:28+00:00,56769,8775,https://microdatos.dane.gov.co/index.php/catalog/859,https://microdatos.dane.gov.co/index.php/api/catalog/859
634,microdatos.dane.gov.co,DANE-DIMPE-MIGRACION-GEIH-2012,Módulo de Migración - GEIH - 2012,Mercado Laboral.,MERCLAB-Microdatos,Dirección de Metodología y Producción Estadística - DIMPE,Colombia,direct,2012,2012,2019-08-26T15:34:08+00:00,2019-09-11T15:08:10+00:00,59668,8767,https://microdatos.dane.gov.co/index.php/catalog/634,https://microdatos.dane.gov.co/index.php/api/catalog/634
470,microdatos.dane.gov.co,BANREP-IEFIC-2010-2016,Encuesta de Carga Financiera y Educación Financiera de los Hogares - IEFIC-2010 - 2016,Mercado Laboral.,MERCLAB-Microdatos,Dirección de Metodología y Producción Estadística - DIMPE,Colombia,direct,2010,2016,2017-06-16T19:50:33+00:00,2017-09-25T14:47:03+00:00,147252,8710,https://microdatos.dane.gov.co/index.php/catalog/470,https://microdatos.dane.gov.co/index.php/api/catalog/470
168,microdatos.dane.gov.co,DANE-DIMPE-MTS-2010,Muestra Trimestral de Servicios - MTS - 2010,Metadatos - DANE,METADATOS,Dirección de Metodología y Producción Estadística - DIMPE,Colombia,data_na,2011,2011,2014-03-28T21:39:12+00:00,2014-03-28T21:39:12+00:00,78957,8609,https://microdatos.dane.gov.co/index.php/catalog/168,https://microdatos.dane.gov.co/index.php/api/catalog/168
642,microdatos.dane.gov.co,DANE-DIMPE-ECSC-2018,Encuesta de Convivencia y Seguridad Ciudadana - ECSC - 2018,Seguridad y defensa.,SEGDEF-Microdatos,Departamento Administrativo Nacional de Estadística,Colombia,direct,2019,2019,2019-10-07T19:34:34+00:00,2021-02-25T22:46:53+00:00,186696,8471,https://microdatos.dane.gov.co/index.php/catalog/642,https://microdatos.dane.gov.co/index.php/api/catalog/642
775,microdatos.dane.gov.co,COL-DANE-EEVV-2021,Estadísticas Vitales - EEVV - 2021,Demografía y población.,DEM-Microdatos,Dirección de Censos y Demografía - DCD,Colombia,direct,2021,2021,2023-01-12T04:33:11+00:00,2023-02-16T21:35:39+00:00,79346,8410,https://microdatos.dane.gov.co/index.php/catalog/775,https://microdatos.dane.gov.co/index.php/api/catalog/775
609,microdatos.dane.gov.co,DANE-DIMPE-GEIH-ND-2018,GEIH - Nuevos Departamentos de la Amazonía y Orinoquía - 2018,Mercado Laboral.,MERCLAB-Microdatos,Dirección de Metodología y Producción Estadística - DIMPE,Colombia,direct,2018,2018,2019-05-10T20:01:49+00:00,2019-05-10T20:21:29+00:00,171537,8364,https://microdatos.dane.gov.co/index.php/catalog/609,https://microdatos.dane.gov.co/index.php/api/catalog/609
592,microdatos.dane.gov.co,DANE-DIMPE-EDI-SECTOR-2010,Encuesta Sobre Ambiente y Desempeño Institucional Nacional  - EDI- 2010 (SECTOR),Gobierno.,GOB-Microdatos,Dirección de Metodología y Producción Estadística - DIMPE,"COLOMBIA, ",direct,2010,2010,2019-03-28T16:57:46+00:00,2019-03-28T17:01:59+00:00,205529,8337,https://microdatos.dane.gov.co/index.php/catalog/592,https://microdatos.dane.gov.co/index.php/api/catalog/592
739,microdatos.dane.gov.co,DANE-DIMPE-EDI-SECTOR-2021,Encuesta Sobre Ambiente y Desempeño Institucional Nacional  - EDI - 2021 (SECTOR),Gobierno.,GOB-Microdatos,Departamento Administrativo Nacional de Estadística - DANE - Dirección de Metodología y Producción Estadística - DIMPE,Colombia,direct,2021,2021,2022-06-08T19:22:20+00:00,2022-06-08T19:24:54+00:00,110322,8330,https://microdatos.dane.gov.co/index.php/catalog/739,https://microdatos.dane.gov.co/index.php/api/catalog/739
704,microdatos.dane.gov.co,DANE-DIMPE-MTI-2020,Módulo de Trabajo Infantil - MTI - GEIH - 2020,Mercado Laboral.,MERCLAB-Microdatos,Dirección de Metodología y Producción Estadística - DIMPE,Colombia,direct,2020,2020,2021-04-16T21:29:30+00:00,2021-04-16T21:45:54+00:00,33738,8256,https://microdatos.dane.gov.co/index.php/catalog/704,https://microdatos.dane.gov.co/index.php/api/catalog/704
515,microdatos.dane.gov.co,DANE-DIMPE-ECP-2017,Encuesta de Cultura Política - ECP - 2017,Gobierno.,GOB-Microdatos,Dirección de Metodología y Producción Estadística - DIMPE -,Colombia,direct,2017,2017,2018-01-25T15:51:06+00:00,2018-02-15T20:22:17+00:00,156545,8213,https://microdatos.dane.gov.co/index.php/catalog/515,https://microdatos.dane.gov.co/index.php/api/catalog/515
839,microdatos.dane.gov.co,DANE-DIMPE-GEIH-MFPT-2024,Módulo de Formación para el Trabajo - MFPT- GEIH - 2024,Mercado Laboral.,MERCLAB-Microdatos,Dirección de Metodología y Producción Estadística - DIMPE,Colombia,direct,2024,2024,2024-12-19T14:45:41+00:00,2024-12-23T19:57:56+00:00,16944,8189,https://microdatos.dane.gov.co/index.php/catalog/839,https://microdatos.dane.gov.co/index.php/api/catalog/839
614,microdatos.dane.gov.co,DANE-DIMPE-EGIT-2019,Encuesta de Gasto Interno en Turismo - EGIT - 2019,Servicios.,SER-Microdatos,Dirección de Metodología y Producción Estadística - DIMPE,Colombia,direct,0,0,2019-07-16T14:59:43+00:00,2021-07-07T23:21:57+00:00,138645,8118,https://microdatos.dane.gov.co/index.php/catalog/614,https://microdatos.dane.gov.co/index.php/api/catalog/614
781,microdatos.dane.gov.co,DANE-DIMPE-EPM-2021-2022,Encuesta Pulso de la Migración - EPM - 2021-2022,Demografía y población.,DEM-Microdatos,Departamento Administrativo Nacional de Estadística,Colombia,direct,2021,2022,2023-02-18T00:20:55+00:00,2023-02-20T15:52:05+00:00,154753,8105,https://microdatos.dane.gov.co/index.php/catalog/781,https://microdatos.dane.gov.co/index.php/api/catalog/781
478,microdatos.dane.gov.co,DANE-DIMPE-EAC-2003-A-2008,Encuesta Anual de Comercio - EAC - 2003 - A - 2008,Comercio interno.,CII-Microdatos,Dirección de Metodología y Producción Estadística - DIMPE,Colombia,direct,2003,2008,2017-08-03T15:15:00+00:00,2018-09-24T19:33:23+00:00,179713,8078,https://microdatos.dane.gov.co/index.php/catalog/478,https://microdatos.dane.gov.co/index.php/api/catalog/478
253,microdatos.dane.gov.co,DANE-DIMPE-EGIT-2012-2013,Encuesta de Gasto Interno en Turismo - EGIT - 2012 - 2013,Servicios.,SER-Microdatos,Carlos Arturo Mora Martinez,Colombia,direct,2012,2013,2014-07-18T15:33:20+00:00,2017-09-25T15:10:07+00:00,193373,8058,https://microdatos.dane.gov.co/index.php/catalog/253,https://microdatos.dane.gov.co/index.php/api/catalog/253
343,microdatos.dane.gov.co,DANE-DIRPEN-ESAG-2008-2009-2010-2011,Encuesta de Sacrificio de Ganado -  ESAG - 2008 A 2011,Metadatos - DANE,METADATOS,Dirección de Metodología y Producción Estadística - DIMPE,Colombia,data_na,2008,2011,2015-05-21T15:32:13+00:00,2015-05-21T15:32:13+00:00,130716,8018,https://microdatos.dane.gov.co/index.php/catalog/343,https://microdatos.dane.gov.co/index.php/api/catalog/343
167,microdatos.dane.gov.co,DANE- DIMPE- MTA - 2010,Muestra Trimestral de Agencias de Viajes - MTA -  2010,Metadatos - DANE,METADATOS,Dirección de Metodologia y Producción Estadística - DIMPE-,Colombia,data_na,0,0,2014-03-28T21:13:56+00:00,2014-03-28T21:13:56+00:00,118532,8006,https://microdatos.dane.gov.co/index.php/catalog/167,https://microdatos.dane.gov.co/index.php/api/catalog/167
668,microdatos.dane.gov.co,DANE-DIMPE-GEIH-ND-2019,GEIH - Nuevos Departamentos de la Amazonía y Orinoquía - 2019,Mercado Laboral.,MERCLAB-Microdatos,Dirección de Metodología y Producción Estadística - DIMPE,Colombia,direct,2019,2019,2020-05-20T19:17:44+00:00,2020-11-13T23:02:24+00:00,133304,7937,https://microdatos.dane.gov.co/index.php/catalog/668,https://microdatos.dane.gov.co/index.php/api/catalog/668
555,microdatos.dane.gov.co,DANE-DIMPE-EXPO-1991-2004,Estadísticas de Exportaciones - EXPO - 1991 A 2004,Comercio internacional.,CI-Microdatos,Dirección de Metodología y Producción Estadística - DIMPE,Colombia,direct,1991,2004,2018-05-08T21:09:18+00:00,2023-11-20T16:20:49+00:00,140520,7929,https://microdatos.dane.gov.co/index.php/catalog/555,https://microdatos.dane.gov.co/index.php/api/catalog/555
703,microdatos.dane.gov.co,DANE-DCD-CHC-2020,Censo de Habitantes de Calle - CHC- 2020,Demografía y población.,DEM-Microdatos,Departamento Administrativo Nacional de Estadística - DANE,Colombia,direct,0,0,2021-03-31T17:33:13+00:00,2021-04-27T13:42:03+00:00,104467,7905,https://microdatos.dane.gov.co/index.php/catalog/703,https://microdatos.dane.gov.co/index.php/api/catalog/703
481,microdatos.dane.gov.co,DANE-DIMPE-EAC-2011-1,Encuesta Anual de Comercio - EAC - 2011,Comercio interno.,CII-Microdatos,Dirección de Metodología y Producción Estadística - DIMPE,Colombia,direct,2011,2011,2017-08-03T18:45:03+00:00,2018-09-20T16:49:26+00:00,51673,7887,https://microdatos.dane.gov.co/index.php/catalog/481,https://microdatos.dane.gov.co/index.php/api/catalog/481
545,microdatos.dane.gov.co,DANE-POBREZA-MONETARIA-DESIGUALDAD-2017,Medición de Pobreza Monetaria y Desigualdad 2017,Pobreza y condiciones de vida.,POBCONVID,Departamento Administrativo Nacional de Estadística,Colombia,direct,0,0,2018-03-22T16:43:44+00:00,2018-05-22T20:10:49+00:00,111819,7863,https://microdatos.dane.gov.co/index.php/catalog/545,https://microdatos.dane.gov.co/index.php/api/catalog/545
776,microdatos.dane.gov.co,DANE-DIMPE-SIPSA-P-2013-2024,Sistema de Información de Precios y Abastecimiento del Sector Agropecuario Componente de Precios Mayoristas – SIPSA - P - 2013 -2024,Agropecuario.,Agrop-Microdatos,Departamento Administrativo Nacional de Estadística - DANE,Colombia,direct,2013,2024,2023-01-13T23:34:17+00:00,2025-04-01T17:21:51+00:00,53857,7852,https://microdatos.dane.gov.co/index.php/catalog/776,https://microdatos.dane.gov.co/index.php/api/catalog/776
67,microdatos.dane.gov.co,DANE-DIMPE-GEIH-ND-2012,GEIH - Nuevos Departamentos de la Amazonía y Orinoquia - 2012,Mercado Laboral.,MERCLAB-Microdatos,Dirección de Metodología y Producción Estadística - DIMPE,Colombia,direct,2012,2012,2014-03-10T14:20:54+00:00,2020-02-29T20:23:27+00:00,169405,7825,https://microdatos.dane.gov.co/index.php/catalog/67,https://microdatos.dane.gov.co/index.php/api/catalog/67
89,microdatos.dane.gov.co,DANE-DIMPE-IIOC-2010-2011,Indicador de Inversión en Obras Civiles - IIOC -  2010 - 2011,Metadatos - DANE,METADATOS,Dirección de Metodología y Producción Estadística - DIMPE,Colombia,data_na,2010,2011,2014-03-14T13:43:48+00:00,2014-03-14T13:43:48+00:00,21498,7810,https://microdatos.dane.gov.co/index.php/catalog/89,https://microdatos.dane.gov.co/index.php/api/catalog/89
465,microdatos.dane.gov.co,PROFAMILIA-ENDS-2010,Encuesta Nacional de Demografìa y Salud - ENDS - 2010,,CAT_PROFAMILIA,Departamento de Investigaciones - Profamilia,Colombia,data_na,2009,2010,2017-04-25T21:22:55+00:00,2017-04-25T21:22:55+00:00,525139,7707,https://microdatos.dane.gov.co/index.php/catalog/465,https://microdatos.dane.gov.co/index.php/api/catalog/465
101,microdatos.dane.gov.co,DANE-DIRPEN-EDID-2008,Encuesta sobre Ambiente y Desempeño Institucional Departamental - EDID - 2008,Metadatos - DANE,METADATOS,"Dirección de Regulación, Planeación, Estandarización y Normalización - DIRPEN",Colombia,data_na,2008,2008,2014-03-14T21:57:32+00:00,2014-03-14T21:57:32+00:00,281318,7671,https://microdatos.dane.gov.co/index.php/catalog/101,https://microdatos.dane.gov.co/index.php/api/catalog/101
789,microdatos.dane.gov.co,DANE-DIMPE-GEIH-FACTORES-DE-EXPANSION-DEPARTAMENTAL-2021-2025,Gran Encuesta Integrada de Hogares - GEIH - Factores de Expansión Departamental 2007 - 2025,Mercado Laboral.,MERCLAB-Microdatos,Dirección de Metodología y Producción Estadística - DIMPE,Colombia,direct,2021,2025,2023-04-25T04:45:09+00:00,2026-05-05T19:06:01+00:00,26425,7640,https://microdatos.dane.gov.co/index.php/catalog/789,https://microdatos.dane.gov.co/index.php/api/catalog/789
694,microdatos.dane.gov.co,DANE-DIMPE-EAM-2019,Encuesta Anual Manufacturera – EAM - 2019,Industria.,Ind-Microdatos,Departamento Administrativo Nacional de Estadística - DANE,Colombia,direct,2020,2020,2020-12-29T13:59:09+00:00,2020-12-29T14:03:25+00:00,131380,7453,https://microdatos.dane.gov.co/index.php/catalog/694,https://microdatos.dane.gov.co/index.php/api/catalog/694
447,microdatos.dane.gov.co,DANE-DIMPE-ECC-2016,Encuesta de Consumo Cultural - ECC - 2016,Cultura.,Cult-Microdatos,Dirección de Metodologías y Producción Estadística -DIMPE,Colombia,direct,2016,2016,2017-02-10T19:42:38+00:00,2021-12-16T18:47:01+00:00,589261,7451,https://microdatos.dane.gov.co/index.php/catalog/447,https://microdatos.dane.gov.co/index.php/api/catalog/447
345,microdatos.dane.gov.co,DANE-DIMPE-ECC-2014,Encuesta de Consumo Cultural - ECC - 2014,Cultura.,Cult-Microdatos,Dirección de Metodologías y Producción Estadística -DIMPE,Colombia,direct,2014,2014,2015-05-25T14:37:46+00:00,2021-12-16T18:25:32+00:00,684605,7429,https://microdatos.dane.gov.co/index.php/catalog/345,https://microdatos.dane.gov.co/index.php/api/catalog/345
485,microdatos.dane.gov.co,DANE-DIMPE-EAS-2013-2014-1,Encuesta Anual de Servicios - EAS - 2013 - 2014,Servicios.,SER-Microdatos,Dirección de de Metodología y Producción Estadística -DIMPE-,Colombia,direct,2014,2015,2017-08-04T17:11:35+00:00,2018-09-20T16:15:56+00:00,162419,7362,https://microdatos.dane.gov.co/index.php/catalog/485,https://microdatos.dane.gov.co/index.php/api/catalog/485
665,microdatos.dane.gov.co,DANE-DIMPE-GEIH-2019-1,"GEIH - 2019 - Ciudades Intermedias, (Barrancabermeja, Buenaventura y Soacha)",Mercado Laboral.,MERCLAB-Microdatos,Dirección de Metodología y Producción Estadística - DIMPE,Colombia,direct,2019,2019,2020-05-15T12:45:41+00:00,2021-07-10T00:45:49+00:00,143090,7341,https://microdatos.dane.gov.co/index.php/catalog/665,https://microdatos.dane.gov.co/index.php/api/catalog/665
483,microdatos.dane.gov.co,DANE-DIMPE-EAS-2011-1,Encuesta Anual de Servicios - EAS - 2011,Servicios.,SER-Microdatos,Dirección de de Metodología y Producción Estadística -DIMPE-,Colombia,direct,2012,2012,2017-08-04T16:31:29+00:00,2018-09-27T21:47:28+00:00,78001,7280,https://microdatos.dane.gov.co/index.php/catalog/483,https://microdatos.dane.gov.co/index.php/api/catalog/483
303,microdatos.dane.gov.co,MINTIC-OAPES-TPBC-2011-A-2014,Telefonía Pública Básica Conmutada - TPBC - 2011 a 2014 (I TRIMESTRE),,CAT_MET_MIN_TIC,"Oficina Asesora de Planeación y Estudios Sectoriales, Oficina de Tecnologías de Información",Colombia,data_na,0,0,2014-11-26T16:37:00+00:00,2014-11-26T16:37:00+00:00,93038,7267,https://microdatos.dane.gov.co/index.php/catalog/303,https://microdatos.dane.gov.co/index.php/api/catalog/303
724,microdatos.dane.gov.co,DANE-DIMPE-EAM-2020,Encuesta Anual Manufacturera – EAM - 2020,Industria.,Ind-Microdatos,Departamento Administrativo Nacional de Estadística - DANE,Colombia,direct,2021,2021,2022-03-02T16:34:24+00:00,2022-03-02T16:36:38+00:00,102305,7103,https://microdatos.dane.gov.co/index.php/catalog/724,https://microdatos.dane.gov.co/index.php/api/catalog/724
80,microdatos.dane.gov.co,DANE-DIMPE-CHV-2009-2010-2011-2012,Cartera Hipotecaria de Vivienda - CHV - 2009 - 2010 - 2011-2012,Metadatos - DANE,METADATOS,Dirección de Metodología y Producción Estadística  - DIMPE,Colombia,data_na,2009,2012,2014-03-11T19:43:32+00:00,2014-03-11T19:43:32+00:00,68098,7102,https://microdatos.dane.gov.co/index.php/catalog/80,https://microdatos.dane.gov.co/index.php/api/catalog/80
647,microdatos.dane.gov.co,DANE-DIMPE-EAC-2017-2018,Encuesta Anual de Comercio - EAC - 2017 - 2018,Comercio interno.,CII-Microdatos,"Dirección de Metodología y Producción Estadística - DIMPE., La información de 2018 corresponde a las empresas  con ingresos iguales o superiores a $1.770 Millones y/o 10 o más personas ocupadas, esto teniendo en centa que el parámetro de inclusión se actualiza cada año con el IPC.",Colombia,direct,2019,2019,2019-12-16T14:57:47+00:00,2020-12-23T21:29:14+00:00,116811,7019,https://microdatos.dane.gov.co/index.php/catalog/647,https://microdatos.dane.gov.co/index.php/api/catalog/647
726,microdatos.dane.gov.co,DANE-DIMPE-EAS-2020,Encuesta Anual de Servicios - EAS - 2020,Servicios.,SER-Microdatos,Dirección de de Metodología y Producción Estadística -DIMPE-,Colombia,direct,2021,2021,2022-03-08T21:15:56+00:00,2022-03-08T22:02:48+00:00,42894,7011,https://microdatos.dane.gov.co/index.php/catalog/726,https://microdatos.dane.gov.co/index.php/api/catalog/726
814,microdatos.dane.gov.co,DANE-DIMPE-ELCO-2019,Encuesta Longitudinal de Colombia - ELCO - 2019,Pobreza y condiciones de vida.,POBCONVID,Departamento Administrativo Nacional de Estadística,Colombia,direct,2019,2020,2024-02-14T22:16:35+00:00,2024-02-14T22:18:42+00:00,195687,6969,https://microdatos.dane.gov.co/index.php/catalog/814,https://microdatos.dane.gov.co/index.php/api/catalog/814
184,microdatos.dane.gov.co,DANE-DIMPE-IMPO-2008-2009-2010-2011,Estadísticas de Importaciones - IMPO -  2008 A 2011,Comercio internacional.,CI-Microdatos,"Dirección de Metodología y Producción Estadística - DIMPE-, Fase 1: (Enero 2008-diciembre 2016), Publicación (31 de Diciembre 2017)., Fase 2: (Enero 1991- diciembre 2007), Publicación (28 de febrero 2018)., Fase 3: (Años 1970 - 1990), Publicación (28 marzo de 2018).",Colombia,direct,2008,2011,2018-01-24T17:57:50+00:00,2023-11-20T14:37:40+00:00,40699,6962,https://microdatos.dane.gov.co/index.php/catalog/184,https://microdatos.dane.gov.co/index.php/api/catalog/184
807,microdatos.dane.gov.co,COL-DANE-EEVV-2022,Estadísticas Vitales - EEVV - 2022,Demografía y población.,DEM-Microdatos,Dirección de Censos y Demografía - DCD,Colombia,direct,2022,2022,2024-01-16T20:14:08+00:00,2024-01-18T19:58:48+00:00,111451,6883,https://microdatos.dane.gov.co/index.php/catalog/807,https://microdatos.dane.gov.co/index.php/api/catalog/807
254,microdatos.dane.gov.co,DANE-DIMPE-IPM-2010,Indice de Pobreza Multidimensional - IPM - 2010,Pobreza y condiciones de vida.,POBCONVID,Departamento Administrativo Nacional de Estadística,Colombia,direct,0,0,2014-07-24T14:03:57+00:00,2022-11-29T23:04:04+00:00,89279,6836,https://microdatos.dane.gov.co/index.php/catalog/254,https://microdatos.dane.gov.co/index.php/api/catalog/254
480,microdatos.dane.gov.co,DANE-DIMPE-EAC-2009-1,Encuesta Anual de Comercio - EAC - 2009,Comercio interno.,CII-Microdatos,Dirección de Metodología y Producción Estadística - DIMPE,Colombia,direct,2009,2009,2017-08-03T18:22:31+00:00,2018-09-21T22:18:23+00:00,50713,6823,https://microdatos.dane.gov.co/index.php/catalog/480,https://microdatos.dane.gov.co/index.php/api/catalog/480
570,microdatos.dane.gov.co,DANE-DIMPE-EAC-2013-A-2015,Encuesta Anual de Comercio - EAC - 2013 A 2015,Comercio interno.,CII-Microdatos,Dirección de Metodología y Producción Estadística - DIMPE,Colombia,direct,2014,2016,2018-09-18T16:17:39+00:00,2018-09-18T17:11:36+00:00,151168,6706,https://microdatos.dane.gov.co/index.php/catalog/570,https://microdatos.dane.gov.co/index.php/api/catalog/570
390,microdatos.dane.gov.co,DANE-DIMPE-ECSC-2015,Encuesta de Convivencia y Seguridad Ciudadana - ECSC - 2015,Seguridad y defensa.,SEGDEF-Microdatos,Departamento Administrativo Nacional de Estadística,Colombia,direct,2016,2016,2016-01-08T15:59:23+00:00,2019-04-25T19:47:03+00:00,241913,6646,https://microdatos.dane.gov.co/index.php/catalog/390,https://microdatos.dane.gov.co/index.php/api/catalog/390
660,microdatos.dane.gov.co,DANE-DIMPE-GEIH-ETNIA,Gran Encuesta Integrada de Hogares - GEIH - ETNIA - 2014 - 2019,Mercado Laboral.,MERCLAB-Microdatos,Dirección de Metodología y Producción Estadística - DIMPE,Colombia,direct,2014,2019,2020-03-16T17:50:07+00:00,2020-03-16T18:18:53+00:00,26623,6593,https://microdatos.dane.gov.co/index.php/catalog/660,https://microdatos.dane.gov.co/index.php/api/catalog/660
392,microdatos.dane.gov.co,DANE-DIMPE-POBREZAMULTIDIMENSIONAL-2015,Indice de Pobreza Multidimensional - IPM- 2015,Pobreza y condiciones de vida.,POBCONVID,Departamento Administrativo Nacional de Estadística,Colombia,direct,0,0,2016-03-02T16:14:47+00:00,2022-12-07T17:06:22+00:00,96839,6580,https://microdatos.dane.gov.co/index.php/catalog/392,https://microdatos.dane.gov.co/index.php/api/catalog/392
352,microdatos.dane.gov.co,FEDESARROLLO-DAMS-EOC-2001-2015,Encuesta de Opinión del Consumidor - EOC - 2001-2015,,CAT_MET_FEDESARROLLO,Fedesarrollo,Colombia,data_na,2001,2015,2015-06-10T16:15:23+00:00,2015-06-10T16:15:23+00:00,34634,6566,https://microdatos.dane.gov.co/index.php/catalog/352,https://microdatos.dane.gov.co/index.php/api/catalog/352
568,microdatos.dane.gov.co,DANE-DIMPE-EAS-2015-2016,Encuesta Anual de Servicios - EAS - 2015 - 2016,Servicios.,SER-Microdatos,Dirección de de Metodología y Producción Estadística -DIMPE-,Colombia,direct,2016,2017,2018-09-10T17:07:52+00:00,2018-09-13T22:25:53+00:00,161373,6547,https://microdatos.dane.gov.co/index.php/catalog/568,https://microdatos.dane.gov.co/index.php/api/catalog/568
502,microdatos.dane.gov.co,DANE-DIMPE-EDUC-2014-1,Investigación de Educación Formal - 2014,Educación.,EDU-Microdatos,Investigación de Educación Formal,Colombia,direct,2014,2014,2017-09-21T15:30:55+00:00,2023-06-06T17:18:06+00:00,220909,6466,https://microdatos.dane.gov.co/index.php/catalog/502,https://microdatos.dane.gov.co/index.php/api/catalog/502
474,microdatos.dane.gov.co,ESALES-2016-2017,Estadística del Registro de Entidades sin Ánimo de lucro - ESALES - 2016 - 2017,,CAT_ORGANIZACIONES_SOLIDARIAS,Unidad Administrativa Especial de Organizaciones Solidarias,Colombia,data_na,2016,2016,2017-07-17T16:30:52+00:00,2017-07-17T16:30:52+00:00,41466,6446,https://microdatos.dane.gov.co/index.php/catalog/474,https://microdatos.dane.gov.co/index.php/api/catalog/474
822,microdatos.dane.gov.co,DANE-DIMPE-ECP-2023,Encuesta de Cultura Política - ECP - 2023,Gobierno.,GOB-Microdatos,Dirección de Metodología y Producción Estadística - DIMPE -,Colombia,direct,2023,2023,2024-04-09T20:16:49+00:00,2024-04-15T18:56:27+00:00,112298,6435,https://microdatos.dane.gov.co/index.php/catalog/822,https://microdatos.dane.gov.co/index.php/api/catalog/822
336,microdatos.dane.gov.co,DANE-DIMPE-GEIH-ND-2014,GEIH - Nuevos Departamentos de la Amazonía y Orinoquia - 2014,Mercado Laboral.,MERCLAB-Microdatos,Dirección de Metodología y Producción Estadística - DIMPE,Colombia,direct,2014,2014,2015-04-09T20:20:45+00:00,2020-03-02T12:39:52+00:00,180222,6384,https://microdatos.dane.gov.co/index.php/catalog/336,https://microdatos.dane.gov.co/index.php/api/catalog/336
380,microdatos.dane.gov.co,DANE-DIMPE-EDUC-2005,Investigación de Educación Formal - 2005,Educación.,EDU-Microdatos,Dirección de Metodología y Producción Estadística - DIMPE,Colombia,direct,2005,2005,2015-11-17T19:59:58+00:00,2024-05-21T21:27:10+00:00,374081,6356,https://microdatos.dane.gov.co/index.php/catalog/380,https://microdatos.dane.gov.co/index.php/api/catalog/380
382,microdatos.dane.gov.co,DANE-DIMPE-EDUC-2007,Investigación de Educación Formal - 2007,Educación.,EDU-Microdatos,Dirección de Metodología y Producción Estadística - DIMPE,Colombia,direct,2007,2007,2015-11-30T16:11:50+00:00,2021-12-24T01:04:49+00:00,381544,6351,https://microdatos.dane.gov.co/index.php/catalog/382,https://microdatos.dane.gov.co/index.php/api/catalog/382
677,microdatos.dane.gov.co,DANE-DIMPE-ENA-2013-I-SEMESTRE,Encuesta Nacional Agropecuaria - ENA - 2013 - I - Semestre.,Agropecuario.,Agrop-Microdatos,Dirección de Metodología y Producción Estadística - DIMPE,Colombia,direct,2013,2013,2020-07-04T21:36:25+00:00,2020-07-04T21:47:45+00:00,55388,6337,https://microdatos.dane.gov.co/index.php/catalog/677,https://microdatos.dane.gov.co/index.php/api/catalog/677
707,microdatos.dane.gov.co,DANE-DIMPE-GEIH-ND-2020,GEIH - Nuevos Departamentos de la Amazonia y Orinoquía - 2020,Mercado Laboral.,MERCLAB-Microdatos,Dirección de Metodología y Producción Estadística - DIMPE,Colombia,direct,2020,2020,2021-04-30T23:28:40+00:00,2021-05-01T00:37:19+00:00,46300,6171,https://microdatos.dane.gov.co/index.php/catalog/707,https://microdatos.dane.gov.co/index.php/api/catalog/707
334,microdatos.dane.gov.co,DANE-POBREZAMONETARIAYDESIGUALDAD-2014,Medición de Pobreza Monetaria y Desigualdad 2014,Pobreza y condiciones de vida.,POBCONVID,Departamento Administrativo Nacional de Estadística,Colombia,direct,0,0,2015-04-09T16:18:04+00:00,2017-09-25T15:04:11+00:00,109495,6163,https://microdatos.dane.gov.co/index.php/catalog/334,https://microdatos.dane.gov.co/index.php/api/catalog/334
300,microdatos.dane.gov.co,MINTIC-OAPES-INTERNET-2010-A-2014,Acceso a Internet 2010 A 2014 ( I TRIMESTRE),,CAT_MET_MIN_TIC,"Oficina Asesora de Planeación y Estudios Sectoriales, ",Colombia,data_na,2011,2014,2014-11-25T21:38:05+00:00,2014-11-25T22:16:29+00:00,179953,6091,https://microdatos.dane.gov.co/index.php/catalog/300,https://microdatos.dane.gov.co/index.php/api/catalog/300
900,microdatos.dane.gov.co,DANE-DIMPE-GEIH-2026,Gran Encuesta Integrada de Hogares - GEIH - 2026,Mercado Laboral.,MERCLAB-Microdatos,Dirección de Metodología y Producción Estadística - DIMPE,Colombia,direct,2026,2026,2026-03-16T15:38:09+00:00,2026-07-15T01:27:50+00:00,73832,6090,https://microdatos.dane.gov.co/index.php/catalog/900,https://microdatos.dane.gov.co/index.php/api/catalog/900
905,microdatos.dane.gov.co,DANE-DIMPE-ECV-2025,Encuesta Nacional de Calidad de Vida - ECV - 2025,Pobreza y condiciones de vida.,POBCONVID,"Departamento Administrativo Nacional de Estadística - DANE , Dirección de Metodología y Producción Estadística - DIMPE",Colombia,direct,2024,2025,2026-04-21T19:12:16+00:00,2026-07-16T21:12:46+00:00,56029,6032,https://microdatos.dane.gov.co/index.php/catalog/905,https://microdatos.dane.gov.co/index.php/api/catalog/905
211,microdatos.dane.gov.co,DANE-POBREZAMONETARIAyDESIGUALDAD-2013,Medición de Pobreza Monetaria y Desigualdad 2013,Pobreza y condiciones de vida.,POBCONVID,Departamento Administrativo Nacional de Estadística,Colombia,direct,0,0,2014-05-26T18:22:23+00:00,2017-09-25T15:13:04+00:00,108389,6030,https://microdatos.dane.gov.co/index.php/catalog/211,https://microdatos.dane.gov.co/index.php/api/catalog/211
188,microdatos.dane.gov.co,DANE-DIRPEN-ECVB-2007,Encuesta de Calidad de Vida de Bogotá - ECVB 2007,Pobreza y condiciones de vida.,POBCONVID,Dirección de Metodología y Producción Estadística - DIMPE,Colombia,direct,2007,2007,2014-05-02T16:57:48+00:00,2017-09-25T15:17:14+00:00,325869,6029,https://microdatos.dane.gov.co/index.php/catalog/188,https://microdatos.dane.gov.co/index.php/api/catalog/188
856,microdatos.dane.gov.co,DANE-DIMPE-IMPO-2025-2026,Estadísticas de Importaciones - IMPO - 2025 A 2026,Comercio internacional.,CI-Microdatos,,Colombia,direct,2025,2026,2025-03-26T19:24:15+00:00,2026-07-22T15:11:17+00:00,46139,6003,https://microdatos.dane.gov.co/index.php/catalog/856,https://microdatos.dane.gov.co/index.php/api/catalog/856
764,microdatos.dane.gov.co,DANE-DIMPE-GEIH-EMPAL-2020,Gran Encuesta Integrada de Hogares - GEIH - Empalme - 2020,Mercado Laboral.,MERCLAB-Microdatos,El presente catálogo contiene las bases de datos de la GEIH con factor de expansión empalmado. A partir del año 2014 incluye información de las 8 ciudades capitales de la Amazonía y Orinoquía y San Andrés.,Colombia,direct,2020,2020,2022-11-15T14:37:44+00:00,2023-01-02T21:15:02+00:00,70269,5943,https://microdatos.dane.gov.co/index.php/catalog/764,https://microdatos.dane.gov.co/index.php/api/catalog/764
275,microdatos.dane.gov.co,DANE-DIMPE-EDID-REGION-2013,Encuesta Sobre Ambiente y Desempeño Institucional Departamental- EDID - 2013 ( REGIÓN ),Gobierno.,GOB-Microdatos,Departamento Administrativo Nacional de Estadística - DANE - Dirección de Metodología y Producción Estadística - DIMPE,Colombia,direct,2014,2014,2014-10-06T21:53:10+00:00,2017-10-24T16:30:52+00:00,233540,5932,https://microdatos.dane.gov.co/index.php/catalog/275,https://microdatos.dane.gov.co/index.php/api/catalog/275
452,microdatos.dane.gov.co,DANE-DIMPE-ICTC-2015,Índice de Costos del Transporte de Carga por Carretera - ICTC - 2015,Metadatos - DANE,METADATOS,Dirección de Metodología y Producción Estadística - DIMPE,Colombia,data_na,2015,2015,2017-03-21T13:11:39+00:00,2017-03-21T13:11:39+00:00,22541,5819,https://microdatos.dane.gov.co/index.php/catalog/452,https://microdatos.dane.gov.co/index.php/api/catalog/452
671,microdatos.dane.gov.co,DANE-DIMPE-ENA-2016,Encuesta Nacional Agropecuaria - ENA - 2016,Agropecuario.,Agrop-Microdatos,Dirección de Metodología y Producción Estadística - DIMPE,Colombia,direct,2016,2016,2020-06-18T22:43:05+00:00,2024-05-21T18:36:22+00:00,176302,5807,https://microdatos.dane.gov.co/index.php/catalog/671,https://microdatos.dane.gov.co/index.php/api/catalog/671
376,microdatos.dane.gov.co,DODASO-2012-2013,"Estadísticas de Planta Docente, Directivos Docentes y Administrativos de los Establecimientos Educativos del Sector Oficial  - DODASO - 2012 - 2013, Estadísticas de Docentes y Administrativos Sector Oficial",,CAT_MET_MIN_EDUC,Oficina Asesora de Planeación y Finanzas,Colombia,data_na,2012,2013,2015-10-09T20:22:34+00:00,2015-10-09T20:22:34+00:00,64415,5802,https://microdatos.dane.gov.co/index.php/catalog/376,https://microdatos.dane.gov.co/index.php/api/catalog/376
785,microdatos.dane.gov.co,PNNC-APISIR-2021,Areas Protegidas integrantes del SINAP inscritas del RUNAP - APISIR - 2022,Metadatos - DANE,METADATOS,Subdirección de Gestión y Manejo,Colombia,data_na,2022,2022,2023-03-28T16:06:37+00:00,2023-03-28T20:41:58+00:00,20658,5789,https://microdatos.dane.gov.co/index.php/catalog/785,https://microdatos.dane.gov.co/index.php/api/catalog/785
479,microdatos.dane.gov.co,DANE-DIMPE-EAC-2010-1,Encuesta Anual de Comercio - EAC - 2010,Comercio interno.,CII-Microdatos,Dirección de Metodología y Producción Estadística - DIMPE,Colombia,direct,2010,2010,2017-08-03T15:55:52+00:00,2018-09-21T19:52:36+00:00,50469,5789,https://microdatos.dane.gov.co/index.php/catalog/479,https://microdatos.dane.gov.co/index.php/api/catalog/479
517,microdatos.dane.gov.co,DANE-DIMPE-ETET-2013,Encuesta de Transición de la Escuela al Trabajo - ETET - 2013,Mercado Laboral.,MERCLAB-Microdatos,Dirección de Metodología y Producción Estadística - DIMPE,Colombia,direct,2013,2013,2018-01-25T16:27:11+00:00,2020-02-29T16:09:09+00:00,137257,5768,https://microdatos.dane.gov.co/index.php/catalog/517,https://microdatos.dane.gov.co/index.php/api/catalog/517
405,microdatos.dane.gov.co,DANE-DIMPE-GEIH-ND-2015,GEIH - Nuevos Departamentos de la Amazonía y Orinoquia - 2015,Mercado Laboral.,MERCLAB-Microdatos,Dirección de Metodología y Producción Estadística - DIMPE,Colombia,direct,2015,2015,2016-04-14T20:57:09+00:00,2020-03-02T13:17:33+00:00,161575,5740,https://microdatos.dane.gov.co/index.php/catalog/405,https://microdatos.dane.gov.co/index.php/api/catalog/405
276,microdatos.dane.gov.co,DANE-DIMPE-EDID-ENTIDAD-2013,Encuesta Sobre Ambiente y Desempeño Institucional Departamental - EDID  2013 ( ENTIDAD ),Gobierno.,GOB-Microdatos,Departamento Administrativo Nacional de Estadística - DANE - Dirección de Metodología y Producción Estadística - DIMPE,Colombia,direct,2013,2013,2014-10-07T16:04:22+00:00,2017-10-24T16:44:05+00:00,225941,5738,https://microdatos.dane.gov.co/index.php/catalog/276,https://microdatos.dane.gov.co/index.php/api/catalog/276
247,microdatos.dane.gov.co,DANE-DIMPE-GEIH-MTI-2007,Módulo de Trabajo Infantil - MTI - GEIH - 2007 - IV TRIMESTRE,Mercado Laboral.,MERCLAB-Microdatos,Dirección de Metodología y Producción Estadística - DIMPE,Colombia,direct,2007,2007,2014-07-04T14:09:02+00:00,2020-11-11T22:13:27+00:00,78319,5723,https://microdatos.dane.gov.co/index.php/catalog/247,https://microdatos.dane.gov.co/index.php/api/catalog/247
672,microdatos.dane.gov.co,DANE-DIMPE-ENA-2014,Encuesta Nacional Agropecuaria - ENA - 2014,Agropecuario.,Agrop-Microdatos,Dirección de Metodología y Producción Estadística - DIMPE,Colombia,direct,2014,2014,2020-06-25T15:53:11+00:00,2020-06-25T16:07:44+00:00,151731,5705,https://microdatos.dane.gov.co/index.php/catalog/672,https://microdatos.dane.gov.co/index.php/api/catalog/672
484,microdatos.dane.gov.co,DANE-DIMPE-EAS-2012-1,Encuesta Anual de Servicios - EAS - 2012,Servicios.,SER-Microdatos,Dirección de de Metodología y Producción Estadística -DIMPE-,Colombia,direct,2013,2013,2017-08-04T17:01:13+00:00,2018-09-20T16:38:28+00:00,88761,5685,https://microdatos.dane.gov.co/index.php/catalog/484,https://microdatos.dane.gov.co/index.php/api/catalog/484
381,microdatos.dane.gov.co,DANE-DIMPE-EDUC-2006,Investigación de Educación Formal - 2006,Educación.,EDU-Microdatos,Dirección de Metodología y Producción Estadística - DIMPE,Colombia,direct,2005,2005,2015-11-27T15:11:42+00:00,2021-12-23T16:16:57+00:00,374621,5684,https://microdatos.dane.gov.co/index.php/catalog/381,https://microdatos.dane.gov.co/index.php/api/catalog/381
202,microdatos.dane.gov.co,DANE-DIMPE-ENIG-1994-1995,Encuesta Nacional de Ingresos y Gastos - ENIG - 1994-1995,Pobreza y condiciones de vida.,POBCONVID,Dirección de Metodología y Producción Estadística - DIMPE,Colombia,direct,0,0,2014-05-23T16:56:54+00:00,2017-09-25T15:13:31+00:00,160737,5674,https://microdatos.dane.gov.co/index.php/catalog/202,https://microdatos.dane.gov.co/index.php/api/catalog/202
446,microdatos.dane.gov.co,IDEAM-GRDP-2009-2015,Generadores de Residuos o Desechos Peligrosos - GRDP - 2009 - 2015,,CAT_IDEAM,"Instituto de Hidrología, Meteorología y Estudios Ambientales - IDEAM",Colombia,data_na,2009,2015,2017-02-09T20:32:44+00:00,2017-02-09T20:32:44+00:00,87534,5671,https://microdatos.dane.gov.co/index.php/catalog/446,https://microdatos.dane.gov.co/index.php/api/catalog/446
344,microdatos.dane.gov.co,DANE-DIRPEN-ESAG-2012-2013,Encuesta de Sacrificio de Ganado -  ESAG - 2012 A 2013,Metadatos - DANE,METADATOS,Dirección de Metodología y Producción Estadística - DIMPE,Colombia,data_na,2012,2013,2015-05-21T15:37:01+00:00,2015-05-21T15:37:01+00:00,137576,5663,https://microdatos.dane.gov.co/index.php/catalog/344,https://microdatos.dane.gov.co/index.php/api/catalog/344
584,microdatos.dane.gov.co,DANE-DIMPE-EDIT-S-VI-2016-2017,Encuesta de Desarrollo e Innovación Tecnológica de Servicios – EDIT- S - 2016 - 2017,Tecnología e innovación.,TECINNO-Microdatos,Dirección de Metodología y Producción Estadística - DIMPE,Colombia,direct,2018,2018,2019-01-09T19:16:11+00:00,2020-05-21T16:30:33+00:00,212237,5642,https://microdatos.dane.gov.co/index.php/catalog/584,https://microdatos.dane.gov.co/index.php/api/catalog/584
553,microdatos.dane.gov.co,DANE-DIMPE-EDIT-INDUSTRIA-VIII-2015-2016,Encuesta de Desarrollo e Innovación Tecnológica -  EDIT-  Industria VIII - 2015 - 2016,Tecnología e innovación.,TECINNO-Microdatos,Dirección de Metodología y Producción Estadística - DIMPE,Colombia,direct,2017,2017,2018-05-04T20:43:43+00:00,2018-05-10T20:54:30+00:00,231903,5584,https://microdatos.dane.gov.co/index.php/catalog/553,https://microdatos.dane.gov.co/index.php/api/catalog/553
765,microdatos.dane.gov.co,DANE-DIMPE-GEIH-EMPALME-2010,Gran Encuesta Integrada de Hogares - GEIH - Empalme - 2010,Mercado Laboral.,MERCLAB-Microdatos,El presente catálogo contiene las bases de datos de la GEIH con factor de expansión empalmado. A partir del año 2014 incluye información de las 8 ciudades capitales de la Amazonía y Orinoquía y San Andrés.,Colombia,direct,2010,2010,2022-11-15T15:55:38+00:00,2022-11-15T15:58:07+00:00,63968,5576,https://microdatos.dane.gov.co/index.php/catalog/765,https://microdatos.dane.gov.co/index.php/api/catalog/765
836,microdatos.dane.gov.co,DANE-DIMPE-EAM-2022,Encuesta Anual Manufacturera – EAM - 2022.,Industria.,Ind-Microdatos,Departamento Administrativo Nacional de Estadística - DANE,Colombia,direct,0,0,2024-08-01T21:15:10+00:00,2025-11-13T19:21:19+00:00,61016,5534,https://microdatos.dane.gov.co/index.php/catalog/836,https://microdatos.dane.gov.co/index.php/api/catalog/836
503,microdatos.dane.gov.co,DANE-DIMPE-INVESTIGACIÓN-DE-EDUCACIÓN-FORMAL-2016-2,Investigación de Educación Formal - 2016,Educación.,EDU-Microdatos,Investigación de Educación Formal,Colombia,direct,2016,2016,2017-09-22T14:39:00+00:00,2022-01-26T18:48:42+00:00,250429,5491,https://microdatos.dane.gov.co/index.php/catalog/503,https://microdatos.dane.gov.co/index.php/api/catalog/503
837,microdatos.dane.gov.co,DANE-DIMPE-EPM-VII-2024,Encuesta Pulso de la Migración - EPM - VII- 2024,Demografía y población.,DEM-Microdatos,Departamento Administrativo Nacional de Estadística,Colombia,direct,2024,2024,2024-10-10T21:37:40+00:00,2024-12-27T19:40:58+00:00,50494,5479,https://microdatos.dane.gov.co/index.php/catalog/837,https://microdatos.dane.gov.co/index.php/api/catalog/837
271,microdatos.dane.gov.co,DANE-DIMPE-EDI-SECTOR-2013,Encuesta Sobre Ambiente y Desempeño Institucional Nacional  - EDI - 2013 - (SECTOR),Gobierno.,GOB-Microdatos,Departamento Administrativo Nacional de Estadística - DANE - Dirección de Metodología y Producción Estadística - DIMPE,Colombia,direct,2013,2013,2014-10-01T16:17:46+00:00,2017-10-24T15:37:05+00:00,206810,5420,https://microdatos.dane.gov.co/index.php/catalog/271,https://microdatos.dane.gov.co/index.php/api/catalog/271
562,microdatos.dane.gov.co,DANE-DIMPE-GEIH-ND-2017,GEIH - Nuevos Departamentos de la Amazonía y Orinoquía - 2017,Mercado Laboral.,MERCLAB-Microdatos,Dirección de Metodología y Producción Estadística - DIMPE,Colombia,direct,2017,2017,2018-06-07T14:39:24+00:00,2020-11-13T23:27:49+00:00,185007,5401,https://microdatos.dane.gov.co/index.php/catalog/562,https://microdatos.dane.gov.co/index.php/api/catalog/562
82,microdatos.dane.gov.co,DANE-DIMPE-MMS-2008,Muestra Mensual de Servicios - MMS -  2008,Servicios,SER-Metadatos,Dirección de Metodología y Producción Estadística - DIMPE-,Colombia,data_na,2008,2008,2014-03-13T16:14:10+00:00,2014-03-13T16:14:10+00:00,152333,5395,https://microdatos.dane.gov.co/index.php/catalog/82,https://microdatos.dane.gov.co/index.php/api/catalog/82
690,microdatos.dane.gov.co,DANE-DIMPE-EGIT-2020-I-TRIMESTRE,Encuesta de Gasto Interno en Turismo - EGIT -  2020,Servicios.,SER-Microdatos,Dirección de Metodología y Producción Estadística - DIMPE,Colombia,direct,0,0,2020-11-30T15:54:39+00:00,2021-07-07T23:31:13+00:00,98834,5313,https://microdatos.dane.gov.co/index.php/catalog/690,https://microdatos.dane.gov.co/index.php/api/catalog/690
379,microdatos.dane.gov.co,DANE-DIMPE-EDUC-2004,Investigación de Educación Formal - 2004,Educación.,EDU-Microdatos,Dirección de Metodología y Producción Estadística - DIMPE,Colombia,direct,2004,2004,2015-11-10T22:25:41+00:00,2022-01-04T03:33:26+00:00,178396,5270,https://microdatos.dane.gov.co/index.php/catalog/379,https://microdatos.dane.gov.co/index.php/api/catalog/379
835,microdatos.dane.gov.co,DANE-POBREZA-MONETARIA-Y-DESIGUALDAD-2023,Medición de Pobreza Monetaria y Desigualdad - 2023,Pobreza y condiciones de vida.,POBCONVID,Direccion de Metodología y Producción Estadística - DIMPE,Colombia,direct,2023,2023,2024-07-16T14:37:29+00:00,2025-09-08T14:46:33+00:00,103263,5264,https://microdatos.dane.gov.co/index.php/catalog/835,https://microdatos.dane.gov.co/index.php/api/catalog/835
725,microdatos.dane.gov.co,DANE-DIMPE-EAC-2020,Encuesta Anual de Comercio - EAC - 2020,Comercio interno.,CII-Microdatos,"Dirección de Metodología y Producción Estadística - DIMPE., La información de 2020 corresponde a las empresas  con ingresos iguales o superiores a $1.890 Millones y/o 10 o más personas ocupadas, esto teniendo en centa que el parámetro de inclusión se actualiza cada año con el IPC.",Colombia,direct,2021,2021,2022-03-04T02:58:53+00:00,2022-03-04T03:04:50+00:00,43476,5218,https://microdatos.dane.gov.co/index.php/catalog/725,https://microdatos.dane.gov.co/index.php/api/catalog/725
191,microdatos.dane.gov.co,DANE-DIMPE-MTI-2012,Módulo de Trabajo Infantil - MTI - GEIH - 2012,Mercado Laboral.,MERCLAB-Microdatos,Dirección de Metodología y Producción Estadística - DIMPE,Colombia,direct,2012,2012,2014-05-13T19:31:22+00:00,2017-09-25T15:17:02+00:00,89467,5214,https://microdatos.dane.gov.co/index.php/catalog/191,https://microdatos.dane.gov.co/index.php/api/catalog/191
417,microdatos.dane.gov.co,DANE-DIMPE-ICES-2014-2015-2016,Índice de Costos de la Educacion Superior - ICES -2014-2015-2016,Educación,EDU-Metadatos,Dirección de Metodología y Producción Estadística - DIMPE,Colombia,data_na,2014,2016,2016-08-02T21:45:21+00:00,2016-08-02T21:45:21+00:00,39400,5214,https://microdatos.dane.gov.co/index.php/catalog/417,https://microdatos.dane.gov.co/index.php/api/catalog/417
338,microdatos.dane.gov.co,DANE-DIMPE-MTI-2014,Módulo de Trabajo Infantil - MTI- GEIH - 2014,Mercado Laboral.,MERCLAB-Microdatos,Dirección de Metodología y Producción Estadística - DIMPE,Colombia,direct,2014,2014,2015-04-21T16:28:01+00:00,2017-09-25T15:03:35+00:00,89680,5204,https://microdatos.dane.gov.co/index.php/catalog/338,https://microdatos.dane.gov.co/index.php/api/catalog/338
428,microdatos.dane.gov.co,CAMACOL-CU-2014-2015-2016,Censo de Obras  “Coordenada Urbana” - CU - 2014 - 2015 - 2016,,CAT_CAMACOL,Cámara Colombiana de la Construcción - CAMACOL -,Colombia,data_na,2014,2016,2016-10-12T19:25:42+00:00,2016-10-12T19:25:42+00:00,215043,5196,https://microdatos.dane.gov.co/index.php/catalog/428,https://microdatos.dane.gov.co/index.php/api/catalog/428
629,microdatos.dane.gov.co,DANE-DIMPE-GEIH-II-SEMESTRE-2016,Gran Encuesta Integrada de Hogares - GEIH - 2016 - San Andrés (II Semestre),Mercado Laboral.,MERCLAB-Microdatos,Dirección de Metodología y Producción Estadística - DIMPE,Colombia,direct,2016,2016,2019-08-22T20:53:22+00:00,2019-08-22T21:02:17+00:00,134002,5154,https://microdatos.dane.gov.co/index.php/catalog/629,https://microdatos.dane.gov.co/index.php/api/catalog/629
40,microdatos.dane.gov.co,DANE-POBREZAMONETARIAyDESIGUALDAD-2012,Medición de Pobreza Monetaria y Desigualdad 2012,Pobreza y condiciones de vida.,POBCONVID,Departamento Administrativo Nacional de Estadística,Colombia,direct,0,0,2014-03-04T19:08:02+00:00,2017-09-25T15:20:25+00:00,89528,5151,https://microdatos.dane.gov.co/index.php/catalog/40,https://microdatos.dane.gov.co/index.php/api/catalog/40
527,microdatos.dane.gov.co,DANE-DIMPE-EDID-2017,Encuesta Sobre Ambiente y Desempeño Institucional Departamental- EDID - 2017 (ENTIDAD),Gobierno.,GOB-Microdatos,Departamento Administrativo Nacional de Estadística - DANE - Dirección de Metodología y Producción Estadística - DIMPE,Colombia,direct,2017,2017,2018-02-02T15:40:21+00:00,2018-02-02T15:45:21+00:00,236335,5133,https://microdatos.dane.gov.co/index.php/catalog/527,https://microdatos.dane.gov.co/index.php/api/catalog/527
192,microdatos.dane.gov.co,DANE-DIMPE-MTI-2013,Módulo de Trabajo Infantil  - MTI - GEIH - 2013,Mercado Laboral.,MERCLAB-Microdatos,Dirección de Metodología y Producción Estadística - DIMPE,Colombia,direct,2013,2013,2014-05-13T19:32:01+00:00,2017-09-25T15:16:52+00:00,91270,5120,https://microdatos.dane.gov.co/index.php/catalog/192,https://microdatos.dane.gov.co/index.php/api/catalog/192
699,microdatos.dane.gov.co,DANE-DIMPE-EDITS-VII-2018-2019,Encuesta de Desarrollo e Innovación Tecnológica en los sectores de Servicios y comercio - EDITS VII - 2018-2019,Tecnología e innovación.,TECINNO-Microdatos,Dirección de Metodología y Producción Estadística - DIMPE,Colombia,direct,2020,2020,2021-02-25T15:41:32+00:00,2021-02-25T16:16:34+00:00,154202,5110,https://microdatos.dane.gov.co/index.php/catalog/699,https://microdatos.dane.gov.co/index.php/api/catalog/699
705,microdatos.dane.gov.co,DANE-DIMPE-GEIH--MTI-CIIU-4-ac-2015-2019,Módulo de Trabajo Infantil - MTI - GEIH - CIIU 4 a.c. - 2015 - 2019,Mercado Laboral.,MERCLAB-Microdatos,Dirección de Metodología y Producción Estadística - DIMPE,COLOMBIA,direct,2015,2019,2021-04-21T18:19:18+00:00,2021-04-21T19:07:19+00:00,7421,5096,https://microdatos.dane.gov.co/index.php/catalog/705,https://microdatos.dane.gov.co/index.php/api/catalog/705
673,microdatos.dane.gov.co,DANE-DIMPE-ENA-2015,Encuesta Nacional Agropecuaria - ENA - 2015,Agropecuario.,Agrop-Microdatos,Dirección de Metodología y Producción Estadística - DIMPE,Colombia,direct,2015,2015,2020-06-25T19:40:59+00:00,2020-06-25T19:57:34+00:00,144925,5092,https://microdatos.dane.gov.co/index.php/catalog/673,https://microdatos.dane.gov.co/index.php/api/catalog/673
249,microdatos.dane.gov.co,DANE-DIMPE-MTI-2009,Módulo de Trabajo Infantil - MTI - GEIH - 2009,Mercado Laboral.,MERCLAB-Microdatos,Dirección de Metodología y Producción Estadística - DIMPE,Colombia,direct,2009,2009,2014-07-09T21:26:42+00:00,2020-11-12T20:07:34+00:00,92792,5075,https://microdatos.dane.gov.co/index.php/catalog/249,https://microdatos.dane.gov.co/index.php/api/catalog/249
657,microdatos.dane.gov.co,DANE-DIMPE-EDI-ENTIDAD-2019,Encuesta Sobre Ambiente y Desempeño Institucional Nacional  - EDI - 2019 (ENTIDAD),Gobierno.,GOB-Microdatos,Departamento Administrativo Nacional de Estadística - DANE - Dirección de Metodología y Producción Estadística - DIMPE,Colombia,direct,2019,2019,2020-02-28T13:49:08+00:00,2020-02-28T13:56:29+00:00,57558,5062,https://microdatos.dane.gov.co/index.php/catalog/657,https://microdatos.dane.gov.co/index.php/api/catalog/657
492,microdatos.dane.gov.co,DANE-DIMPE-EAM-1995-A-1999,Encuesta Anual Manufacturera – EAM - 1995 A 1999,Industria.,Ind-Microdatos,Departamento Administrativo Nacional de Estadística - DANE,Colombia,direct,1995,1999,2017-08-10T14:34:11+00:00,2019-01-09T15:17:30+00:00,392357,5053,https://microdatos.dane.gov.co/index.php/catalog/492,https://microdatos.dane.gov.co/index.php/api/catalog/492
759,microdatos.dane.gov.co,DANE-DIMPE-GEIH-EMPALME-2019,Gran Encuesta Integrada de Hogares - GEIH - Empalme - 2019,Mercado Laboral.,MERCLAB-Microdatos,El presente catálogo contiene las bases de datos de la GEIH con factor de expansión empalmado. A partir del año 2014 incluye información de las 8 ciudades capitales de la Amazonía y Orinoquía y San Andrés.,Colombia,direct,2019,2019,2022-11-03T20:10:10+00:00,2022-11-03T20:16:52+00:00,74291,5030,https://microdatos.dane.gov.co/index.php/catalog/759,https://microdatos.dane.gov.co/index.php/api/catalog/759
514,microdatos.dane.gov.co,DANE-DIMPE-ZF-2005-2016,ZONAS FRANCAS - ZF -  2005 a 2016 ( Fase 1),Comercio internacional.,CI-Microdatos,"DANE-DIMPE, FASE 2 (Enero a Octubre 2017) publicación (31 de Enero 2018 )",Colombia,direct,2005,2016,2018-01-18T16:24:28+00:00,2021-07-26T23:47:37+00:00,39923,5015,https://microdatos.dane.gov.co/index.php/catalog/514,https://microdatos.dane.gov.co/index.php/api/catalog/514
424,microdatos.dane.gov.co,DANE-DIMPE-MMH-2016,Muestra Mensual de Hoteles - MMH - 2016,Metadatos - DANE,METADATOS,Dirección de Metodología y Producción Estadística - DIMPE,Colombia,data_na,2016,2016,2016-09-28T15:32:15+00:00,2016-09-28T15:32:15+00:00,96879,5007,https://microdatos.dane.gov.co/index.php/catalog/424,https://microdatos.dane.gov.co/index.php/api/catalog/424
760,microdatos.dane.gov.co,DANE-DIMPE-GEIH-EMPALME-2012,Gran Encuesta Integrada de Hogares - GEIH - Empalme - 2012,Mercado Laboral.,MERCLAB-Microdatos,El presente catálogo contiene las bases de datos de la GEIH con factor de expansión empalmado. A partir del año 2014 incluye información de las 8 ciudades capitales de la Amazonía y Orinoquía y San Andrés.,Colombia,direct,2012,2012,2022-11-11T16:10:24+00:00,2022-11-11T16:19:15+00:00,63054,4996,https://microdatos.dane.gov.co/index.php/catalog/760,https://microdatos.dane.gov.co/index.php/api/catalog/760
758,microdatos.dane.gov.co,DANE-DIMPE-GEIH-EMPALME-2018,Gran Encuesta Integrada de Hogares - GEIH - Empalme - 2018,Mercado Laboral.,MERCLAB-Microdatos,El presente catálogo contiene las bases de datos de la GEIH con factor de expansión empalmado. A partir del año 2014 incluye información de las 8 ciudades capitales de la Amazonía y Orinoquía y San Andrés.,Colombia,direct,2018,2018,2022-11-03T19:40:18+00:00,2022-11-03T20:09:29+00:00,78859,4995,https://microdatos.dane.gov.co/index.php/catalog/758,https://microdatos.dane.gov.co/index.php/api/catalog/758
792,microdatos.dane.gov.co,DANE-DIMPE-POBREZA-MULTIDIMENSIONAL-2022,Indice de Pobreza Multidimensional - IPM- 2022,Pobreza y condiciones de vida.,POBCONVID,"Departamento Administrativo Nacional de Estadística, ",Colombia,direct,0,0,2023-05-23T15:23:48+00:00,2023-12-29T21:02:19+00:00,60979,4949,https://microdatos.dane.gov.co/index.php/catalog/792,https://microdatos.dane.gov.co/index.php/api/catalog/792
106,microdatos.dane.gov.co,TES-ECP-2007,Encuesta de Cultura Política - ECP 2007,Metadatos - DANE,METADATOS,"Dirección de Regulación, Planeación, Estandarización y Normalización - DIRPEN",Colombia,data_na,2007,2007,2014-03-17T13:37:44+00:00,2014-03-17T13:37:44+00:00,212558,4929,https://microdatos.dane.gov.co/index.php/catalog/106,https://microdatos.dane.gov.co/index.php/api/catalog/106
438,microdatos.dane.gov.co,IDEAM-EMSCA-2014-2016,Estadísticas de Monitoreo y Seguimiento de la Calidad del Aire - 2014 - 2016,,CAT_IDEAM,"Instituto de Hidrología, Meteorología y Estudios Ambientales - IDEAM",Colombia,data_na,2014,2016,2016-12-19T22:18:31+00:00,2016-12-19T22:18:31+00:00,38507,4925,https://microdatos.dane.gov.co/index.php/catalog/438,https://microdatos.dane.gov.co/index.php/api/catalog/438
824,microdatos.dane.gov.co,DANE-DIMPE-POBREZA-MULTIDIMENSIONAL-2023,Indice de Pobreza Multidimensional - IPM- 2023,Pobreza y condiciones de vida.,POBCONVID,"Departamento Administrativo Nacional de Estadística, ",Colombia,direct,0,0,2024-04-22T21:31:12+00:00,2025-03-31T14:13:48+00:00,95324,4914,https://microdatos.dane.gov.co/index.php/catalog/824,https://microdatos.dane.gov.co/index.php/api/catalog/824
611,microdatos.dane.gov.co,DANE-DIMPE-GEIH-2018-1,"GEIH - 2018 - Ciudades Intermedias, (Barrancabermeja, Buenaventura y Soacha)",Mercado Laboral.,MERCLAB-Microdatos,Dirección de Metodología y Producción Estadística - DIMPE,Colombia,direct,2018,2018,2019-06-27T20:47:43+00:00,2020-12-22T01:05:57+00:00,166868,4908,https://microdatos.dane.gov.co/index.php/catalog/611,https://microdatos.dane.gov.co/index.php/api/catalog/611
330,microdatos.dane.gov.co,DANE-DIMPE-IPM-2014,Medición Pobreza Multidimensional - IPM 2014,Pobreza y condiciones de vida.,POBCONVID,Departamento Administrativo Nacional de Estadística,Colombia,direct,0,0,2015-03-24T20:34:03+00:00,2022-12-07T16:49:52+00:00,73123,4905,https://microdatos.dane.gov.co/index.php/catalog/330,https://microdatos.dane.gov.co/index.php/api/catalog/330
687,microdatos.dane.gov.co,DANE-DIMPE-EAI-2012-2013-2014,Encuesta Ambiental Industrial - EAI - 2012 - 2013 - 2014,Industria.,Ind-Microdatos,Dirección de Metodología y Producción Estadística - DIMPE,Colombia,direct,2012,2015,2020-10-07T22:36:09+00:00,2020-10-07T22:45:17+00:00,106386,4900,https://microdatos.dane.gov.co/index.php/catalog/687,https://microdatos.dane.gov.co/index.php/api/catalog/687
406,microdatos.dane.gov.co,DANE-DIMPE-ECP-2015,Encuesta de Cultura Política - ECP - 2015,Gobierno.,GOB-Microdatos,Dirección de Metodología y Producción Estadística - DIMPE -,Colombia,direct,2015,2015,2016-04-19T19:24:01+00:00,2018-03-02T16:34:41+00:00,185116,4893,https://microdatos.dane.gov.co/index.php/catalog/406,https://microdatos.dane.gov.co/index.php/api/catalog/406
281,microdatos.dane.gov.co,DANE-DIMPE-ECP-2011,Encuesta de Cultura Política - ECP - 2011,Gobierno.,GOB-Microdatos,Dirección de Metodología y Producción Estadística - DIMPE -,Colombia,direct,2011,2011,2014-10-15T22:55:06+00:00,2017-09-25T15:07:27+00:00,217816,4870,https://microdatos.dane.gov.co/index.php/catalog/281,https://microdatos.dane.gov.co/index.php/api/catalog/281
454,microdatos.dane.gov.co,DANE-POBREZAMONETARIADESIGUALDAD-2016,Medición de Pobreza Monetaria y Desigualdad - 2016,Pobreza y condiciones de vida.,POBCONVID,Departamento Administrativo Nacional de Estadística,Colombia,direct,0,0,2017-03-22T15:42:09+00:00,2017-09-25T14:48:07+00:00,90611,4834,https://microdatos.dane.gov.co/index.php/catalog/454,https://microdatos.dane.gov.co/index.php/api/catalog/454
594,microdatos.dane.gov.co,DANE-DIMPE-EDID-REGION-2010,Encuesta Sobre Ambiente y Desempeño Institucional Departamental  - EDID - 2010 ( REGIÓN ),Gobierno.,GOB-Microdatos,Departamento Administrativo Nacional de Estadística - DANE - Dirección de Metodología y Producción estadística -DIMPE-,Colombia,direct,2010,2010,2019-03-28T19:37:18+00:00,2019-03-28T19:40:35+00:00,258795,4820,https://microdatos.dane.gov.co/index.php/catalog/594,https://microdatos.dane.gov.co/index.php/api/catalog/594
878,microdatos.dane.gov.co,COL-DANE-EEVV-2024,Estadísticas Vitales - EEVV - 2024,Demografía y población.,DEM-Microdatos,Dirección de Censos y Demografía - DCD,Colombia,direct,2024,2025,2025-10-02T15:59:45+00:00,2026-02-11T14:45:59+00:00,67994,4810,https://microdatos.dane.gov.co/index.php/catalog/878,https://microdatos.dane.gov.co/index.php/api/catalog/878
600,microdatos.dane.gov.co,DANE-DIMPE-EDID-REGION-2011,Encuesta Sobre Ambiente y Desempeño Institucional Departamental  - EDID - 2011 ( REGIÓN ),Gobierno.,GOB-Microdatos,Departamento Administrativo Nacional de Estadística - DANE - Dirección de Metodología y Producción estadística -DIMPE-,Colombia,direct,2011,2011,2019-03-29T19:35:35+00:00,2019-03-29T20:28:59+00:00,225595,4794,https://microdatos.dane.gov.co/index.php/catalog/600,https://microdatos.dane.gov.co/index.php/api/catalog/600
709,microdatos.dane.gov.co,DANE-DIMPE-GEIH-I-SEMESTRE-2020,Gran Encuesta Integrada de Hogares - GEIH - 2020 - San Andrés (I Semestre),Mercado Laboral.,MERCLAB-Microdatos,Dirección de Metodología y Producción Estadística - DIMPE,Colombia,direct,2020,2020,2021-05-10T17:34:18+00:00,2021-05-10T21:04:05+00:00,24552,4788,https://microdatos.dane.gov.co/index.php/catalog/709,https://microdatos.dane.gov.co/index.php/api/catalog/709
874,microdatos.dane.gov.co,DANE-POBREZA-MONETARIA-Y-DESIGUALDAD-2024,Medición de Pobreza Monetaria y Desigualdad - 2024,Pobreza y condiciones de vida.,POBCONVID,Direccion de Metodología y Producción Estadística - DIMPE,Colombia,direct,2024,2024,2025-07-24T21:10:17+00:00,2026-01-26T14:20:41+00:00,67829,4782,https://microdatos.dane.gov.co/index.php/catalog/874,https://microdatos.dane.gov.co/index.php/api/catalog/874
404,microdatos.dane.gov.co,DANE-DIMPE-MMH-2013-2014-2015,Muestra Mensual de Hoteles - MMH - 2013 - 2014 - 2015,Metadatos - DANE,METADATOS,Dirección de Metodología y Producción Estadística - DIMPE,Colombia,data_na,2013,2015,2016-04-12T16:41:54+00:00,2016-04-12T16:41:54+00:00,96808,4776,https://microdatos.dane.gov.co/index.php/catalog/404,https://microdatos.dane.gov.co/index.php/api/catalog/404
597,microdatos.dane.gov.co,DANE-DIMPE-EDID-ENTIDAD-2011,Encuesta Sobre Ambiente y Desempeño Institucional Departamental  - EDID - 2011 ( ENTIDAD ),Gobierno.,GOB-Microdatos,Departamento Administrativo Nacional de Estadística - DANE - Dirección de Metodología y Producción estadística -DIMPE-,Colombia,direct,2011,2011,2019-03-29T14:46:28+00:00,2019-03-29T14:53:13+00:00,227199,4771,https://microdatos.dane.gov.co/index.php/catalog/597,https://microdatos.dane.gov.co/index.php/api/catalog/597
823,microdatos.dane.gov.co,DANE-DIMPE-MTI-2023,Módulo de Trabajo Infantil - MTI - GEIH - 2023,Mercado Laboral.,MERCLAB-Microdatos,Dirección de Metodología y Producción Estadística - DIMPE,Colombia,direct,2023,2023,2024-04-22T19:51:24+00:00,2026-07-14T21:44:33+00:00,27467,4733,https://microdatos.dane.gov.co/index.php/catalog/823,https://microdatos.dane.gov.co/index.php/api/catalog/823
692,microdatos.dane.gov.co,DANE-DIMPE-EAC-2019,Encuesta Anual de Comercio - EAC - 2019,Comercio interno.,CII-Microdatos,"Dirección de Metodología y Producción Estadística - DIMPE., La información de 2018 corresponde a las empresas  con ingresos iguales o superiores a $1.770 Millones y/o 10 o más personas ocupadas, esto teniendo en centa que el parámetro de inclusión se actualiza cada año con el IPC.",Colombia,direct,2019,2019,2020-12-23T21:31:27+00:00,2020-12-23T21:52:28+00:00,47779,4722,https://microdatos.dane.gov.co/index.php/catalog/692,https://microdatos.dane.gov.co/index.php/api/catalog/692
273,microdatos.dane.gov.co,DANE-DIMPE-EDI-ENTIDAD-2013,Encuesta Sobre Ambiente y Desempeño Institucional Nacional  - EDI - 2013  - ENTIDAD.,Gobierno.,GOB-Microdatos,Departamento Administrativo Nacional de Estadística - DANE - Dirección de Metodología y Producción Estadística - DIMPE,Colombia,direct,2013,2013,2014-10-03T20:10:55+00:00,2017-10-24T15:39:58+00:00,187299,4698,https://microdatos.dane.gov.co/index.php/catalog/273,https://microdatos.dane.gov.co/index.php/api/catalog/273
596,microdatos.dane.gov.co,DANE-DIMPE-EDI-SECTOR-2011,Encuesta Sobre Ambiente y Desempeño Institucional Nacional  - EDI- 2011 ( SECTOR),Gobierno.,GOB-Microdatos,Departamento Administrativo Nacional de Estadística - DANE - Dirección de Metodología y Producción Estadística -DIMPE-,Colombia,direct,2011,2011,2019-03-29T14:35:59+00:00,2019-03-29T14:42:16+00:00,190424,4679,https://microdatos.dane.gov.co/index.php/catalog/596,https://microdatos.dane.gov.co/index.php/api/catalog/596
763,microdatos.dane.gov.co,DANE-DIMPE-GEIH-EMPALME-2017,Gran Encuesta Integrada de Hogares - GEIH - Empalme - 2017,Mercado Laboral.,MERCLAB-Microdatos,El presente catálogo contiene las bases de datos de la GEIH con factor de expansión empalmado. A partir del año 2014 incluye información de las 8 ciudades capitales de la Amazonía y Orinoquía y San Andrés.,Colombia,direct,2017,2017,2022-11-11T16:34:26+00:00,2022-11-11T16:46:03+00:00,65376,4666,https://microdatos.dane.gov.co/index.php/catalog/763,https://microdatos.dane.gov.co/index.php/api/catalog/763
799,microdatos.dane.gov.co,DANE-DIMPE-EPM-V-2023,Encuesta Pulso de la Migración - EPM -V-2023,Demografía y población.,DEM-Microdatos,Departamento Administrativo Nacional de Estadística - DANE.  Dirección de Metodología y Producción Estadística  - DIMPE.,Colombia,direct,2023,2023,2023-07-05T23:44:21+00:00,2023-07-05T23:47:11+00:00,126735,4648,https://microdatos.dane.gov.co/index.php/catalog/799,https://microdatos.dane.gov.co/index.php/api/catalog/799
387,microdatos.dane.gov.co,MINCULTURA-LRPN-2014,Largometrajes Reconocidos como Producto Nacional  - LRPN - 2014,,CAT_MET_MIN_CUL,Ministerio de Cultura - Dirección de Cinematografía,Colombia,data_na,0,0,2015-12-24T14:24:40+00:00,2015-12-24T14:24:40+00:00,26262,4577,https://microdatos.dane.gov.co/index.php/catalog/387,https://microdatos.dane.gov.co/index.php/api/catalog/387
618,microdatos.dane.gov.co,DANE-DIMPE-GEIH-II-SEMESTRE-2012,Gran Encuesta Integrada de Hogares - GEIH - 2012 - San Andrés (II Semestre),Mercado Laboral.,MERCLAB-Microdatos,Dirección de Metodología y Producción Estadística - DIMPE,Colombia,direct,2012,2012,2019-08-08T19:38:24+00:00,2019-08-08T20:21:16+00:00,122988,4560,https://microdatos.dane.gov.co/index.php/catalog/618,https://microdatos.dane.gov.co/index.php/api/catalog/618
675,microdatos.dane.gov.co,DANE-DIMPE-ENA-2013-II-SEMESTRE,Encuesta Nacional Agropecuaria - ENA - 2013 - II - Semestre.,Agropecuario.,Agrop-Microdatos,Dirección de Metodología y Producción Estadística - DIMPE,Colombia,direct,2013,2013,2020-07-03T13:19:13+00:00,2020-07-06T16:34:21+00:00,130790,4543,https://microdatos.dane.gov.co/index.php/catalog/675,https://microdatos.dane.gov.co/index.php/api/catalog/675
602,microdatos.dane.gov.co,DANE-DIMPE-EDI-SECTOR-2012,Encuesta Sobre Ambiente y Desempeño Institucional Nacional  - EDI - 2012 ( SECTOR),Gobierno.,GOB-Microdatos,Departamento Administrativo Nacional de Estadística - DANE - Dirección de Metodología y Producción Estadística - DIMPE,Colombia,direct,2012,2012,2019-03-29T20:41:09+00:00,2020-03-27T20:59:01+00:00,175317,4518,https://microdatos.dane.gov.co/index.php/catalog/602,https://microdatos.dane.gov.co/index.php/api/catalog/602
528,microdatos.dane.gov.co,DANE-DIMPE-EDID-REGION-2017,Encuesta Sobre Ambiente y Desempeño Institucional Departamental- EDID - 2017 (REGION),Gobierno.,GOB-Microdatos,Departamento Administrativo Nacional de Estadística - DANE - Dirección de Metodología y Producción Estadística - DIMPE,Colombia,direct,2017,2017,2018-02-02T15:47:26+00:00,2018-02-02T15:50:25+00:00,264493,4483,https://microdatos.dane.gov.co/index.php/catalog/528,https://microdatos.dane.gov.co/index.php/api/catalog/528
414,microdatos.dane.gov.co,DANE-DIMPE-GEIH-MFPT-2015,"Modulo de Formación para el Trabajo - MFPT- GEIH - 2015 ( II Trimestre ), II trimestre",Mercado Laboral.,MERCLAB-Microdatos,Dirección de Metodología y Producción Estadística - DIMPE,Colombia,direct,2015,2015,2016-06-27T15:38:08+00:00,2023-01-05T14:56:22+00:00,34294,4467,https://microdatos.dane.gov.co/index.php/catalog/414,https://microdatos.dane.gov.co/index.php/api/catalog/414
533,microdatos.dane.gov.co,DANE-DIMPE-EDIT-S-2008-2009,Encuesta de Desarrollo e Innovación Tecnológica de Servicios - EDIT- S - 2008-2009,Tecnología e innovación.,TECINNO-Microdatos,Dirección de Metodología y Producción Estadística - DIMPE,Colombia,direct,2010,2010,2018-02-12T19:54:35+00:00,2020-05-21T16:12:43+00:00,146788,4456,https://microdatos.dane.gov.co/index.php/catalog/533,https://microdatos.dane.gov.co/index.php/api/catalog/533
179,microdatos.dane.gov.co,DANE-DIMPE- IIOC- 2009,Indicador de Inversión Obras Civiles  - IIOC - 2009,Metadatos - DANE,METADATOS,Dirección de Metodología y Producción Estadística - DIMPE,Colombia,data_na,2009,2009,2014-04-03T15:13:28+00:00,2014-04-03T15:13:28+00:00,26116,4453,https://microdatos.dane.gov.co/index.php/catalog/179,https://microdatos.dane.gov.co/index.php/api/catalog/179
621,microdatos.dane.gov.co,DANE-DIMPE-GEIH-II-SEMESTRE-2013,Gran Encuesta Integrada de Hogares - GEIH - 2013 - San Andrés (II Semestre),Mercado Laboral.,MERCLAB-Microdatos,Dirección de Metodología y Producción Estadística - DIMPE,Colombia,direct,2013,2013,2019-08-09T13:45:05+00:00,2019-08-09T13:57:34+00:00,124482,4445,https://microdatos.dane.gov.co/index.php/catalog/621,https://microdatos.dane.gov.co/index.php/api/catalog/621
410,microdatos.dane.gov.co,DANE-POBREZAMONETARIADESIGUALDAD-2015,Medición de Pobreza Monetaria y Desigualdad 2015,Pobreza y condiciones de vida.,POBCONVID,Departamento Administrativo Nacional de Estadística,Colombia,direct,0,0,2016-05-19T16:16:02+00:00,2017-09-25T14:55:33+00:00,86463,4444,https://microdatos.dane.gov.co/index.php/catalog/410,https://microdatos.dane.gov.co/index.php/api/catalog/410
756,microdatos.dane.gov.co,DANE-DIMPE-GEIH-EMPALME-2014,Gran Encuesta Integrada de Hogares - GEIH - Empalme - 2014,Mercado Laboral.,MERCLAB-Microdatos,El presente catálogo contiene las bases de datos de la GEIH con factor de expansión empalmado. A partir del año 2014 incluye información de las 8 ciudades capitales de la Amazonía y Orinoquía y San Andrés.,Colombia,direct,2014,2014,2022-11-03T16:49:37+00:00,2022-11-03T19:38:27+00:00,65314,4437,https://microdatos.dane.gov.co/index.php/catalog/756,https://microdatos.dane.gov.co/index.php/api/catalog/756
403,microdatos.dane.gov.co,DANE-DIMPE-EDID-REGION-2014,Encuesta Sobre Ambiente y Desempeño Institucional Departamental- EDID - 2014 - REGION -,Gobierno.,GOB-Microdatos,Departamento Administrativo Nacional de Estadística - DANE - Dirección de Metodología y Producción Estadística - DIMPE,Colombia,direct,2014,2014,2016-04-12T13:57:34+00:00,2017-10-18T14:54:46+00:00,238904,4397,https://microdatos.dane.gov.co/index.php/catalog/403,https://microdatos.dane.gov.co/index.php/api/catalog/403
757,microdatos.dane.gov.co,DANE-DIMPE-GEIH-EMPALME-2016,Gran Encuesta Integrada de Hogares - GEIH- Empalme - 2016,Mercado Laboral.,MERCLAB-Microdatos,El presente catálogo contiene las bases de datos de la GEIH con factor de expansión empalmado. A partir del año 2014 incluye información de las 8 ciudades capitales de la Amazonía y Orinoquía y San Andrés.,Colombia,direct,2016,2016,2022-11-03T17:04:50+00:00,2022-11-03T19:38:52+00:00,66297,4388,https://microdatos.dane.gov.co/index.php/catalog/757,https://microdatos.dane.gov.co/index.php/api/catalog/757
402,microdatos.dane.gov.co,DANE-DIMPE-EDID-2014-ENTIDAD,Encuesta Sobre Ambiente y Desempeño Institucional Departamental- EDID - 2014 - ENTIDAD .,Gobierno.,GOB-Microdatos,Departamento Administrativo Nacional de Estadística - DANE - Dirección de Metodología y Producción Estadística - DIMPE,Colombia,direct,2014,2014,2016-04-12T13:55:58+00:00,2017-10-18T16:39:03+00:00,211371,4382,https://microdatos.dane.gov.co/index.php/catalog/402,https://microdatos.dane.gov.co/index.php/api/catalog/402
549,microdatos.dane.gov.co,DANE-DIMPE-GEIH-ND-2016,GEIH - Nuevos Departamentos de la Amazonía y Orinoquía - 2016,Mercado Laboral.,MERCLAB-Microdatos,Dirección de Metodología y Producción Estadística - DIMPE,Colombia,direct,2016,2016,2018-04-06T15:47:30+00:00,2018-04-06T16:24:51+00:00,160060,4321,https://microdatos.dane.gov.co/index.php/catalog/549,https://microdatos.dane.gov.co/index.php/api/catalog/549
587,microdatos.dane.gov.co,DANE-DIMPE-EDI-2018,Encuesta Sobre Ambiente y Desempeño Institucional Nacional  - EDI - 2018 (SECTOR),Gobierno.,GOB-Microdatos,Departamento Administrativo Nacional de Estadística - DANE - Dirección de Metodología y Producción Estadística - DIMPE,Colombia,direct,2018,2018,2019-02-27T21:11:06+00:00,2019-02-27T21:15:51+00:00,106859,4319,https://microdatos.dane.gov.co/index.php/catalog/587,https://microdatos.dane.gov.co/index.php/api/catalog/587
784,microdatos.dane.gov.co,PONAL-DIJIN-CSPC-2021,"Conductas y Servicios de Policía en Colombia CSPC 2021, Conductas y Servicios de Policía en Colombia",Metadatos - DANE,METADATOS,Dirección de Investigación Criminal e INTERPOL,Colombia,data_na,2021,2021,2023-03-28T15:43:13+00:00,2023-03-28T15:43:13+00:00,53364,4313,https://microdatos.dane.gov.co/index.php/catalog/784,https://microdatos.dane.gov.co/index.php/api/catalog/784
586,microdatos.dane.gov.co,DANE-DIMPE-EDI-ENTIDAD-2018,Encuesta Sobre Ambiente y Desempeño Institucional Nacional  - EDI - 2018 (ENTIDAD),Gobierno.,GOB-Microdatos,Departamento Administrativo Nacional de Estadística - DANE - Dirección de Metodología y Producción Estadística - DIMPE,Colombia,direct,2018,2018,2019-02-27T20:15:28+00:00,2020-03-31T20:47:59+00:00,280213,4306,https://microdatos.dane.gov.co/index.php/catalog/586,https://microdatos.dane.gov.co/index.php/api/catalog/586
520,microdatos.dane.gov.co,DANE-DIMPE-EAC-2016,Encuesta Anual de Comercio - EAC - 2016,Comercio interno.,CII-Microdatos,Dirección de Metodología y Producción Estadística - DIMPE,Colombia,direct,2017,2017,2018-01-30T12:20:48+00:00,2018-09-11T20:28:27+00:00,79981,4305,https://microdatos.dane.gov.co/index.php/catalog/520,https://microdatos.dane.gov.co/index.php/api/catalog/520
627,microdatos.dane.gov.co,DANE-DIMPE-GEIH-II-SEMESTRE-2015,Gran Encuesta Integrada de Hogares - GEIH - 2015 - San Andrés (II Semestre),Mercado Laboral.,MERCLAB-Microdatos,Dirección de Metodología y Producción Estadística - DIMPE,Colombia,direct,2015,2015,2019-08-22T20:01:31+00:00,2019-08-22T20:16:31+00:00,112633,4305,https://microdatos.dane.gov.co/index.php/catalog/627,https://microdatos.dane.gov.co/index.php/api/catalog/627
750,microdatos.dane.gov.co,DANE-DIMPE-GEIH-2021-CIUDADES-INTERMEDIAS,"GEIH - 2021 - Ciudades Intermedias (Barrancabermeja, Buenaventura, Rionegro, Soacha y Tumaco)",Mercado Laboral.,MERCLAB-Microdatos,"Dirección de Metodología y Producción Estadística - DIMPE, ",Colombia,direct,2021,2021,2022-09-06T21:40:47+00:00,2022-09-06T21:45:56+00:00,84843,4283,https://microdatos.dane.gov.co/index.php/catalog/750,https://microdatos.dane.gov.co/index.php/api/catalog/750
407,microdatos.dane.gov.co,DANE-DIMPE-MTI-2015,Módulo de Trabajo Infantil - MTI- GEIH - 2015,Mercado Laboral.,MERCLAB-Microdatos,Dirección de Metodología y Producción Estadística - DIMPE,Colombia,direct,2015,2015,2016-04-22T19:39:40+00:00,2017-09-25T14:56:46+00:00,71566,4260,https://microdatos.dane.gov.co/index.php/catalog/407,https://microdatos.dane.gov.co/index.php/api/catalog/407
283,microdatos.dane.gov.co,DANE-DIMPE-ECP-2013,Encuesta de Cultura Política - ECP - 2013,Gobierno.,GOB-Microdatos,Dirección de Metodología y Producción Estadística - DIMPE -,Colombia,direct,2013,2013,2014-10-17T21:30:16+00:00,2017-10-17T21:23:32+00:00,174368,4244,https://microdatos.dane.gov.co/index.php/catalog/283,https://microdatos.dane.gov.co/index.php/api/catalog/283
762,microdatos.dane.gov.co,DANE-DIMPE-GEIH-EMPALME-2015,Gran Encuesta Integrada de Hogares - GEIH - Empalme - 2015,Mercado Laboral.,MERCLAB-Microdatos,El presente catálogo contiene las bases de datos de la GEIH con factor de expansión empalmado. A partir del año 2014 incluye información de las 8 ciudades capitales de la Amazonía y Orinoquía y San Andrés.,Colombia,direct,2015,2015,2022-11-11T16:28:08+00:00,2022-11-11T16:32:25+00:00,71142,4224,https://microdatos.dane.gov.co/index.php/catalog/762,https://microdatos.dane.gov.co/index.php/api/catalog/762
463,microdatos.dane.gov.co,DANE-DIMPE-SIPSA-I-2012-2016,Sistema de Información de Precios y Abastecimiento del Sector Agropecuario Componente de Insumos y Factores Asociados a la Producción Agropecuaria  – SIPSA - I - 2012 -2016,Metadatos - DANE,METADATOS,Departamento Administrativivo Nacional de Estadística - DANE,Colombia,data_na,2012,2016,2017-04-18T20:12:03+00:00,2017-04-18T20:12:03+00:00,42848,4213,https://microdatos.dane.gov.co/index.php/catalog/463,https://microdatos.dane.gov.co/index.php/api/catalog/463
434,microdatos.dane.gov.co,DANE-DIMPE-EDI-2015,Encuesta Sobre Ambiente y Desempeño Institucional Nacional  - EDI - 2015 (ENTIDAD),Gobierno.,GOB-Microdatos,Departamento Administrativo Nacional de Estadística - DANE - Dirección de Metodología y Producción Estadística - DIMPE,Colombia,direct,2015,2015,2016-12-05T21:05:21+00:00,2020-03-31T19:29:25+00:00,234181,4212,https://microdatos.dane.gov.co/index.php/catalog/434,https://microdatos.dane.gov.co/index.php/api/catalog/434
631,microdatos.dane.gov.co,DANE-DIMPE-GEIH-II-SEMESTRE-2017,Gran Encuesta Integrada de Hogares - GEIH - 2017 - San Andrés (II Semestre),Mercado Laboral.,MERCLAB-Microdatos,Dirección de Metodología y Producción Estadística - DIMPE,Colombia,direct,2017,2017,2019-08-23T15:54:15+00:00,2019-08-23T16:05:46+00:00,110058,4207,https://microdatos.dane.gov.co/index.php/catalog/631,https://microdatos.dane.gov.co/index.php/api/catalog/631
461,microdatos.dane.gov.co,DANE-DIMPE-SIPSA-P-2012-2016,Sistema de Información de Precios y Abastecimiento del Sector Agropecuario Componente de Precios Mayoristas – SIPSA - P - 2012.,Metadatos - DANE,METADATOS,Departamento Administrativivo Nacional de Estadística - DANE,Colombia,data_na,0,0,2017-04-06T12:27:36+00:00,2023-01-12T03:03:44+00:00,29349,4202,https://microdatos.dane.gov.co/index.php/catalog/461,https://microdatos.dane.gov.co/index.php/api/catalog/461
666,microdatos.dane.gov.co,DANE-DIMPE-GEIH-I-SEMESTRE-2019,Gran Encuesta Integrada de Hogares - GEIH - 2019 - San Andrés (I Semestre),Mercado Laboral.,MERCLAB-Microdatos,Dirección de Metodología y Producción Estadística - DIMPE,Colombia,direct,2019,2019,2020-05-20T12:37:10+00:00,2020-05-20T12:59:47+00:00,118038,4197,https://microdatos.dane.gov.co/index.php/catalog/666,https://microdatos.dane.gov.co/index.php/api/catalog/666
727,microdatos.dane.gov.co,DANE-DIMPE-ECSC-2020,Encuesta de Convivencia y Seguridad Ciudadana - ECSC - 2020,Seguridad y defensa.,SEGDEF-Microdatos,Departamento Administrativo Nacional de Estadística,Colombia,direct,2021,2021,2022-03-18T15:43:28+00:00,2022-03-18T17:30:13+00:00,131031,4167,https://microdatos.dane.gov.co/index.php/catalog/727,https://microdatos.dane.gov.co/index.php/api/catalog/727
605,microdatos.dane.gov.co,DANE-DIMPE-MTI-2018,Módulo de Trabajo Infantil - MTI - GEIH - 2018,Mercado Laboral.,MERCLAB-Microdatos,Dirección de Metodología y Producción Estadística - DIMPE,Colombia,direct,2018,2018,2019-04-08T19:49:06+00:00,2019-04-08T19:54:48+00:00,78627,4131,https://microdatos.dane.gov.co/index.php/catalog/605,https://microdatos.dane.gov.co/index.php/api/catalog/605
400,microdatos.dane.gov.co,DANE-DIMPE-EDI-SECTOR-2014,Encuesta Sobre Ambiente y Desempeño Institucional Nacional  - EDI - 2014 (SECTOR),Gobierno.,GOB-Microdatos,Departamento Administrativo Nacional de Estadística - DANE - Dirección de Metodología y Producción Estadística - DIMPE,Colombia,direct,2014,2014,2016-04-11T21:26:13+00:00,2017-10-19T16:11:52+00:00,196060,4097,https://microdatos.dane.gov.co/index.php/catalog/400,https://microdatos.dane.gov.co/index.php/api/catalog/400
710,microdatos.dane.gov.co,DANE-DIMPE-GEIH-II-SEMESTRE-2020,Gran Encuesta Integrada de Hogares - GEIH - 2020 - San Andrés (II Semestre),Mercado Laboral.,MERCLAB-Microdatos,Dirección de Metodología y Producción Estadística - DIMPE,Colombia,direct,2020,2020,2021-05-10T21:14:05+00:00,2021-05-10T21:40:04+00:00,25175,4093,https://microdatos.dane.gov.co/index.php/catalog/710,https://microdatos.dane.gov.co/index.php/api/catalog/710
563,microdatos.dane.gov.co,DANE-DIMPE-EAM-1992-A-1994,Encuesta Anual Manufacturera – EAM - 1992 A 1994,Industria.,Ind-Microdatos,Departamento Administrativo Nacional de Estadística - DANE,Colombia,direct,1993,1995,2018-06-25T16:57:58+00:00,2018-12-24T17:39:54+00:00,450453,4069,https://microdatos.dane.gov.co/index.php/catalog/563,https://microdatos.dane.gov.co/index.php/api/catalog/563
813,microdatos.dane.gov.co,DANE-DIMPE-EDID-ENTIDAD-2023,Encuesta Sobre Ambiente y Desempeño Institucional Departamental- EDID - 2023 (ENTIDAD),Gobierno.,GOB-Microdatos,Departamento Administrativo Nacional de Estadística - DANE - Dirección de Metodología y Producción Estadística - DIMPE,Colombia,direct,2023,2023,2024-02-02T00:57:04+00:00,2024-02-06T02:50:15+00:00,76671,4069,https://microdatos.dane.gov.co/index.php/catalog/813,https://microdatos.dane.gov.co/index.php/api/catalog/813
686,microdatos.dane.gov.co,DANE-DIMPE-EAI-2015,Encuesta Ambiental Industrial - EAI - 2015,Industria.,Ind-Microdatos,Dirección de Metodología y Producción Estadística - DIMPE,Colombia,direct,2014,2015,2020-10-02T20:13:41+00:00,2020-10-02T20:21:43+00:00,96427,4045,https://microdatos.dane.gov.co/index.php/catalog/686,https://microdatos.dane.gov.co/index.php/api/catalog/686
197,microdatos.dane.gov.co,DANE- POBREZA MONETARIA-2011,Medición de Pobreza Monetaria  2011,Pobreza y condiciones de vida.,POBCONVID,Departamento Administrativo Nacional de Estadística - DANE,Colombia,direct,0,0,2014-05-22T17:06:41+00:00,2017-09-25T15:14:03+00:00,112295,4025,https://microdatos.dane.gov.co/index.php/catalog/197,https://microdatos.dane.gov.co/index.php/api/catalog/197
595,microdatos.dane.gov.co,DANE-DIMPE-EDI-ENTIDAD-2011,Encuesta Sobre Ambiente y Desempeño Institucional Nacional  - EDI- 2011 ( ENTIDAD),Gobierno.,GOB-Microdatos,Departamento Administrativo Nacional de Estadística - DANE - Dirección de Metodología y Producción Estadística -DIMPE-,Colombia,direct,2011,2011,2019-03-28T19:46:39+00:00,2019-03-28T21:08:35+00:00,184235,4022,https://microdatos.dane.gov.co/index.php/catalog/595,https://microdatos.dane.gov.co/index.php/api/catalog/595
258,microdatos.dane.gov.co,COL-MINCULTURA-EMM-2012-2013,Estadísticas de Escuelas Municipales de Música - EMM - 2012 - 2013,,CAT_MET_MIN_CUL,Grupo de Música de la Dirección de Artes,Colombia,data_na,2012,2013,2014-08-06T15:39:02+00:00,2014-08-06T15:39:02+00:00,69703,4015,https://microdatos.dane.gov.co/index.php/catalog/258,https://microdatos.dane.gov.co/index.php/api/catalog/258
667,microdatos.dane.gov.co,DANE-DIMPE-GEIH-II-SEMESTRE-2019,Gran Encuesta Integrada de Hogares - GEIH - 2019 - San Andrés (II Semestre),Mercado Laboral.,MERCLAB-Microdatos,Dirección de Metodología y Producción Estadística - DIMPE,Colombia,direct,2019,2019,2020-05-20T13:14:30+00:00,2020-05-20T13:26:55+00:00,114496,4014,https://microdatos.dane.gov.co/index.php/catalog/667,https://microdatos.dane.gov.co/index.php/api/catalog/667
619,microdatos.dane.gov.co,DANE-DIMPE-GEIH-I-SEMESTRE-2013,Gran Encuesta Integrada de Hogares - GEIH - 2013 - San Andrés (I Semestre),Mercado Laboral.,MERCLAB-Microdatos,Dirección de Metodología y Producción Estadística - DIMPE,Colombia,direct,2013,2013,2019-08-08T20:28:41+00:00,2019-08-08T20:36:49+00:00,118711,3964,https://microdatos.dane.gov.co/index.php/catalog/619,https://microdatos.dane.gov.co/index.php/api/catalog/619
715,microdatos.dane.gov.co,DANE-DIMPE-EGIT-2021,Encuesta de Gasto Interno en Turismo - EGIT -  2021,Servicios.,SER-Microdatos,Dirección de Metodología y Producción Estadística - DIMPE,Colombia,direct,0,0,2021-06-30T21:09:51+00:00,2022-02-14T21:44:36+00:00,65994,3923,https://microdatos.dane.gov.co/index.php/catalog/715,https://microdatos.dane.gov.co/index.php/api/catalog/715
551,microdatos.dane.gov.co,DANE-DIMPE-MTI-2017,Módulo de Trabajo Infantil - MTI - GEIH - 2017,Mercado Laboral.,MERCLAB-Microdatos,Dirección de Metodología y Producción Estadística - DIMPE,Colombia,direct,2017,2017,2018-04-09T19:39:23+00:00,2018-06-26T19:25:55+00:00,74718,3919,https://microdatos.dane.gov.co/index.php/catalog/551,https://microdatos.dane.gov.co/index.php/api/catalog/551
429,microdatos.dane.gov.co,DANE-DIRPEN-ESAG-2014-2015,Encuesta de Sacrificio de Ganado -  ESAG - 2014 - 2015,Agropecuario,Agrop-Metadatos,Dirección de Metodología y Producción Estadística - DIMPE,Colombia,data_na,2014,2015,2016-10-24T16:11:11+00:00,2016-10-24T16:11:11+00:00,113696,3907,https://microdatos.dane.gov.co/index.php/catalog/429,https://microdatos.dane.gov.co/index.php/api/catalog/429
714,microdatos.dane.gov.co,DANE-DIMPE-EDCEPC-2019,Encuesta Sobre los Desafíos del COVID-19 en el Empleo Público en Colombia,Gobierno.,GOB-Microdatos,"Profesor Cristhian Schuster, Kerenssa Mayo Key, Departamento Adminsitrativo de la Función Pública - DAFP, Departamento Adminsitrativo Nacional de Estadística - DANE",Colombia,direct,2020,2020,2021-06-09T22:36:33+00:00,2022-01-21T22:47:02+00:00,147230,3884,https://microdatos.dane.gov.co/index.php/catalog/714,https://microdatos.dane.gov.co/index.php/api/catalog/714
413,microdatos.dane.gov.co,DANE-DIMPE-GEIH-MFPT-2014,"Modulo de Formación para el Trabajo - MFPT- GEIH - 2014 (II TRIMESTRE), II trimestre",Mercado Laboral.,MERCLAB-Microdatos,Dirección de Metodología y Producción Estadística - DIMPE,Colombia,direct,2014,2014,2016-06-27T15:37:24+00:00,2023-01-05T14:52:37+00:00,29915,3877,https://microdatos.dane.gov.co/index.php/catalog/413,https://microdatos.dane.gov.co/index.php/api/catalog/413
593,microdatos.dane.gov.co,DANE-DIMPE-EDID-ENTIDAD-2010,Encuesta Sobre Ambiente y Desempeño Institucional Departamental  - EDID - 2010 ( ENTIDAD ),Gobierno.,GOB-Microdatos,Departamento Administrativo Nacional de Estadística - DANE - Dirección de Metodología y Producción estadística -DIMPE-,Colombia,direct,2010,2010,2019-03-28T19:28:54+00:00,2019-03-28T19:34:20+00:00,95689,3875,https://microdatos.dane.gov.co/index.php/catalog/593,https://microdatos.dane.gov.co/index.php/api/catalog/593
442,microdatos.dane.gov.co,DANE-DIMPE-EDID-REGION-2016,Encuesta Sobre Ambiente y Desempeño Institucional Departamental- EDID - 2016 (REGION),Gobierno.,GOB-Microdatos,Departamento Administrativo Nacional de Estadística - DANE - Dirección de Metodología y Producción Estadística - DIMPE,Colombia,direct,2016,2016,2017-02-06T19:44:29+00:00,2017-10-24T14:46:38+00:00,241453,3873,https://microdatos.dane.gov.co/index.php/catalog/442,https://microdatos.dane.gov.co/index.php/api/catalog/442
464,microdatos.dane.gov.co,PROFAMILIA-INVESTIGACIONES-EDDS-BOGOTÁ-2011,Encuesta Distrital de Demografía y Salud - EDDS - Bogotá - 2011,,CAT_PROFAMILIA,Profamilia,Colombia,data_na,2010,2011,2017-04-25T20:54:59+00:00,2017-04-25T20:54:59+00:00,118884,3843,https://microdatos.dane.gov.co/index.php/catalog/464,https://microdatos.dane.gov.co/index.php/api/catalog/464
632,microdatos.dane.gov.co,DANE-DIMPE-GEIH-I-SEMESTRE-2018,Gran Encuesta Integrada de Hogares - GEIH - 2018 - San Andrés (I Semestre),Mercado Laboral.,MERCLAB-Microdatos,Dirección de Metodología y Producción Estadística - DIMPE,Colombia,direct,2018,2018,2019-08-23T19:06:45+00:00,2019-08-23T19:25:25+00:00,130391,3842,https://microdatos.dane.gov.co/index.php/catalog/632,https://microdatos.dane.gov.co/index.php/api/catalog/632
574,microdatos.dane.gov.co,DANE-DIMPE-ECSC-2012-2013,Encuesta de Convivencia y Seguridad Ciudadana - ECSC - 2012 - 2013,Seguridad y defensa.,SEGDEF-Microdatos,"Departamento Administrativo Nacional de Estadística, El período de aplicación corresponde a los meses de Abril de 2012 a Mayo de 2013.",Colombia,direct,2013,2013,2018-10-02T14:38:23+00:00,2018-10-17T15:21:23+00:00,149963,3816,https://microdatos.dane.gov.co/index.php/catalog/574,https://microdatos.dane.gov.co/index.php/api/catalog/574
706,microdatos.dane.gov.co,DANE-DIMPE-GEIH-2020-1,"GEIH - 2020 - Ciudades Intermedias, (Barrancabermeja y Rio Negro)",Mercado Laboral.,MERCLAB-Microdatos,Dirección de Metodología y Producción Estadística - DIMPE,Colombia,direct,2020,2020,2021-04-27T00:56:40+00:00,2021-04-29T21:42:42+00:00,29869,3810,https://microdatos.dane.gov.co/index.php/catalog/706,https://microdatos.dane.gov.co/index.php/api/catalog/706
589,microdatos.dane.gov.co,DANE-DIMPE-EDID-REGION-2018,Encuesta Sobre Ambiente y Desempeño Institucional Departamental- EDID - 2018 (REGIÓN),Gobierno.,GOB-Microdatos,Departamento Administrativo Nacional de Estadística - DANE - Dirección de Metodología y Producción Estadística - DIMPE,Colombia,direct,2018,2018,2019-02-27T21:42:32+00:00,2019-02-27T21:47:24+00:00,75236,3790,https://microdatos.dane.gov.co/index.php/catalog/589,https://microdatos.dane.gov.co/index.php/api/catalog/589
588,microdatos.dane.gov.co,DANE-DIMPE-EDID-2018,Encuesta Sobre Ambiente y Desempeño Institucional Departamental- EDID - 2018 (ENTIDAD),Gobierno.,GOB-Microdatos,Departamento Administrativo Nacional de Estadística - DANE - Dirección de Metodología y Producción Estadística - DIMPE,Colombia,direct,2018,2018,2019-02-27T21:20:13+00:00,2019-02-27T21:27:44+00:00,273079,3784,https://microdatos.dane.gov.co/index.php/catalog/588,https://microdatos.dane.gov.co/index.php/api/catalog/588
713,microdatos.dane.gov.co,DANE-DIMPE-GEIH-2017-1,GEIH - 2017 - Ciudades Intermedias (Barrancabermeja).,Mercado Laboral.,MERCLAB-Microdatos,"Dirección de Metodología y Producción Estadística - DIMPE, La información de la base de datos de Barrancabermeja corresponde al
 periodo julio - diciembre 2017.",Colombia,direct,2017,2017,2021-06-02T23:50:15+00:00,2021-07-10T00:38:07+00:00,113558,3741,https://microdatos.dane.gov.co/index.php/catalog/713,https://microdatos.dane.gov.co/index.php/api/catalog/713
437,microdatos.dane.gov.co,DANE-DIMPE-EDID-2015,Encuesta Sobre Ambiente y Desempeño Institucional Departamental- EDID - 2015 - REGIÓN -,Gobierno.,GOB-Microdatos,Departamento Administrativo Nacional de Estadística - DANE - Dirección de Metodología y Producción Estadística - DIMPE,Colombia,direct,2015,2015,2016-12-05T21:09:37+00:00,2017-10-19T14:55:19+00:00,247689,3722,https://microdatos.dane.gov.co/index.php/catalog/437,https://microdatos.dane.gov.co/index.php/api/catalog/437
436,microdatos.dane.gov.co,DANE-DIMPE-EDID-ENTIDAD-2015,Encuesta Sobre Ambiente y Desempeño Institucional Departamental- EDID - 2015 - ENTIDAD -,Gobierno.,GOB-Microdatos,Departamento Administrativo Nacional de Estadística - DANE - Dirección de Metodología y Producción Estadística - DIMPE,Colombia,direct,2015,2015,2016-12-05T21:08:50+00:00,2017-10-19T15:03:24+00:00,240066,3704,https://microdatos.dane.gov.co/index.php/catalog/436,https://microdatos.dane.gov.co/index.php/api/catalog/436
761,microdatos.dane.gov.co,DANE-DIMPE-GEIH-EMPALME-2013,Gran Encuesta Integrada de Hogares - GEIH - Empalme - 2013,Mercado Laboral.,MERCLAB-Microdatos,El presente catálogo contiene las bases de datos de la GEIH con factor de expansión empalmado. A partir del año 2014 incluye información de las 8 ciudades capitales de la Amazonía y Orinoquía y San Andrés.,Colombia,direct,2013,2013,2022-11-11T16:22:18+00:00,2022-11-11T16:26:34+00:00,64946,3669,https://microdatos.dane.gov.co/index.php/catalog/761,https://microdatos.dane.gov.co/index.php/api/catalog/761
443,microdatos.dane.gov.co,DANE-DIMPE-EDID-ENTIDAD-2016,Encuesta Sobre Ambiente y Desempeño Institucional Departamental- EDID - 2016 (ENTIDAD),Gobierno.,GOB-Microdatos,Departamento Administrativo Nacional de Estadística - DANE - Dirección de Metodología y Producción Estadística - DIMPE,Colombia,direct,2016,2016,2017-02-06T19:57:58+00:00,2017-10-24T14:18:33+00:00,245380,3662,https://microdatos.dane.gov.co/index.php/catalog/443,https://microdatos.dane.gov.co/index.php/api/catalog/443
499,microdatos.dane.gov.co,FEDESARROLLO-DAMS-EOC-2016,Encuesta de Opinión del Consumidor - EOC - 2016,,CAT_MET_FEDESARROLLO,Fundación para la Educación Superior y el Desarrollo - FEDESARROLLO.,Colombia,data_na,2016,2016,2017-08-30T20:57:49+00:00,2017-08-30T20:57:49+00:00,19181,3658,https://microdatos.dane.gov.co/index.php/catalog/499,https://microdatos.dane.gov.co/index.php/api/catalog/499
296,microdatos.dane.gov.co,DANE-DIMPE-POBREZAMULTIDIMENSIONAL-2013,Indice de Pobreza Multidimensional - IPM - 2013,Pobreza y condiciones de vida.,POBCONVID,Departamento Administrativo Nacional de Estadística,Colombia,direct,0,0,2014-11-05T19:12:56+00:00,2022-12-06T21:19:54+00:00,66160,3647,https://microdatos.dane.gov.co/index.php/catalog/296,https://microdatos.dane.gov.co/index.php/api/catalog/296
630,microdatos.dane.gov.co,DANE-DIMPE-GEIH-I-SEMESTRE-2017,Gran Encuesta Integrada de Hogares - GEIH - 2017 - San Andrés (I Semestre),Mercado Laboral.,MERCLAB-Microdatos,Dirección de Metodología y Producción Estadística - DIMPE,Colombia,direct,2017,2017,2019-08-23T15:21:31+00:00,2019-08-23T15:32:04+00:00,122104,3646,https://microdatos.dane.gov.co/index.php/catalog/630,https://microdatos.dane.gov.co/index.php/api/catalog/630
664,microdatos.dane.gov.co,DANE-DIMPE-MTI-2019,Módulo de Trabajo Infantil - MTI - GEIH - 2019,Mercado Laboral.,MERCLAB-Microdatos,Dirección de Metodología y Producción Estadística - DIMPE,Colombia,direct,2018,2018,2020-05-06T23:27:12+00:00,2020-05-06T23:56:04+00:00,29738,3640,https://microdatos.dane.gov.co/index.php/catalog/664,https://microdatos.dane.gov.co/index.php/api/catalog/664
466,microdatos.dane.gov.co,DANE-DIMPE-IVP-2014-2015-2016,Índice de Valoración Predial -IVP-2014-2015-2016,Metadatos - DANE,METADATOS,Dirección de Metodología y Producción Estadística - DIMPE,Colombia,data_na,2014,2016,2017-04-25T22:08:21+00:00,2017-04-25T22:08:21+00:00,85441,3638,https://microdatos.dane.gov.co/index.php/catalog/466,https://microdatos.dane.gov.co/index.php/api/catalog/466
624,microdatos.dane.gov.co,DANE-DIMPE-GEIH-I-SEMESTRE-2015,Gran Encuesta Integrada de Hogares - GEIH - 2015 - San Andrés (I Semestre),Mercado Laboral.,MERCLAB-Microdatos,Dirección de Metodología y Producción Estadística - DIMPE,Colombia,direct,2015,2015,2019-08-09T19:38:53+00:00,2019-08-22T19:54:02+00:00,121400,3631,https://microdatos.dane.gov.co/index.php/catalog/624,https://microdatos.dane.gov.co/index.php/api/catalog/624
617,microdatos.dane.gov.co,DANE-DIMPE-GEIH-I-SEMESTRE-2012,Gran Encuesta Integrada de Hogares - GEIH - 2012 - San Andrés (I Semestre),Mercado Laboral.,MERCLAB-Microdatos,Dirección de Metodología y Producción Estadística - DIMPE,Colombia,direct,2012,2012,2019-08-06T15:32:22+00:00,2019-08-06T20:27:28+00:00,124186,3565,https://microdatos.dane.gov.co/index.php/catalog/617,https://microdatos.dane.gov.co/index.php/api/catalog/617
755,microdatos.dane.gov.co,DANE-DIMPE-GEIH-EMPALME-2011,Gran Encuesta Integrada de Hogares - GEIH - Empalme - 2011,Mercado Laboral.,MERCLAB-Microdatos,El presente catálogo contiene las bases de datos de la GEIH con factor de expansión empalmado. A partir del año 2014 incluye información de las 8 ciudades capitales de la Amazonía y Orinoquía y San Andrés.,Colombia,direct,2011,2011,2022-11-03T16:45:29+00:00,2022-11-11T16:54:05+00:00,61816,3546,https://microdatos.dane.gov.co/index.php/catalog/755,https://microdatos.dane.gov.co/index.php/api/catalog/755
658,microdatos.dane.gov.co,DANE-DIMPE-EDI-SECTOR-2019,Encuesta Sobre Ambiente y Desempeño Institucional Nacional  - EDI - 2019 (SECTOR),,central,Departamento Administrativo Nacional de Estadística - DANE - Dirección de Metodología y Producción Estadística - DIMPE,Colombia,direct,2019,2019,2020-02-28T13:59:00+00:00,2020-02-28T14:02:48+00:00,57927,3545,https://microdatos.dane.gov.co/index.php/catalog/658,https://microdatos.dane.gov.co/index.php/api/catalog/658
798,microdatos.dane.gov.co,DANE-DIMPE-EAC-2021,Encuesta Anual de Comercio - EAC - 2021,Comercio interno.,CII-Microdatos,"Dirección de Metodología y Producción Estadística - DIMPE., Los parámetros de inclusión que para 2021 corresponden a $1.920 millones de pesos y/o 10 o más personas ocupadas.",Colombia,direct,2022,2022,2023-07-04T20:26:18+00:00,2023-07-04T20:32:14+00:00,28492,3529,https://microdatos.dane.gov.co/index.php/catalog/798,https://microdatos.dane.gov.co/index.php/api/catalog/798
573,microdatos.dane.gov.co,DANE-DIMPE-ECSC-2011-2012,Encuesta de Convivencia y Seguridad Ciudadana - ECSC - 2011 - 2012,Seguridad y defensa.,SEGDEF-Microdatos,"Departamento Administrativo Nacional de Estadística, El período de aplicación corresponde a los meses de Julio de 2011 a Agosto de 2012.",Colombia,direct,2012,2012,2018-09-26T21:45:46+00:00,2018-09-28T19:40:51+00:00,187873,3517,https://microdatos.dane.gov.co/index.php/catalog/573,https://microdatos.dane.gov.co/index.php/api/catalog/573
444,microdatos.dane.gov.co,DANE-DIMPE-EDI-ENTIDAD-2016,Encuesta Sobre Ambiente y Desempeño Institucional Nacional  - EDI - 2016 (ENTIDAD),Gobierno.,GOB-Microdatos,Departamento Administrativo Nacional de Estadística - DANE - Dirección de Metodología y Producción Estadística - DIMPE,Colombia,direct,2016,2016,2017-02-08T15:15:49+00:00,2017-10-24T13:43:39+00:00,219970,3490,https://microdatos.dane.gov.co/index.php/catalog/444,https://microdatos.dane.gov.co/index.php/api/catalog/444
601,microdatos.dane.gov.co,DANE-DIMPE-EDI-ENTIDAD-2012,Encuesta Sobre Ambiente y Desempeño Institucional Nacional  - EDI - 2012 ( ENTIDAD),Gobierno.,GOB-Microdatos,Departamento Administrativo Nacional de Estadística - DANE - Dirección de Metodología y Producción Estadística - DIMPE,Colombia,direct,2012,2012,2019-03-29T20:32:23+00:00,2019-03-29T20:40:32+00:00,178524,3488,https://microdatos.dane.gov.co/index.php/catalog/601,https://microdatos.dane.gov.co/index.php/api/catalog/601
532,microdatos.dane.gov.co,DANE-DIMPE-EDIT-INDUSTRIA-VII-2013-2014,Encuesta de Desarrollo e Innovación Tecnológica -  EDIT-  Industria VII - 2013 - 2014,Tecnología e innovación.,TECINNO-Microdatos,Dirección de Metodología y Producción Estadística - DIMPE,Colombia,direct,2015,2015,2018-02-12T19:49:15+00:00,2020-02-20T15:44:24+00:00,166102,3469,https://microdatos.dane.gov.co/index.php/catalog/532,https://microdatos.dane.gov.co/index.php/api/catalog/532
603,microdatos.dane.gov.co,DANE-DIMPE-EDID-ENTIDAD-2012,Encuesta Sobre Ambiente y Desempeño Institucional Departamental  - EDID-  2012 ( ENTIDAD ),Gobierno.,GOB-Microdatos,Departamento Administrativo Nacional de Estadística - DANE - Dirección de Metodología y Producción Estadística - DIMPE,Colombia,direct,2012,2012,2019-03-29T21:42:57+00:00,2019-04-01T15:46:25+00:00,200951,3432,https://microdatos.dane.gov.co/index.php/catalog/603,https://microdatos.dane.gov.co/index.php/api/catalog/603
802,microdatos.dane.gov.co,DANE-DIMPE-EAM-2021,Encuesta Anual Manufacturera – EAM - 2021.,Industria.,Ind-Microdatos,Departamento Administrativo Nacional de Estadística - DANE,Colombia,direct,2022,2022,2023-07-31T21:22:15+00:00,2023-07-31T21:24:36+00:00,70605,3398,https://microdatos.dane.gov.co/index.php/catalog/802,https://microdatos.dane.gov.co/index.php/api/catalog/802
529,microdatos.dane.gov.co,DANE-DIMPE-EDIT-INDUSTRIA-2007-2008,Encuesta de Desarrollo e Innovación Tecnológica -  EDIT-  Industria  - 2007-2008,Tecnología e innovación.,TECINNO-Microdatos,Dirección de Metodología y Producción Estadística - DIMPE,Colombia,direct,2007,2007,2018-02-12T19:14:00+00:00,2020-03-05T20:58:33+00:00,142477,3375,https://microdatos.dane.gov.co/index.php/catalog/529,https://microdatos.dane.gov.co/index.php/api/catalog/529
432,microdatos.dane.gov.co,MINDEFENSA- DIRECCIÓN DE ESTUDIOS ESTRATEGICOS -ESTADISTICAS DE SECUESTRO Y EXTORSIÓN - 1996-2015.,Estadísticas de Secuestro y Extorsión - 1996 - 2015,,CAT_MINDEFENSA,Ministerio de Defensa Nacional,Colombia,data_na,1996,2015,2016-11-09T21:34:23+00:00,2016-11-09T21:34:23+00:00,47924,3366,https://microdatos.dane.gov.co/index.php/catalog/432,https://microdatos.dane.gov.co/index.php/api/catalog/432
133,microdatos.dane.gov.co,DANE-DIRPEN-ENA-2010,Encuesta Nacional Agropecuaria - ENA - 2010,Metadatos - DANE,METADATOS,Dirección de Metodología y Producción Estadística - DIMPE,Colombia,data_na,2010,2010,2014-03-19T22:28:34+00:00,2014-07-14T21:59:15+00:00,642633,3346,https://microdatos.dane.gov.co/index.php/catalog/133,https://microdatos.dane.gov.co/index.php/api/catalog/133
656,microdatos.dane.gov.co,DANE-DIMPE-GEIH-MFPT-2019,Módulo de Formación para el Trabajo - MFPT- GEIH - 2019,Mercado Laboral.,MERCLAB-Microdatos,Dirección de Metodología y Producción Estadística - DIMPE,Colombia,direct,2019,2019,2020-02-14T14:16:26+00:00,2023-01-05T15:06:44+00:00,21126,3301,https://microdatos.dane.gov.co/index.php/catalog/656,https://microdatos.dane.gov.co/index.php/api/catalog/656
717,microdatos.dane.gov.co,DANE-DIMPE-GEIH-2016-11,GEIH - 2016 - Ciudades Intermedias (Buenaventura),Mercado Laboral.,MERCLAB-Microdatos,Dirección de Metodología y Producción Estadística - DIMPE,Colombia,direct,2016,2016,2021-07-10T00:22:19+00:00,2021-07-10T00:29:36+00:00,89480,3276,https://microdatos.dane.gov.co/index.php/catalog/717,https://microdatos.dane.gov.co/index.php/api/catalog/717
435,microdatos.dane.gov.co,DANE-DIMPE-EDI-SECTOR-2015,Encuesta Sobre Ambiente y Desempeño Institucional Nacional  - EDI - 2015 (SECTOR),Gobierno.,GOB-Microdatos,Departamento Administrativo Nacional de Estadística - DANE - Dirección de Metodología y Producción Estadística - DIMPE,Colombia,direct,2015,2015,2016-12-05T21:08:09+00:00,2017-10-19T21:18:43+00:00,202128,3274,https://microdatos.dane.gov.co/index.php/catalog/435,https://microdatos.dane.gov.co/index.php/api/catalog/435
628,microdatos.dane.gov.co,DANE-DIMPE-GEIH-I-SEMESTRE-2016,Gran Encuesta Integrada de Hogares - GEIH - 2016 - San Andrés (I Semestre),Mercado Laboral.,MERCLAB-Microdatos,Dirección de Metodología y Producción Estadística - DIMPE,Colombia,direct,2016,2016,2019-08-22T20:29:46+00:00,2019-08-22T20:46:50+00:00,125174,3271,https://microdatos.dane.gov.co/index.php/catalog/628,https://microdatos.dane.gov.co/index.php/api/catalog/628
746,microdatos.dane.gov.co,DANE-DIMPE-EAI-2020,Encuesta Ambiental Industrial - EAI - 2020,Industria.,Ind-Microdatos,Dirección de Metodología y Producción Estadística - DIMPE,Colombia,direct,2022,2022,2022-07-28T21:47:54+00:00,2022-07-28T22:20:27+00:00,77508,3253,https://microdatos.dane.gov.co/index.php/catalog/746,https://microdatos.dane.gov.co/index.php/api/catalog/746
873,microdatos.dane.gov.co,DANE-DIMPE-CEED-2007-A-2026,Censo de Edificaciones - CEED - 2007 - 2026 - I Trimestre,Construcción.,construc-Microdatos,Dirección de Metodología y Producción Estadística - DIMPE,Colombia,direct,2007,2023,2025-07-15T15:45:26+00:00,2026-05-26T21:57:25+00:00,31945,3248,https://microdatos.dane.gov.co/index.php/catalog/873,https://microdatos.dane.gov.co/index.php/api/catalog/873
655,microdatos.dane.gov.co,DANE-DIMPE-GEIH-MFPT-2018,Módulo de Formación para el Trabajo - MFPT- GEIH - 2018,Mercado Laboral.,MERCLAB-Microdatos,Dirección de Metodología y Producción Estadística - DIMPE,Colombia,direct,2018,2018,2020-02-14T14:08:57+00:00,2023-01-05T15:04:26+00:00,15775,3243,https://microdatos.dane.gov.co/index.php/catalog/655,https://microdatos.dane.gov.co/index.php/api/catalog/655
653,microdatos.dane.gov.co,DANE-DIMPE-GEIH-MFPT-2016,Módulo de Formación para el Trabajo - MFPT- GEIH - 2016,Mercado Laboral.,MERCLAB-Microdatos,Dirección de Metodología y Producción Estadística - DIMPE,Colombia,direct,2016,2016,2020-02-14T13:26:22+00:00,2023-01-05T14:58:51+00:00,15266,3238,https://microdatos.dane.gov.co/index.php/catalog/653,https://microdatos.dane.gov.co/index.php/api/catalog/653
578,microdatos.dane.gov.co,DANE-DIMPE-ECSC-2014,Encuesta de Convivencia y Seguridad Ciudadana - ECSC - 2014,Seguridad y defensa.,SEGDEF-Microdatos,Departamento Administrativo Nacional de Estadística - DANE -,Colombia,direct,2015,2015,2018-10-02T21:03:18+00:00,2020-02-20T20:09:45+00:00,155216,3230,https://microdatos.dane.gov.co/index.php/catalog/578,https://microdatos.dane.gov.co/index.php/api/catalog/578
604,microdatos.dane.gov.co,DANE-DIMPE-EDID-REGION-2012,Encuesta Sobre Ambiente y Desempeño Institucional Departamental  - EDID-  2012 ( REGIÓN ),Gobierno.,GOB-Microdatos,Departamento Administrativo Nacional de Estadística - DANE - Dirección de Metodología y Producción Estadística - DIMPE,Colombia,direct,2012,2012,2019-04-01T20:18:21+00:00,2019-04-01T20:22:59+00:00,204352,3224,https://microdatos.dane.gov.co/index.php/catalog/604,https://microdatos.dane.gov.co/index.php/api/catalog/604
308,microdatos.dane.gov.co,MEN-DIRECCION-DE-FOMENTO-DE-LA-EDUCACION-SUPERIOR-SUBDIRECCION-DE-DESARROLLO-SECTORIAL-SNIES-2011,Sistema Nacional de Información de la Educación Superior - SNIES 2011,,CAT_MET_MIN_EDUC,"Subdirección de Desarrollo Sectorial, Oficina de Tecnología y Sistemas de Información",Colombia,data_na,2011,2011,2014-12-10T20:44:51+00:00,2014-12-10T20:44:51+00:00,248411,3203,https://microdatos.dane.gov.co/index.php/catalog/308,https://microdatos.dane.gov.co/index.php/api/catalog/308
879,microdatos.dane.gov.co,DANE-DIMPE-EPM-VIII-2025,Encuesta Pulso de la Migración - EPM - VIII- 2025,Demografía y población.,DEM-Microdatos,Departamento Administrativo Nacional de Estadística,Colombia,direct,2025,2025,2025-10-21T15:19:52+00:00,2025-10-21T15:42:03+00:00,30526,3175,https://microdatos.dane.gov.co/index.php/catalog/879,https://microdatos.dane.gov.co/index.php/api/catalog/879
788,microdatos.dane.gov.co,DANE-DIMPE-CHV-2023,Cartera Hipotecaria de Vivienda - CHV - 2023,Construcción,construc-Metadatos,Dirección de Metodología y Producción Estadística  - DIMPE,Colombia,data_na,0,0,2023-04-18T16:42:49+00:00,2023-04-18T16:42:49+00:00,27143,3153,https://microdatos.dane.gov.co/index.php/catalog/788,https://microdatos.dane.gov.co/index.php/api/catalog/788
809,microdatos.dane.gov.co,DANE-DIMPE-EPM-VI-2023,Encuesta Pulso de la Migración - EPM - VI-2023,Demografía y población.,DEM-Microdatos,Departamento Administrativo Nacional de Estadística,Colombia,direct,2023,2023,2024-01-31T15:40:39+00:00,2024-01-31T18:05:02+00:00,57690,3148,https://microdatos.dane.gov.co/index.php/catalog/809,https://microdatos.dane.gov.co/index.php/api/catalog/809
530,microdatos.dane.gov.co,DANE-DIMPE-EDIT-2009-2010,Encuesta de Desarrollo e Innovación Tecnológica -  EDIT-  Industria  - 2009-2010,Tecnología e innovación.,TECINNO-Microdatos,Dirección de Metodología y Producción Estadística - DIMPE,Colombia,direct,2011,2011,2018-02-12T19:38:00+00:00,2020-02-20T15:32:52+00:00,141819,3076,https://microdatos.dane.gov.co/index.php/catalog/530,https://microdatos.dane.gov.co/index.php/api/catalog/530
772,microdatos.dane.gov.co,DANE-DIMPE-GEIH-MFPT-2022,Módulo de Formación para el Trabajo - MFPT- GEIH - 2022,Mercado Laboral.,MERCLAB-Microdatos,Dirección de Metodología y Producción Estadística - DIMPE,Colombia,direct,2022,2022,2023-01-05T15:50:27+00:00,2023-01-05T15:53:06+00:00,11227,3070,https://microdatos.dane.gov.co/index.php/catalog/772,https://microdatos.dane.gov.co/index.php/api/catalog/772
744,microdatos.dane.gov.co,DANE-DIMPE-GEIH-MFPT-2021,Módulo de Formación para el Trabajo - MFPT- GEIH - 2021,Mercado Laboral.,MERCLAB-Microdatos,Dirección de Metodología y Producción Estadística - DIMPE,Colombia,direct,2021,2021,2022-07-07T21:35:36+00:00,2023-01-05T15:18:57+00:00,10226,3058,https://microdatos.dane.gov.co/index.php/catalog/744,https://microdatos.dane.gov.co/index.php/api/catalog/744
536,microdatos.dane.gov.co,DANE-DIMPE-EDIT-S-V-2014-2015,Encuesta de Desarrollo e Innovación Tecnológica en los Sectores Servicios y Comercio – EDITS - V - 2014 - 2015,Servicios.,SER-Microdatos,Dirección de Metodología y Producción Estadística - DIMPE,Colombia,direct,2016,2016,2018-02-12T20:09:23+00:00,2020-05-21T16:26:55+00:00,164968,3044,https://microdatos.dane.gov.co/index.php/catalog/536,https://microdatos.dane.gov.co/index.php/api/catalog/536
860,microdatos.dane.gov.co,DANE-DIMPE-POBREZA-MULTIDIMENSIONAL-2024,Indice de Pobreza Multidimensional - IPM- 2024,Pobreza y condiciones de vida.,POBCONVID,"Departamento Administrativo Nacional de Estadística, ",Colombia,direct,0,0,2025-04-22T16:37:45+00:00,2026-07-24T04:28:58+00:00,57828,3030,https://microdatos.dane.gov.co/index.php/catalog/860,https://microdatos.dane.gov.co/index.php/api/catalog/860
469,microdatos.dane.gov.co,DANE-DIMPE-EMM-2015-2017,Encuesta Mensual Manufacturera - EMM - 2015 A 2017,Metadatos - DANE,METADATOS,Dirección de Metodología y Producción Estadística - DIMPE,Colombia,data_na,2016,2017,2017-06-06T13:59:32+00:00,2017-06-06T13:59:32+00:00,66080,3013,https://microdatos.dane.gov.co/index.php/catalog/469,https://microdatos.dane.gov.co/index.php/api/catalog/469
255,microdatos.dane.gov.co,DANE-DIMPE-IPM-2011,Indice de Pobreza Multidimensional - IPM - 2011,Pobreza y condiciones de vida.,POBCONVID,Departamento Administrativo Nacional de Estadística,Colombia,direct,0,0,2014-07-24T14:16:06+00:00,2022-12-06T19:59:57+00:00,57895,2985,https://microdatos.dane.gov.co/index.php/catalog/255,https://microdatos.dane.gov.co/index.php/api/catalog/255
298,microdatos.dane.gov.co,DANE-DIMPE-GEIH-MTIC-2011,Módulo Tecnologías de Información y Comunicación -  MTIC- GEIH- 2011,Mercado Laboral.,MERCLAB-Microdatos,Dirección de Metodología y Producción Estadística - DIMPE,Colombia,direct,2011,2011,2014-11-06T21:39:16+00:00,2020-11-12T23:41:07+00:00,35817,2952,https://microdatos.dane.gov.co/index.php/catalog/298,https://microdatos.dane.gov.co/index.php/api/catalog/298
689,microdatos.dane.gov.co,DANE-LINEAS-DE-POBREZA-MONETARIA-Y-POBREZA-MONETARIA-EXTREMA-ACTUALIZACION-METODOLOGICA-SERIE-2012-2018,Líneas de Pobreza Monetaria y Pobreza Monetaria Extrema - Actualización Metodológica. Serie 2012 - 2018.,Servicios.,SER-Microdatos,"En esta sección se encuentran las líneas de pobreza monetaria y pobreza monetaria extrema para los 25 dominios geográficos y los años 2012 a 2018, correspondientes a la actualización metodológica de pobreza monetaria.",Colombia,direct,2019,2019,2020-10-15T01:41:57+00:00,2020-10-15T02:44:24+00:00,19478,2948,https://microdatos.dane.gov.co/index.php/catalog/689,https://microdatos.dane.gov.co/index.php/api/catalog/689
654,microdatos.dane.gov.co,DANE-DIMPE-GEIH-MFPT-2017,Módulo de Formación para el Trabajo - MFPT- GEIH - 2017,Mercado Laboral.,MERCLAB-Microdatos,Dirección de Metodología y Producción Estadística - DIMPE,Colombia,direct,2017,2017,2020-02-14T13:56:02+00:00,2023-01-05T15:00:38+00:00,15556,2943,https://microdatos.dane.gov.co/index.php/catalog/654,https://microdatos.dane.gov.co/index.php/api/catalog/654
886,microdatos.dane.gov.co,DANE-DIMPE-GEIH-MFPT-2025,Módulo de Formación para el Trabajo - MFPT- GEIH - 2025,Mercado Laboral.,MERCLAB-Microdatos,Dirección de Metodología y Producción Estadística - DIMPE,Colombia,direct,2025,2025,2025-12-31T17:23:34+00:00,2025-12-31T17:29:09+00:00,6597,2921,https://microdatos.dane.gov.co/index.php/catalog/886,https://microdatos.dane.gov.co/index.php/api/catalog/886
876,microdatos.dane.gov.co,COL-DANE-EEVV-2023,Estadísticas Vitales - EEVV - 2023,Demografía y población.,DEM-Microdatos,Dirección de Censos y Demografía - DCD,Colombia,direct,2023,2023,2025-09-09T14:44:19+00:00,2025-09-16T15:20:26+00:00,32059,2888,https://microdatos.dane.gov.co/index.php/catalog/876,https://microdatos.dane.gov.co/index.php/api/catalog/876
577,microdatos.dane.gov.co,DANE-DIMPE-ECSC-2013,Encuesta de Convivencia y Seguridad Ciudadana - ECSC - 2013,Seguridad y defensa.,SEGDEF-Microdatos,Departamento Administrativo Nacional de Estadística,Colombia,direct,2014,2014,2018-10-02T20:59:08+00:00,2020-02-20T19:50:31+00:00,146196,2887,https://microdatos.dane.gov.co/index.php/catalog/577,https://microdatos.dane.gov.co/index.php/api/catalog/577
257,microdatos.dane.gov.co,DANE-DIMPE-IPM-2012,Indice de Pobreza Multidimensional - IPM - 2012,Pobreza y condiciones de vida.,POBCONVID,Departamento Administrativo Nacional de Estadística,Colombia,direct,0,0,2014-07-24T19:38:32+00:00,2022-12-06T20:25:52+00:00,60308,2872,https://microdatos.dane.gov.co/index.php/catalog/257,https://microdatos.dane.gov.co/index.php/api/catalog/257
516,microdatos.dane.gov.co,DANE-DIMPE-EDI-2016,Encuesta Sobre Ambiente y Desempeño Institucional Nacional  - EDI - 2016 (SECTOR),Gobierno.,GOB-Microdatos,Departamento Administrativo Nacional de Estadística - DANE - Dirección de Metodología y Producción Estadística - DIMPE,Colombia,direct,2016,2016,2018-01-25T16:08:49+00:00,2020-03-31T19:49:03+00:00,81396,2812,https://microdatos.dane.gov.co/index.php/catalog/516,https://microdatos.dane.gov.co/index.php/api/catalog/516
833,microdatos.dane.gov.co,DANE-DIMPE-EAC-2022,Encuesta Anual de Comercio - EAC - 2022,Comercio interno.,CII-Microdatos,"Dirección de Metodología y Producción Estadística - DIMPE., Los parámetros de inclusión para el año 2022 corresponden a $2.030 millones de pesos y/o 10 o más personas ocupadas.",Colombia,direct,2023,2023,2024-06-28T19:59:18+00:00,2024-07-02T15:41:01+00:00,29659,2786,https://microdatos.dane.gov.co/index.php/catalog/833,https://microdatos.dane.gov.co/index.php/api/catalog/833
622,microdatos.dane.gov.co,DANE-DIMPE-GEIH-I-SEMESTRE-2014,Gran Encuesta Integrada de Hogares - GEIH - 2014 - San Andrés (I Semestre),Mercado Laboral.,MERCLAB-Microdatos,Dirección de Metodología y Producción Estadística - DIMPE,Colombia,direct,2014,2014,2019-08-09T14:01:46+00:00,2019-08-09T14:19:42+00:00,109153,2762,https://microdatos.dane.gov.co/index.php/catalog/622,https://microdatos.dane.gov.co/index.php/api/catalog/622
228,microdatos.dane.gov.co,BANREP-DTIE-EMEE-2013,Encuesta Mensual de Expectativas Económicas,,INVENT_BR,Sección Estadística - DTIE,Colombia,data_na,2013,2013,2014-06-10T16:01:31+00:00,2014-06-10T20:22:59+00:00,32458,2722,https://microdatos.dane.gov.co/index.php/catalog/228,https://microdatos.dane.gov.co/index.php/api/catalog/228
842,microdatos.dane.gov.co,DANE-POBREZA-MONETARIA-Y-DESIGUALDAD-2012-2020,Empalme de la Medición de Pobreza y Desigualdad - 2012-2020,Pobreza y condiciones de vida.,POBCONVID,Departamento Administrativo Nacional de Estadística,Colombia,direct,2012,2020,2024-12-19T21:25:07+00:00,2024-12-19T21:28:43+00:00,14760,2680,https://microdatos.dane.gov.co/index.php/catalog/842,https://microdatos.dane.gov.co/index.php/api/catalog/842
778,microdatos.dane.gov.co,DANE-DIMPE-CHV-2013-2019,Cartera Hipotecaria de Vivienda - CHV - 2013 - 2022,Construcción,construc-Metadatos,Dirección de Metodología y Producción Estadística  - DIMPE,Colombia,data_na,0,0,2023-01-26T14:17:26+00:00,2023-04-18T14:27:30+00:00,27945,2677,https://microdatos.dane.gov.co/index.php/catalog/778,https://microdatos.dane.gov.co/index.php/api/catalog/778
623,microdatos.dane.gov.co,DANE-DIMPE-GEIH-II-SEMESTRE-2014,Gran Encuesta Integrada de Hogares - GEIH - 2014 - San Andrés (II Semestre),Mercado Laboral.,MERCLAB-Microdatos,Dirección de Metodología y Producción Estadística - DIMPE,Colombia,direct,2014,2014,2019-08-09T16:09:46+00:00,2019-08-09T19:27:24+00:00,115662,2674,https://microdatos.dane.gov.co/index.php/catalog/623,https://microdatos.dane.gov.co/index.php/api/catalog/623
524,microdatos.dane.gov.co,DANE-DIMPE-ZF-2017,ZONAS FRANCAS - ZF - 2017,Comercio internacional.,CI-Microdatos,Dirección de Metodología y Producción Estadística - DIMPE-,Colombia,direct,2017,2017,2018-02-01T21:04:03+00:00,2018-08-24T12:56:06+00:00,30666,2667,https://microdatos.dane.gov.co/index.php/catalog/524,https://microdatos.dane.gov.co/index.php/api/catalog/524
812,microdatos.dane.gov.co,DANE-DIMPE-EDID-REGION-2023,Encuesta Sobre Ambiente y Desempeño Institucional Departamental - EDID - 2023 (REGION),Gobierno.,GOB-Microdatos,Departamento Administrativo Nacional de Estadística - DANE - Dirección de Metodología y Producción Estadística - DIMPE,Colombia,direct,2023,2023,2024-02-02T00:50:04+00:00,2024-02-06T02:53:17+00:00,88394,2649,https://microdatos.dane.gov.co/index.php/catalog/812,https://microdatos.dane.gov.co/index.php/api/catalog/812
335,microdatos.dane.gov.co,DANE-POBREZAMONETARIAMOVIL-2013-2014,Medición de Pobreza Monetaria Movil Julio 2013 - Junio 2014,Pobreza y condiciones de vida.,POBCONVID,Departamento Administrativo Nacional de Estadística,Colombia,direct,2013,2014,2015-04-09T16:42:45+00:00,2017-09-25T15:03:58+00:00,75668,2504,https://microdatos.dane.gov.co/index.php/catalog/335,https://microdatos.dane.gov.co/index.php/api/catalog/335
488,microdatos.dane.gov.co,DANE-DIMPE-EAS-2006,Encuesta Anual de Servicios -  EAS - 2006,Servicios.,SER-Microdatos,Dirección de Metodología y Producción Estadística - DIMPE,Colombia,direct,2007,2007,2017-08-08T14:44:06+00:00,2018-09-25T21:18:18+00:00,41773,2474,https://microdatos.dane.gov.co/index.php/catalog/488,https://microdatos.dane.gov.co/index.php/api/catalog/488
531,microdatos.dane.gov.co,DANE-DIMPE-EDIT-INDUSTRIA-VI-2011-2012,Encuesta de Desarrollo e Innovación Tecnológica -  EDIT-  Industria VI - 2011 - 2012,Tecnología e innovación.,TECINNO-Microdatos,Dirección de Metodología y Producción Estadística - DIMPE,Colombia,direct,2011,2012,2018-02-12T19:44:12+00:00,2020-02-20T15:40:28+00:00,132600,2453,https://microdatos.dane.gov.co/index.php/catalog/531,https://microdatos.dane.gov.co/index.php/api/catalog/531
489,microdatos.dane.gov.co,DANE-DIMPE-EAS-2007,Encuesta Anual de Servicios -  EAS - 2007,Servicios.,SER-Microdatos,Dirección de Metodología y Producción Estadística - DIMPE,Colombia,direct,2008,2008,2017-08-08T14:47:49+00:00,2017-09-25T14:18:35+00:00,37189,2387,https://microdatos.dane.gov.co/index.php/catalog/489,https://microdatos.dane.gov.co/index.php/api/catalog/489
808,microdatos.dane.gov.co,DANE-DIRPEN-ESAG-2016-2023,Encuesta de Sacrificio de Ganado -  ESAG - 2016 - 2023,Agropecuario,Agrop-Metadatos,Departamento Administrativo Nacional de Estadística - DANE  Dirección de Metodología y Producción Estadística - DIMPE,Colombia,data_na,2016,2023,2024-01-29T20:36:00+00:00,2024-01-29T20:36:00+00:00,30458,2367,https://microdatos.dane.gov.co/index.php/catalog/808,https://microdatos.dane.gov.co/index.php/api/catalog/808
791,microdatos.dane.gov.co,DANE-DIMPE-MTI-2022,Módulo de Trabajo Infantil - MTI - GEIH - 2022,Mercado Laboral.,MERCLAB-Microdatos,Dirección de Metodología y Producción Estadística - DIMPE,Colombia,direct,2022,2022,2023-05-11T15:21:29+00:00,2023-05-11T15:26:06+00:00,28582,2366,https://microdatos.dane.gov.co/index.php/catalog/791,https://microdatos.dane.gov.co/index.php/api/catalog/791
770,microdatos.dane.gov.co,DANE-DIMPE-EDID-REGION-2022,Encuesta Sobre Ambiente y Desempeño Institucional Departamental- EDID - 2022 (REGIÓN),Gobierno.,GOB-Microdatos,Departamento Administrativo Nacional de Estadística - DANE - Dirección de Metodología y Producción Estadística - DIMPE,Colombia,direct,2022,2022,2022-12-22T18:38:07+00:00,2022-12-22T19:11:21+00:00,94552,2364,https://microdatos.dane.gov.co/index.php/catalog/770,https://microdatos.dane.gov.co/index.php/api/catalog/770
773,microdatos.dane.gov.co,DANE-DIMPE-ICTIP-2022,Índice de Costos del Transporte Intermunicipal de Pasajeros - ICTIP - 2016-2022,Transporte,TRANS-Metadatos,Dirección de Metodologia y Producción Estadistica - DIMPE,Colombia,data_na,2022,2022,2023-01-12T01:47:19+00:00,2023-01-12T01:47:19+00:00,13240,2355,https://microdatos.dane.gov.co/index.php/catalog/773,https://microdatos.dane.gov.co/index.php/api/catalog/773
374,microdatos.dane.gov.co,DANE-POBREZAMONETARIA-2014-2015,Medición de Pobreza Monetaria Movil Julio 2014 - Junio 2015,Pobreza y condiciones de vida.,POBCONVID,Departamento Administrativo Nacional de Estadística,Colombia,direct,2013,2014,2015-09-25T15:36:52+00:00,2017-09-25T15:01:26+00:00,74133,2308,https://microdatos.dane.gov.co/index.php/catalog/374,https://microdatos.dane.gov.co/index.php/api/catalog/374
486,microdatos.dane.gov.co,DANE-DIMPE-EAS-2008-1,Encuesta Anual de Servicios -  EAS - 2008,Servicios.,SER-Microdatos,Dirección de Metodología y Producción Estadística - DIMPE,Colombia,direct,2009,2009,2017-08-04T19:51:26+00:00,2018-09-26T20:24:25+00:00,50207,2281,https://microdatos.dane.gov.co/index.php/catalog/486,https://microdatos.dane.gov.co/index.php/api/catalog/486
511,microdatos.dane.gov.co,DANE-DIMPE-ECG-2010-2016,Estadísticas de Cemento Gris - ECG- 2010 A 2016,Metadatos - DANE,METADATOS,Dirección de Metodología y Producción Estadística - DIMPE,Colombia,data_na,2010,2016,2017-10-25T16:30:38+00:00,2017-10-25T16:30:38+00:00,150771,2226,https://microdatos.dane.gov.co/index.php/catalog/511,https://microdatos.dane.gov.co/index.php/api/catalog/511
685,microdatos.dane.gov.co,DANE-DIMPE-EAI-2016,Encuesta Ambiental Industrial - EAI - 2016,Industria.,Ind-Microdatos,Dirección de Metodología y Producción Estadística - DIMPE,Colombia,direct,2017,2017,2020-10-01T22:31:58+00:00,2020-10-01T23:43:27+00:00,90979,2178,https://microdatos.dane.gov.co/index.php/catalog/685,https://microdatos.dane.gov.co/index.php/api/catalog/685
535,microdatos.dane.gov.co,DANE-DIMPE-EDIT-S-IV-2012-2013,Encuesta de Desarrollo e Innovación Tecnológica en los Sectores Servicios y Comercio – EDITS - 2012 - 2013,Servicios.,SER-Microdatos,Dirección de Metodología y Producción Estadística - DIMPE,Colombia,direct,2014,2014,2018-02-12T20:04:38+00:00,2020-05-21T16:41:04+00:00,142947,2172,https://microdatos.dane.gov.co/index.php/catalog/535,https://microdatos.dane.gov.co/index.php/api/catalog/535
721,microdatos.dane.gov.co,DANE-DIMPE-POBREZA-MULTIDIMENSIONAL-20199,Indice de Pobreza Multidimensional - IPM- 2019,Pobreza y condiciones de vida.,POBCONVID,"Departamento Administrativo Nacional de Estadística, ",Colombia,direct,0,0,2021-12-29T15:14:24+00:00,2023-12-29T20:45:01+00:00,32621,2148,https://microdatos.dane.gov.co/index.php/catalog/721,https://microdatos.dane.gov.co/index.php/api/catalog/721
787,microdatos.dane.gov.co,DANE-DIMPE-EMA-2019-2022,Encuesta Mensual de Alojamiento - EMA - 2019 - 2022,Servicios,SER-Metadatos,Dirección de Metodología y Producción Estadística - DIMPE,Colombia,data_na,0,0,2023-04-18T15:14:54+00:00,2023-04-18T15:14:54+00:00,30244,2140,https://microdatos.dane.gov.co/index.php/catalog/787,https://microdatos.dane.gov.co/index.php/api/catalog/787
794,microdatos.dane.gov.co,DANE-DIMPE-IIOC-2014-2020,Indicador de Inversión en Obras Civiles - IIOC -  2014 - 2020,Construcción,construc-Metadatos,Dirección de Metodología y Producción Estadística - DIMPE,Colombia,data_na,0,0,2023-06-13T20:43:35+00:00,2023-06-13T20:43:35+00:00,9275,2106,https://microdatos.dane.gov.co/index.php/catalog/794,https://microdatos.dane.gov.co/index.php/api/catalog/794
751,microdatos.dane.gov.co,DANE-DIMPE-IPC-2019-2020-2021,Indice de Precios al Consumidor - IPC - 2019-2020-2021,Precios y Costos,PC-Metadatos,Direccción de Metodología y Producción Estadistica - DIMPE,Colombia,data_na,2019,2021,2022-09-08T14:37:48+00:00,2022-09-08T14:37:48+00:00,61245,2095,https://microdatos.dane.gov.co/index.php/catalog/751,https://microdatos.dane.gov.co/index.php/api/catalog/751
711,microdatos.dane.gov.co,DANE-DIMPE-ICOCIV-2020,Índice de Costos de la Construcción  de Obras Civiles - ICOCIV - 2020,Metadatos - DANE,METADATOS,Dirección de Metodología y Producción Estadística - DIMPE,Colombia,data_na,0,0,2021-05-13T23:09:30+00:00,2021-05-13T23:09:30+00:00,37904,2070,https://microdatos.dane.gov.co/index.php/catalog/711,https://microdatos.dane.gov.co/index.php/api/catalog/711
766,microdatos.dane.gov.co,DANE-DIMPE-EGIT-2022,Encuesta de Gasto Interno en Turismo - EGIT -  2022,Servicios.,SER-Microdatos,Dirección de Metodología y Producción Estadística - DIMPE,Colombia,direct,0,0,2022-12-20T01:39:59+00:00,2023-03-31T13:48:16+00:00,46468,2053,https://microdatos.dane.gov.co/index.php/catalog/766,https://microdatos.dane.gov.co/index.php/api/catalog/766
425,microdatos.dane.gov.co,DANE-DIMPE-EC-2014-2016,Estadísticas de Concreto Premezclado - EC- 2014 A 2016,Metadatos - DANE,METADATOS,Dirección de Metodología y Producción Estadística - DIMPE,Colombia,data_na,2014,2016,2016-10-11T15:03:13+00:00,2016-10-11T15:03:13+00:00,76535,2048,https://microdatos.dane.gov.co/index.php/catalog/425,https://microdatos.dane.gov.co/index.php/api/catalog/425
871,microdatos.dane.gov.co,DANE-DIMPE-EAM-2023,Encuesta Anual Manufacturera – EAM - 2023,Industria.,Ind-Microdatos,Departamento Administrativo Nacional de Estadística - DANE,Colombia,direct,2024,2024,2025-07-14T19:19:14+00:00,2025-07-14T19:20:35+00:00,41379,2043,https://microdatos.dane.gov.co/index.php/catalog/871,https://microdatos.dane.gov.co/index.php/api/catalog/871
571,microdatos.dane.gov.co,DANE-DIMPE-EDIT-INDUSTRIA-II-2003-2004,Encuesta de Desarrollo e Innovación Tecnológica -  EDIT-  Industria II - 2003 - 2004,Tecnología e innovación.,TECINNO-Microdatos,Dirección de Metodología y Producción Estadística - DIMPE,Colombia,direct,2005,2005,2018-09-20T16:54:08+00:00,2018-09-20T19:59:31+00:00,721090,2008,https://microdatos.dane.gov.co/index.php/catalog/571,https://microdatos.dane.gov.co/index.php/api/catalog/571
810,microdatos.dane.gov.co,DANE-DIMPE-EDI-SECTOR2023,Encuesta Sobre Ambiente y Desempeño Institucional Nacional  - EDI - 2023 (SECTOR),Gobierno.,GOB-Microdatos,Departamento Administrativo Nacional de Estadística - DANE - Dirección de Metodología y Producción Estadística - DIMPE,Colombia,direct,2023,2023,2024-02-01T22:21:12+00:00,2024-02-05T23:34:12+00:00,86799,1989,https://microdatos.dane.gov.co/index.php/catalog/810,https://microdatos.dane.gov.co/index.php/api/catalog/810
591,microdatos.dane.gov.co,DANE-DIMPE-EDI-2010,Encuesta Sobre Ambiente y Desempeño Institucional Nacional  - EDI- 2010 (ENTIDAD),Gobierno.,GOB-Microdatos,Dirección de Metodología y Producción Estadística - DIMPE,"COLOMBIA, ",direct,2010,2010,2019-03-28T15:36:08+00:00,2019-03-28T16:48:11+00:00,204529,1985,https://microdatos.dane.gov.co/index.php/catalog/591,https://microdatos.dane.gov.co/index.php/api/catalog/591
902,microdatos.dane.gov.co,DANE-DIMPE-ELCO-2022,Encuesta Longitudinal de Colombia - ELCO - 2022,Pobreza y condiciones de vida.,POBCONVID,Departamento Administrativo Nacional de Estadística,Colombia,direct,2022,2022,2026-03-27T16:00:23+00:00,2026-03-27T21:16:49+00:00,50309,1962,https://microdatos.dane.gov.co/index.php/catalog/902,https://microdatos.dane.gov.co/index.php/api/catalog/902
457,microdatos.dane.gov.co,DANE-DIMPE-ENAM-2015,Encuesta Nacional de Arroz Mecanizado - ENAM- 2015,Metadatos - DANE,METADATOS,"Departamento Administrativo Nacional de Estadística  - DANE -, Federación Nacional de Arroceros - FEDEARROZ -",Colombia,data_na,2015,2015,2017-03-28T12:35:14+00:00,2017-03-28T12:35:14+00:00,65195,1953,https://microdatos.dane.gov.co/index.php/catalog/457,https://microdatos.dane.gov.co/index.php/api/catalog/457
865,microdatos.dane.gov.co,DANE-DIMPE-EAC-2023,Encuesta Anual de Comercio - EAC - 2023,Comercio interno.,CII-Microdatos,"Los parámetros de inclusión para el año 2023 corresponden a $2.300 millones de pesos y/o 10 o más personas ocupadas, Dirección de Metodología y Producción Estadística - DIMPE",Colombia,direct,2024,2024,2025-05-13T20:57:37+00:00,2025-05-19T20:42:46+00:00,20223,1951,https://microdatos.dane.gov.co/index.php/catalog/865,https://microdatos.dane.gov.co/index.php/api/catalog/865
894,microdatos.dane.gov.co,DANE-DIMPE-ECSC-2023,Encuesta de Convivencia y Seguridad Ciudadana - ECSC - 2023,Seguridad y defensa.,SEGDEF-Microdatos,Departamento Administrativo Nacional de Estadística,Colombia,direct,2024,2025,2026-02-24T13:27:04+00:00,2026-02-24T13:28:33+00:00,59622,1916,https://microdatos.dane.gov.co/index.php/catalog/894,https://microdatos.dane.gov.co/index.php/api/catalog/894
534,microdatos.dane.gov.co,DANE-DIMPE-EDIT-S-2010-2011,Encuesta de Desarrollo e Innovación Tecnológica de Servicios - EDIT- S - III- 2010 - 2011,Tecnología e innovación.,TECINNO-Microdatos,Dirección de Metodología y Producción Estadística - DIMPE,Colombia,direct,2012,2012,2018-02-12T19:58:43+00:00,2020-05-21T16:18:47+00:00,143637,1909,https://microdatos.dane.gov.co/index.php/catalog/534,https://microdatos.dane.gov.co/index.php/api/catalog/534
398,microdatos.dane.gov.co,DANE-DCD-EEVV-1997,Estadìsticas Vitales  - EEVV - 1997,Demografía y población.,DEM-Microdatos,Dirección de Censos y Demografía - DCD,Colombia,direct,1997,1997,2016-03-11T13:52:51+00:00,2017-09-25T14:52:51+00:00,27422,1879,https://microdatos.dane.gov.co/index.php/catalog/398,https://microdatos.dane.gov.co/index.php/api/catalog/398
740,microdatos.dane.gov.co,DANE-DIMPE-EDID-ENTIDAD-2021,Encuesta Sobre Ambiente y Desempeño Institucional Departamental- EDID - 2021 (ENTIDAD),Gobierno.,GOB-Microdatos,Departamento Administrativo Nacional de Estadística - DANE - Dirección de Metodología y Producción Estadística - DIMPE,Colombia,direct,2021,2021,2022-06-08T19:27:47+00:00,2022-06-08T19:29:55+00:00,90237,1871,https://microdatos.dane.gov.co/index.php/catalog/740,https://microdatos.dane.gov.co/index.php/api/catalog/740
805,microdatos.dane.gov.co,DANE-DIMPE-EAI-2021,Encuesta Ambiental Industrial - EAI - 2021,Industria.,Ind-Microdatos,Dirección de Metodología y Producción Estadística - DIMPE,Colombia,direct,2022,2022,2023-10-10T16:08:39+00:00,2023-10-10T16:12:58+00:00,63237,1869,https://microdatos.dane.gov.co/index.php/catalog/805,https://microdatos.dane.gov.co/index.php/api/catalog/805
858,microdatos.dane.gov.co,DANE-DIMPE-EAS-2023,Encuesta Anual de Servicios - EAS - 2023,Servicios.,SER-Microdatos,Dirección de de Metodología y Producción Estadística -DIMPE-,Colombia,direct,2024,2024,2025-03-31T16:49:23+00:00,2025-04-02T13:34:37+00:00,25983,1867,https://microdatos.dane.gov.co/index.php/catalog/858,https://microdatos.dane.gov.co/index.php/api/catalog/858
737,microdatos.dane.gov.co,DANE-DIMPE-FIVI-2022,Financiación de Vivienda - FIVI - 2022,Construcción,construc-Metadatos,"Dirección de Metodología y Producción Estadística - DIMPE, ",Colombia,data_na,0,0,2022-06-08T01:59:50+00:00,2022-12-20T13:22:16+00:00,10027,1860,https://microdatos.dane.gov.co/index.php/catalog/737,https://microdatos.dane.gov.co/index.php/api/catalog/737
806,microdatos.dane.gov.co,DANE-DIMPE-GEIH-MFPT-2023,Módulo de Formación para el Trabajo - MFPT- GEIH - 2023,Mercado Laboral.,MERCLAB-Microdatos,Dirección de Metodología y Producción Estadística - DIMPE,Colombia,direct,2023,2023,2023-10-30T15:59:44+00:00,2023-10-30T16:04:56+00:00,12955,1802,https://microdatos.dane.gov.co/index.php/catalog/806,https://microdatos.dane.gov.co/index.php/api/catalog/806
723,microdatos.dane.gov.co,DANE-DIMPE-EAI-2019,Encuesta Ambiental Industrial - EAI - 2019,Industria.,Ind-Microdatos,Dirección de Metodología y Producción Estadística - DIMPE,Colombia,direct,2021,2021,2022-02-25T23:25:20+00:00,2022-02-25T23:35:29+00:00,52481,1774,https://microdatos.dane.gov.co/index.php/catalog/723,https://microdatos.dane.gov.co/index.php/api/catalog/723
495,microdatos.dane.gov.co,DANE-POBREZAMONETARIADESIGUALDAD-SAN-ANDRES-2012-2016,Medición de Pobreza Monetaria y Desigualdad San Andrés 2012 A 2016,Pobreza y condiciones de vida.,POBCONVID,Departamento Administrativo Nacional de Estadística,Colombia,direct,0,0,2017-08-11T19:37:01+00:00,2017-09-25T14:43:43+00:00,68719,1723,https://microdatos.dane.gov.co/index.php/catalog/495,https://microdatos.dane.gov.co/index.php/api/catalog/495
245,microdatos.dane.gov.co,DANE-DIMPE-GEIH-MTIC-2010,Módulo Tecnologías de Información y Comunicación -  MTIC- GEIH- 2010,Mercado Laboral.,MERCLAB-Microdatos,Dirección de Metodología y Producción Estadística - DIMPE,Colombia,direct,2010,2010,2014-07-01T21:01:08+00:00,2017-09-25T15:11:20+00:00,25695,1692,https://microdatos.dane.gov.co/index.php/catalog/245,https://microdatos.dane.gov.co/index.php/api/catalog/245
702,microdatos.dane.gov.co,DANE-DIMPE-SIPSA-I-2017-2021,Sistema de Información de Precios y Abastecimiento del Sector Agropecuario Componente de Insumos y Factores Asociados a la Producción Agropecuaria  – SIPSA - I - 2017 -2021,Metadatos - DANE,METADATOS,Departamento Administrativo Nacional de Estadística - DANE,Colombia,data_na,2017,2021,2021-03-23T22:44:15+00:00,2021-03-23T22:44:15+00:00,40622,1678,https://microdatos.dane.gov.co/index.php/catalog/702,https://microdatos.dane.gov.co/index.php/api/catalog/702
569,microdatos.dane.gov.co,DANE-DIMPE-EDIT-S-I-2004-2005,Encuesta de Desarrollo e Innovación Tecnológica de Servicios -  EDIT - S - 2004 - 2005,Tecnología e innovación.,TECINNO-Microdatos,Dirección de Metodología y Producción Estadística - DIMPE,Colombia,direct,2006,2006,2018-09-11T21:18:24+00:00,2020-05-21T16:32:59+00:00,740694,1674,https://microdatos.dane.gov.co/index.php/catalog/569,https://microdatos.dane.gov.co/index.php/api/catalog/569
838,microdatos.dane.gov.co,DANE-DIMPE-EAI-2022,Encuesta Ambiental Industrial - EAI - 2022,Industria.,Ind-Microdatos,Dirección de Metodología y Producción Estadística - DIMPE,Colombia,direct,2023,2023,2024-10-16T14:07:47+00:00,2024-10-16T14:14:50+00:00,57702,1581,https://microdatos.dane.gov.co/index.php/catalog/838,https://microdatos.dane.gov.co/index.php/api/catalog/838
243,microdatos.dane.gov.co,DANE-DIMPE-GEIH-MTIC-2009,Módulo Tecnologías de Información y Comunicación -  MTIC- GEIH- 2009,Mercado Laboral.,MERCLAB-Microdatos,Dirección de Metodología y Producción Estadística - DIMPE,Colombia,direct,2009,2009,2014-07-01T20:51:27+00:00,2017-09-25T15:11:37+00:00,22274,1571,https://microdatos.dane.gov.co/index.php/catalog/243,https://microdatos.dane.gov.co/index.php/api/catalog/243
736,microdatos.dane.gov.co,DANE-DIMPE-FIVI-2009-2021,Financiación de Vivienda - FIVI - 2009 - 2021,Construcción,construc-Metadatos,"Dirección de Metodología y Producción Estadística - DIMPE, ",Colombia,data_na,0,0,2022-05-09T12:58:21+00:00,2022-05-09T12:58:21+00:00,32754,1567,https://microdatos.dane.gov.co/index.php/catalog/736,https://microdatos.dane.gov.co/index.php/api/catalog/736
512,microdatos.dane.gov.co,DANE-DIMPE-ELIC-2014-A-2017,Estadísticas de Edificación Licencias de Construcción - ELIC - 2014  A 2017,Metadatos - DANE,METADATOS,Dirección de Metodologia y Producción Estadística -DIMPE,Colombia,data_na,2014,2017,2017-11-01T20:17:08+00:00,2017-11-01T20:17:08+00:00,31788,1563,https://microdatos.dane.gov.co/index.php/catalog/512,https://microdatos.dane.gov.co/index.php/api/catalog/512
830,microdatos.dane.gov.co,DANE-DIMPE-SIPSA-I-2022-2024,Sistema de Información de Precios y Abastecimiento del Sector Agropecuario Componente de Insumos y Factores Asociados a la Producción Agropecuaria  – SIPSA - I - 2022 -2024,Agropecuario.,Agrop-Microdatos,Departamento Administrativo Nacional de Estadística - DANE,Colombia,direct,2022,2024,2024-05-30T14:39:01+00:00,2025-05-19T21:37:03+00:00,24425,1540,https://microdatos.dane.gov.co/index.php/catalog/830,https://microdatos.dane.gov.co/index.php/api/catalog/830
769,microdatos.dane.gov.co,DANE-DIMPE-EDID-ENTIDAD-2022,Encuesta Sobre Ambiente y Desempeño Institucional Departamental- EDID - 2022 (ENTIDAD),Gobierno.,GOB-Microdatos,Departamento Administrativo Nacional de Estadística - DANE - Dirección de Metodología y Producción Estadística - DIMPE,Colombia,direct,2022,2022,2022-12-22T17:41:45+00:00,2022-12-22T18:29:59+00:00,93540,1525,https://microdatos.dane.gov.co/index.php/catalog/769,https://microdatos.dane.gov.co/index.php/api/catalog/769
811,microdatos.dane.gov.co,DANE-DIMPE-EDI-ENTIDAD-2023,Encuesta Sobre Ambiente y Desempeño Institucional Nacional  - EDI - 2023 (ENTIDAD),Gobierno.,GOB-Microdatos,Departamento Administrativo Nacional de Estadística - DANE - Dirección de Metodología y Producción Estadística - DIMPE,Colombia,direct,2023,2023,2024-02-02T00:44:58+00:00,2024-02-06T02:48:10+00:00,85910,1523,https://microdatos.dane.gov.co/index.php/catalog/811,https://microdatos.dane.gov.co/index.php/api/catalog/811
741,microdatos.dane.gov.co,DANE-DIMPE-EDID-REGION-2021,Encuesta Sobre Ambiente y Desempeño Institucional Nacional  - EDID - 2021 (REGIÓN),Gobierno.,GOB-Microdatos,Departamento Administrativo Nacional de Estadística - DANE - Dirección de Metodología y Producción Estadística - DIMPE,Colombia,direct,2021,2021,2022-06-08T19:31:43+00:00,2022-06-08T19:34:08+00:00,107626,1502,https://microdatos.dane.gov.co/index.php/catalog/741,https://microdatos.dane.gov.co/index.php/api/catalog/741
682,microdatos.dane.gov.co,DANE-DIMPE-EGIT-2014-2015,Encuesta de Gasto Interno en Turismo - EGIT - 2014 - 2015,Servicios.,SER-Microdatos,Dirección de Metodología y Producción Estadística - DIMPE,Colombia,direct,2014,2015,2020-08-25T20:46:43+00:00,2020-08-25T21:54:51+00:00,78968,1469,https://microdatos.dane.gov.co/index.php/catalog/682,https://microdatos.dane.gov.co/index.php/api/catalog/682
378,microdatos.dane.gov.co,SuperSociedades-Estados-Financieros-2014,Estados Financieros,,CAT_MET_SUPERINTENDENCIA_DE_SOCIEDADES,Superintendencia de Sociedades,Colombia,data_na,2014,2014,2015-10-29T15:40:22+00:00,2015-10-29T15:40:22+00:00,42857,1466,https://microdatos.dane.gov.co/index.php/catalog/378,https://microdatos.dane.gov.co/index.php/api/catalog/378
800,microdatos.dane.gov.co,DANE-DIMPE-EMMET-2018-2026,Encuesta Mensual Manufacturera con Enfoque Territorial - EMMET - 2018 - 2026,Industria,Ind-Metadatos,Dirección de Metodología y Producción Estadística - DIMPE,Colombia,data_na,2018,2026,2023-07-13T16:48:03+00:00,2023-07-13T16:48:03+00:00,34959,1464,https://microdatos.dane.gov.co/index.php/catalog/800,https://microdatos.dane.gov.co/index.php/api/catalog/800
864,microdatos.dane.gov.co,DANE-DIMPE-EGIT-2024,Encuesta de Gasto Interno en Turismo - EGIT - 2024,Servicios.,SER-Microdatos,Dirección de Metodología y Producción Estadística - DIMPE,Colombia,direct,0,0,2025-05-13T14:56:24+00:00,2025-10-28T11:35:43+00:00,37133,1463,https://microdatos.dane.gov.co/index.php/catalog/864,https://microdatos.dane.gov.co/index.php/api/catalog/864
903,microdatos.dane.gov.co,DANE-DIMPE-POBREZA-MULTIDIMENSIONAL-2025,Indice de Pobreza Multidimensional - IPM- 2025,Pobreza y condiciones de vida.,POBCONVID,"Departamento Administrativo Nacional de Estadística, ",Colombia,direct,2025,2025,2026-04-14T19:26:51+00:00,2026-07-16T22:00:45+00:00,15727,1463,https://microdatos.dane.gov.co/index.php/catalog/903,https://microdatos.dane.gov.co/index.php/api/catalog/903
244,microdatos.dane.gov.co,DANE-DIMPE-GEIH-MTIC-2008,Módulo Tecnologías de Información y Comunicación -  MTIC- GEIH- 2008 - JULIO  a DICIEMBRE,Mercado Laboral.,MERCLAB-Microdatos,Dirección de Metodología y Producción Estadística - DIMPE,Colombia,direct,2008,2008,2014-07-01T20:55:45+00:00,2017-09-25T15:10:18+00:00,20201,1434,https://microdatos.dane.gov.co/index.php/catalog/244,https://microdatos.dane.gov.co/index.php/api/catalog/244
768,microdatos.dane.gov.co,DANE-DIMPE-EDI-SECTOR-2022,Encuesta Sobre Ambiente y Desempeño Institucional Nacional  - EDI - 2022 (SECTOR),Gobierno.,GOB-Microdatos,Departamento Administrativo Nacional de Estadística - DANE - Dirección de Metodología y Producción Estadística - DIMPE,Colombia,direct,2022,2022,2022-12-22T17:27:02+00:00,2022-12-22T17:41:04+00:00,98515,1422,https://microdatos.dane.gov.co/index.php/catalog/768,https://microdatos.dane.gov.co/index.php/api/catalog/768
567,microdatos.dane.gov.co,DANE-DIMPE-EDIT-INDUSTRIA-III-2005-2006,Encuesta de Desarrollo e Innovación Tecnológica -  EDIT-  Industria III - 2005 - 2006,Tecnología e innovación.,TECINNO-Microdatos,Dirección de Metodología y Producción Estadística - DIMPE,Colombia,direct,2007,2007,2018-08-16T21:33:34+00:00,2018-08-27T20:41:58+00:00,484725,1420,https://microdatos.dane.gov.co/index.php/catalog/567,https://microdatos.dane.gov.co/index.php/api/catalog/567
862,microdatos.dane.gov.co,CE-2024-2,"Crédito Educativo - CE - 2024-2, 2024-2",,central,Instituto Colombiano de Crédito Educativo y Estudios Técnicos en el Exterior Mariano Ospina Pérez – ICETEX,Colombia,data_na,2015,2024,2025-04-30T19:47:53+00:00,2025-04-30T19:47:53+00:00,5245,1407,https://microdatos.dane.gov.co/index.php/catalog/862,https://microdatos.dane.gov.co/index.php/api/catalog/862
888,microdatos.dane.gov.co,DANE-DIMPE-EAM-2024,Encuesta Anual Manufacturera – EAM - 2024,Industria.,Ind-Microdatos,Departamento Administrativo Nacional de Estadística - DANE,Colombia,direct,2025,2025,2026-02-03T19:33:07+00:00,2026-02-03T19:33:55+00:00,26858,1383,https://microdatos.dane.gov.co/index.php/catalog/888,https://microdatos.dane.gov.co/index.php/api/catalog/888
844,microdatos.dane.gov.co,DANE-DIMPE-MA EAS-2019,Módulo ambiental - EAS - 2019,Servicios.,SER-Microdatos,Dirección de Metodología y Producción Estadística -DIMPE,Colombia,direct,2020,2020,2025-01-17T16:35:03+00:00,2025-01-17T16:37:48+00:00,4310,1346,https://microdatos.dane.gov.co/index.php/catalog/844,https://microdatos.dane.gov.co/index.php/api/catalog/844
866,microdatos.dane.gov.co,DANE-DIMPE-SIPSA-I-2025-2026,Sistema de Información de Precios y Abastecimiento del Sector Agropecuario Componente de Insumos y Factores Asociados a la Producción Agropecuaria  – SIPSA - I - 2025 - 2026,Agropecuario.,Agrop-Microdatos,Departamento Administrativo Nacional de Estadística - DANE,Colombia,direct,2025,2026,2025-05-26T21:23:26+00:00,2026-07-27T18:27:16+00:00,20477,1329,https://microdatos.dane.gov.co/index.php/catalog/866,https://microdatos.dane.gov.co/index.php/api/catalog/866
441,microdatos.dane.gov.co,SIVIGILA-2014-2016,Sistema Nacional de Vigilancia en Salud Pública - SIVIGILA- 2014- 2016,,CAT_MET_INST_NAC_SALUD,"[""Direcci\u00f3n de Vigilancia y An\u00e1lisis del Riesgo en Salud P\u00fablica - Sivigila - Instituto Nacional de Salud-INS-""]",COLOMBIA,data_na,2014,2014,2017-01-26T19:31:07+00:00,2017-01-26T19:31:07+00:00,27140,1299,https://microdatos.dane.gov.co/index.php/catalog/441,https://microdatos.dane.gov.co/index.php/api/catalog/441
250,microdatos.dane.gov.co,DANE-DIMPE-GEIH-MTIC-2007,Módulo Tecnologías de Información y Comunicación -  MTIC- GEIH- 2007 - ABRIL a JULIO,Mercado Laboral.,MERCLAB-Microdatos,Dirección de Metodología y Producción Estadística - DIMPE,Colombia,direct,2007,2007,2014-07-15T21:09:00+00:00,2017-09-25T15:10:29+00:00,22319,1287,https://microdatos.dane.gov.co/index.php/catalog/250,https://microdatos.dane.gov.co/index.php/api/catalog/250
767,microdatos.dane.gov.co,DANE-DIMPE-EDI-ENTIDAD-2022,Encuesta Sobre Ambiente y Desempeño Institucional Nacional  - EDI - 2022 (ENTIDAD),Gobierno.,GOB-Microdatos,Departamento Administrativo Nacional de Estadística - DANE - Dirección de Metodología y Producción Estadística - DIMPE,Colombia,direct,2022,2022,2022-12-22T17:23:39+00:00,2022-12-22T17:25:35+00:00,92766,1279,https://microdatos.dane.gov.co/index.php/catalog/767,https://microdatos.dane.gov.co/index.php/api/catalog/767
863,microdatos.dane.gov.co,DANE-DIMPE-MTI-2024,Módulo de Trabajo Infantil - MTI - GEIH - 2024,Mercado Laboral.,MERCLAB-Microdatos,Dirección de Metodología y Producción Estadística - DIMPE,Colombia,direct,2023,2023,2025-05-02T11:41:32+00:00,2025-05-02T11:43:33+00:00,23245,1265,https://microdatos.dane.gov.co/index.php/catalog/863,https://microdatos.dane.gov.co/index.php/api/catalog/863
885,microdatos.dane.gov.co,DANE-DIMPE-EDI-ENTIDAD-2024,Encuesta Sobre Ambiente y Desempeño Institucional Nacional  -  EDI - 2024 (ENTIDAD),Gobierno.,GOB-Microdatos,Departamento Administrativo Nacional de Estadística - DANE - Dirección de Metodología y Producción Estadística - DIMPE,Colombia,direct,2024,2024,2025-12-12T04:30:25+00:00,2025-12-12T04:34:38+00:00,11005,1210,https://microdatos.dane.gov.co/index.php/catalog/885,https://microdatos.dane.gov.co/index.php/api/catalog/885
887,microdatos.dane.gov.co,DANE-DIMPE-EDI-ENTIDAD-2025,Encuesta Sobre Ambiente y Desempeño Institucional Nacional  -  EDI - 2025 (ENTIDAD),,central,Departamento Administrativo Nacional de Estadística - DANE - Dirección de Metodología y Producción Estadística - DIMPE,Colombia,direct,2025,2025,2026-02-03T15:14:17+00:00,2026-02-04T11:09:50+00:00,12308,1189,https://microdatos.dane.gov.co/index.php/catalog/887,https://microdatos.dane.gov.co/index.php/api/catalog/887
857,microdatos.dane.gov.co,DANE-DIMPE-EAS-2022,Encuesta Anual de Servicios - EAS - 2022,Servicios.,SER-Microdatos,"Ver nota aclaratoria en la sección ""Diccionario de Datos"", Dirección de de Metodología y Producción Estadística -DIMPE-, ",Colombia,direct,2023,2023,2025-03-31T16:46:36+00:00,2025-05-08T15:12:32+00:00,13350,1166,https://microdatos.dane.gov.co/index.php/catalog/857,https://microdatos.dane.gov.co/index.php/api/catalog/857
892,microdatos.dane.gov.co,DANE-DIMPE-EAS-2024,Encuesta Anual de Servicios - EAS - 2024,Servicios.,SER-Microdatos,Dirección de de Metodología y Producción Estadística -DIMPE-,Colombia,direct,2025,2025,2026-02-09T20:04:37+00:00,2026-02-09T20:07:44+00:00,12813,1131,https://microdatos.dane.gov.co/index.php/catalog/892,https://microdatos.dane.gov.co/index.php/api/catalog/892
777,microdatos.dane.gov.co,DANE-DIMPE-ICTC-2016-2022,Índice de Costos del Transporte de Carga de Carretera- ICTC - 2016 - 2022,Transporte,TRANS-Metadatos,Dirección de Metodologia y Producción Estadistica - DIMPE,Colombia,data_na,2022,2022,2023-01-14T00:33:36+00:00,2023-01-14T00:33:36+00:00,17960,1118,https://microdatos.dane.gov.co/index.php/catalog/777,https://microdatos.dane.gov.co/index.php/api/catalog/777
868,microdatos.dane.gov.co,DANE-DIMPE-EDIT-IX-2019-2020,Encuesta de Desarrollo e Innovación Tecnológica en la industria manufacturera – EDIT I - X - 2019-2020,Tecnología e innovación.,TECINNO-Microdatos,Dirección de Metodología y Producción Estadística - DIMPE,Colombia,direct,0,0,2025-06-12T17:28:44+00:00,2025-06-12T17:44:57+00:00,56233,1117,https://microdatos.dane.gov.co/index.php/catalog/868,https://microdatos.dane.gov.co/index.php/api/catalog/868
869,microdatos.dane.gov.co,DANE-DIMPE-EVI-2023-2025,"Encuesta de Visitantes Internacionales - EVI - Agosto 2023 - Julio 2024, Enero - Junio 2025",Servicios,SER-Metadatos,Dirección de Metodología y Producción Estadística - DIMPE,Colombia,direct,2023,2025,2025-06-26T20:18:34+00:00,2025-08-12T11:57:43+00:00,19262,1111,https://microdatos.dane.gov.co/index.php/catalog/869,https://microdatos.dane.gov.co/index.php/api/catalog/869
803,microdatos.dane.gov.co,DANE-DIMPE-ELIC-2018-A-2022,Estadísticas de Edificación Licencias de Construcción - ELIC - 2018  A 2022,Construcción,construc-Metadatos,Dirección de Metodologia y Producción Estadística -DIMPE,Colombia,data_na,0,0,2023-08-24T14:15:00+00:00,2023-08-24T14:15:00+00:00,19961,1098,https://microdatos.dane.gov.co/index.php/catalog/803,https://microdatos.dane.gov.co/index.php/api/catalog/803
738,microdatos.dane.gov.co,DANE-DIMPE-EDI-ENTIDAD-2021,Encuesta Sobre Ambiente y Desempeño Institucional Nacional  - EDI - 2021 (ENTIDAD),Gobierno.,GOB-Microdatos,Departamento Administrativo Nacional de Estadística - DANE - Dirección de Metodología y Producción Estadística - DIMPE,Colombia,direct,2021,2021,2022-06-08T02:12:09+00:00,2022-06-08T02:16:05+00:00,94836,1087,https://microdatos.dane.gov.co/index.php/catalog/738,https://microdatos.dane.gov.co/index.php/api/catalog/738
867,microdatos.dane.gov.co,DANE-DIMPE-EDITS-VIII-2020-2021,Encuesta de Desarrollo e Innovación Tecnológica en los Sectores de Servicios y Comercio - EDITS VIII - 2020-2021,Tecnología e innovación.,TECINNO-Microdatos,Dirección de Metodología y Producción Estadística - DIMPE,Colombia,direct,2023,2023,2025-06-12T16:49:11+00:00,2025-06-12T17:15:45+00:00,57462,1078,https://microdatos.dane.gov.co/index.php/catalog/867,https://microdatos.dane.gov.co/index.php/api/catalog/867
901,microdatos.dane.gov.co,DANE-DIMPE-EAC-2024,Encuesta Anual de Comercio - EAC - 2024,Comercio interno.,CII-Microdatos,"Los parámetros de inclusión para el año 2024 corresponden a $2.520 millones de pesos y/o 10 o más personas ocupadas, Dirección de Metodología y Producción Estadística - DIMPE",Colombia,direct,2025,2025,2026-03-24T06:15:56+00:00,2026-03-24T06:20:30+00:00,9770,1043,https://microdatos.dane.gov.co/index.php/catalog/901,https://microdatos.dane.gov.co/index.php/api/catalog/901
850,microdatos.dane.gov.co,DANE-DIMPE-MA-EAS-2020,Módulo ambiental - EAS - 2020,Servicios.,SER-Microdatos,Dirección de de Metodología y Producción Estadística -DIMPE-,Colombia,direct,2021,2021,2025-01-21T16:04:41+00:00,2025-01-21T16:08:04+00:00,4603,1020,https://microdatos.dane.gov.co/index.php/catalog/850,https://microdatos.dane.gov.co/index.php/api/catalog/850
526,microdatos.dane.gov.co,DANE-DIMPE-EDI-2017,Encuesta Sobre Ambiente y Desempeño Institucional Nacional  - EDI - 2017 (SECTOR),Gobierno.,GOB-Microdatos,Departamento Administrativo Nacional de Estadística - DANE - Dirección de Metodología y Producción Estadística - DIMPE,Colombia,direct,2017,2017,2018-02-02T15:32:54+00:00,2018-02-02T15:35:50+00:00,89669,985,https://microdatos.dane.gov.co/index.php/catalog/526,https://microdatos.dane.gov.co/index.php/api/catalog/526
895,microdatos.dane.gov.co,DANE-DIMPE-EDID-REGION-2024,Encuesta Sobre Ambiente y Desempeño Institucional Departamental - EDID - 2024 (REGION),,central,Departamento Administrativo Nacional de Estadística - DANE - Dirección de Metodología y Producción Estadística - DIMPE,Colombia,direct,2024,2024,2026-02-26T18:23:49+00:00,2026-02-26T18:31:04+00:00,8753,973,https://microdatos.dane.gov.co/index.php/catalog/895,https://microdatos.dane.gov.co/index.php/api/catalog/895
841,microdatos.dane.gov.co,CE-2024-1,"Crédito Educativo - CE - 2024-1, 2024-1",,central,Instituto Colombiano de Crédito Educativo y Estudios Técnicos en el Exterior Mariano Ospina Pérez – ICETEX,Colombia,data_na,2015,2024,2024-12-19T20:21:02+00:00,2024-12-19T20:21:02+00:00,10873,971,https://microdatos.dane.gov.co/index.php/catalog/841,https://microdatos.dane.gov.co/index.php/api/catalog/841
884,microdatos.dane.gov.co,ANDJE-DDJN-2025,Actividad Jurídica Nacional de las Entidades Públicas del Orden Nacional - DDJN - 2019 - 2025,,central,Claudia Patricia De Leon,Colombia,data_na,2019,2025,2025-12-10T11:57:14+00:00,2025-12-10T11:57:14+00:00,6065,934,https://microdatos.dane.gov.co/index.php/catalog/884,https://microdatos.dane.gov.co/index.php/api/catalog/884
846,microdatos.dane.gov.co,DANE-DIMPE-MA EAS-2021,Módulo ambiental - EAS - 2021,Servicios.,SER-Microdatos,Dirección de de Metodología y Producción Estadística -DIMPE-,Colombia,direct,2022,2022,2025-01-20T19:44:30+00:00,2025-01-20T19:46:31+00:00,6723,910,https://microdatos.dane.gov.co/index.php/catalog/846,https://microdatos.dane.gov.co/index.php/api/catalog/846
906,microdatos.dane.gov.co,DANE-DIMPE-EDUCACIN-FORMAL-2024,"Educación Formal 2024, Educación Formal (sedes educativas oficiales y no oficiales, urbanas y rurales)",Educación.,EDU-Microdatos,Departamento Administrativo Nacional de Estadística - DANE. Dirección de Metodología y Producción Estadística - DIMPE.,Colombia,direct,2025,2025,2026-05-04T06:04:11+00:00,2026-05-04T06:12:22+00:00,35324,865,https://microdatos.dane.gov.co/index.php/catalog/906,https://microdatos.dane.gov.co/index.php/api/catalog/906
880,microdatos.dane.gov.co,DANE-DIMPE-EAI-2023,Encuesta Ambiental Industrial - EAI - 2023,Industria.,Ind-Microdatos,Dirección de Metodología y Producción Estadística - DIMPE,Colombia,direct,2024,2024,2025-11-24T13:20:12+00:00,2025-11-24T13:22:26+00:00,21031,863,https://microdatos.dane.gov.co/index.php/catalog/880,https://microdatos.dane.gov.co/index.php/api/catalog/880
829,microdatos.dane.gov.co,DANE-DIMPE-EMC-2020-2023,Encuesta Mensual de Comercio - EMC -  2020 - 2023,Comercio interno.,CII-Microdatos,Departamento Administrativo Nacional de Estadística - DANE,Colombia,data_na,0,0,2024-05-28T13:31:49+00:00,2024-05-28T13:31:49+00:00,63001,822,https://microdatos.dane.gov.co/index.php/catalog/829,https://microdatos.dane.gov.co/index.php/api/catalog/829
883,microdatos.dane.gov.co,DANE-DIMPE-EDI-SECTOR-2024,Encuesta Sobre Ambiente y Desempeño Institucional Nacional  -  EDI - 2024 (SECTOR),Gobierno.,GOB-Microdatos,Departamento Administrativo Nacional de Estadística - DANE - Dirección de Metodología y Producción Estadística - DIMPE,Colombia,direct,2024,2024,2025-12-01T17:32:30+00:00,2025-12-01T17:39:11+00:00,12681,812,https://microdatos.dane.gov.co/index.php/catalog/883,https://microdatos.dane.gov.co/index.php/api/catalog/883
896,microdatos.dane.gov.co,DANE-DIMPE-EDID-ENTIDAD-2025,Encuesta Sobre Ambiente y Desempeño Institucional Nacional Departamental -  EDID - 2025 (ENTIDAD),Gobierno.,GOB-Microdatos,Departamento Administrativo Nacional de Estadística - DANE - Dirección de Metodología y Producción Estadística - DIMPE,Colombia,direct,2025,2025,2026-02-26T18:46:37+00:00,2026-02-26T18:49:37+00:00,10732,799,https://microdatos.dane.gov.co/index.php/catalog/896,https://microdatos.dane.gov.co/index.php/api/catalog/896
820,microdatos.dane.gov.co,DANE-DIMPE-MTCES-2013-2022,Metodología General Muestra Trimestral de Comercio Exterior de Servicios - MTCES - 2013 - 2022 .,Metadatos - DANE,METADATOS,Dirección de Metodología y Producción Estadística - DIMPE-,Colombia,data_na,0,0,2024-03-11T21:12:09+00:00,2024-03-11T21:12:09+00:00,6799,728,https://microdatos.dane.gov.co/index.php/catalog/820,https://microdatos.dane.gov.co/index.php/api/catalog/820
882,microdatos.dane.gov.co,DANE-IPP-2018-2025,Índice de Precios del Productor – IPP - 2018 - 2025,Precios y Costos,PC-Metadatos,Dirección de Metodología y Producción Estadística,Colombia,data_na,2015,2025,2025-11-28T16:36:14+00:00,2025-11-28T16:36:14+00:00,6244,684,https://microdatos.dane.gov.co/index.php/catalog/882,https://microdatos.dane.gov.co/index.php/api/catalog/882
909,microdatos.dane.gov.co,DANE-DIMPE-ENTIC-H-2024,Encuesta de Tecnologías de la Información y las Comunicaciones en Hogares - ENTIC Hogares - 2024,Tecnología e innovación.,TECINNO-Microdatos,"Edgar Arlex Garzón Alarcon, Edgar Eduardo Guayazán Sierra",Colombia,direct,2024,2024,2026-06-24T15:17:46+00:00,2026-06-24T16:02:19+00:00,9488,626,https://microdatos.dane.gov.co/index.php/catalog/909,https://microdatos.dane.gov.co/index.php/api/catalog/909
525,microdatos.dane.gov.co,DANE-DIMPE-EDI-ENTIDAD-2017,Encuesta Sobre Ambiente y Desempeño Institucional Nacional  - EDI - 2017 (ENTIDAD),Gobierno.,GOB-Microdatos,Departamento Administrativo Nacional de Estadística - DANE - Dirección de Metodología y Producción Estadística - DIMPE,Colombia,direct,2017,2017,2018-02-02T15:22:19+00:00,2018-02-02T15:28:52+00:00,232613,608,https://microdatos.dane.gov.co/index.php/catalog/525,https://microdatos.dane.gov.co/index.php/api/catalog/525
899,microdatos.dane.gov.co,DANE-DIMPE-EDID-ENTIDAD-2024,Encuesta Sobre Ambiente y Desempeño Institucional Departamental- EDID - 2024 (ENTIDAD),Gobierno.,GOB-Microdatos,Departamento Administrativo Nacional de Estadística - DANE - Dirección de Metodología y Producción Estadística - DIMPE,Colombia,direct,2024,2024,2026-03-04T11:41:33+00:00,2026-03-04T11:43:23+00:00,9056,578,https://microdatos.dane.gov.co/index.php/catalog/899,https://microdatos.dane.gov.co/index.php/api/catalog/899
897,microdatos.dane.gov.co,DANE-DIMPE-EDID-REGION-2025,Encuesta Sobre Ambiente y Desempeño Institucional Nacional - EDID - 2025 (REGION),Gobierno.,GOB-Microdatos,Departamento Administrativo Nacional de Estadística - DANE - Dirección de Metodología y Producción Estadística - DIMPE,Colombia,direct,2025,2025,2026-03-03T18:22:17+00:00,2026-03-03T18:30:48+00:00,10896,457,https://microdatos.dane.gov.co/index.php/catalog/897,https://microdatos.dane.gov.co/index.php/api/catalog/897
881,microdatos.dane.gov.co,CE-2025-1,"Crédito Educativo - CE - 2025-1, 2025-1",,central,Instituto Colombiano de Crédito Educativo y Estudios Técnicos en el Exterior Mariano Ospina Pérez – ICETEX,Colombia,data_na,2015,2025,2025-11-28T14:07:32+00:00,2025-11-28T14:07:32+00:00,2943,433,https://microdatos.dane.gov.co/index.php/catalog/881,https://microdatos.dane.gov.co/index.php/api/catalog/881
908,microdatos.dane.gov.co,DANE-POBREZA-MONETARIA-Y-DESIGUALDAD-2025,Medición de Pobreza Monetaria y Desigualdad - 2025,Pobreza y condiciones de vida.,POBCONVID,Direccion de Metodología y Producción Estadística - DIMPE,Colombia,direct,2025,2025,2026-06-12T19:35:42+00:00,2026-06-12T19:38:34+00:00,17128,406,https://microdatos.dane.gov.co/index.php/catalog/908,https://microdatos.dane.gov.co/index.php/api/catalog/908
893,microdatos.dane.gov.co,DANE-DIMPE-MA EAC-2022,Módulo ambiental - EAC - 2022,Servicios.,SER-Microdatos,"Dirección de Metodología y Producción Estadística - DIMPE., Los parámetros de inclusión para el año 2022 corresponden a $2.030 millones de pesos y/o 10 o más personas ocupadas.",Colombia,direct,2023,2023,2026-02-10T15:09:03+00:00,2026-03-24T06:20:16+00:00,4497,385,https://microdatos.dane.gov.co/index.php/catalog/893,https://microdatos.dane.gov.co/index.php/api/catalog/893
898,microdatos.dane.gov.co,DANE-DIMPE-EDI-SECTOR-2025,Encuesta Sobre Ambiente y Desempeño Institucional Nacional  -  EDI - 2025 (SECTOR),Gobierno.,GOB-Microdatos,Departamento Administrativo Nacional de Estadística - DANE - Dirección de Metodología y Producción Estadística - DIMPE,Colombia,direct,2025,2025,2026-03-03T18:40:35+00:00,2026-03-03T18:46:14+00:00,11910,384,https://microdatos.dane.gov.co/index.php/catalog/898,https://microdatos.dane.gov.co/index.php/api/catalog/898
891,microdatos.dane.gov.co,DANE-DIMPE-MA-EAC-2023,Módulo ambiental - EAC - 2023,,central,Dirección de Metodología y Producción Estadística - DIMPE,Colombia,direct,2024,2024,2026-02-04T18:42:53+00:00,2026-02-09T21:33:35+00:00,3263,321,https://microdatos.dane.gov.co/index.php/catalog/891,https://microdatos.dane.gov.co/index.php/api/catalog/891
877,microdatos.dane.gov.co,DANE-DIMPE-IPOC-2025,Indicador de Producción de Obras Civiles - IPOC - 2021 -2025,Construcción,construc-Metadatos,Departamento Administrativo Nacional de Estadísticas DANE,Colombia,data_na,0,0,2025-09-24T14:31:15+00:00,2025-09-24T14:31:15+00:00,13607,315,https://microdatos.dane.gov.co/index.php/catalog/877,https://microdatos.dane.gov.co/index.php/api/catalog/877
910,microdatos.dane.gov.co,DANE-DIMPE-ENUT-2024-2025,Encuesta Nacional de Uso del Tiempo -  ENUT - 2024-2025,Pobreza y condiciones de vida.,POBCONVID,Dirección de Metodología y Producción Estadística - DIMPE,Colombia,direct,2024,2025,2026-06-30T00:38:55+00:00,2026-08-03T07:39:42+00:00,24401,314,https://microdatos.dane.gov.co/index.php/catalog/910,https://microdatos.dane.gov.co/index.php/api/catalog/910
889,microdatos.dane.gov.co,DANE-DIMPE-MA EAS-2022,Módulo ambiental - EAS - 2022,Servicios.,SER-Microdatos,Dirección de  Metodología y Producción Estadística -DIMPE-,Colombia,direct,2023,2023,2026-02-03T20:00:12+00:00,2026-02-03T20:03:29+00:00,1891,282,https://microdatos.dane.gov.co/index.php/catalog/889,https://microdatos.dane.gov.co/index.php/api/catalog/889
890,microdatos.dane.gov.co,DANE-DIMPE-MA-EAS-2023,Módulo ambiental - EAS - 2023,Servicios.,SER-Microdatos,Dirección de  Metodología y Producción Estadística -DIMPE-,Colombia,direct,2024,2024,2026-02-03T20:45:43+00:00,2026-02-03T20:49:36+00:00,2288,233,https://microdatos.dane.gov.co/index.php/catalog/890,https://microdatos.dane.gov.co/index.php/api/catalog/890
911,microdatos.dane.gov.co,DANE-DCD-RMW-2024,Registro Multidimensional Wayúu – RMW – 2024,Demografía y población.,DEM-Microdatos,,Colombia,direct,2024,2025,2026-07-08T13:24:25+00:00,2026-07-08T13:25:27+00:00,4679,95,https://microdatos.dane.gov.co/index.php/catalog/911,https://microdatos.dane.gov.co/index.php/api/catalog/911
912,microdatos.dane.gov.co,DANE-DIMPE-MTI-2025,Módulo de Trabajo Infantil - MTI - GEIH - 2025,Mercado Laboral.,MERCLAB-Microdatos,Dirección de Metodología y Producción Estadística - DIMPE,Colombia,direct,2025,2025,2026-07-14T22:17:41+00:00,2026-07-14T22:23:16+00:00,2611,70,https://microdatos.dane.gov.co/index.php/catalog/912,https://microdatos.dane.gov.co/index.php/api/catalog/912
913,microdatos.dane.gov.co,DANE-DIMPE-EAI-2024,Encuesta Ambiental Industrial - EAI - 2024,Industria.,Ind-Microdatos,Dirección de Metodología y Producción Estadística - DIMPE,Colombia,direct,2025,2025,2026-07-24T04:10:49+00:00,2026-07-28T20:00:48+00:00,2139,41,https://microdatos.dane.gov.co/index.php/catalog/913,https://microdatos.dane.gov.co/index.php/api/catalog/913
816,microdatos.dane.gov.co,Uniandes-ELCA-2010,Encuesta Longitudinal Colombiana de la Universidad de los Andes - ELCA - 2010,Metadatos - DANE,METADATOS,Centro de Estudios sobre Desarrollo Económico - CEDE,Colombia,data_na,2010,2010,2024-02-20T15:36:18+00:00,2024-02-20T15:36:18+00:00,214587,0,https://microdatos.dane.gov.co/index.php/catalog/816,https://microdatos.dane.gov.co/index.php/api/catalog/816
818,microdatos.dane.gov.co,Uniandes-ELCA-2016,Encuesta Longitudinal Colombiana de la Universidad de los Andes - ELCA - 2016,Metadatos - DANE,METADATOS,Centro de Estudios sobre Desarrollo Económico - CEDE,Colombia,data_na,2016,2016,2024-02-20T15:37:46+00:00,2024-02-20T15:37:46+00:00,294730,0,https://microdatos.dane.gov.co/index.php/catalog/818,https://microdatos.dane.gov.co/index.php/api/catalog/818
817,microdatos.dane.gov.co,Uniandes-ELCA-2013,Encuesta Longitudinal Colombiana de la Universidad de los Andes - ELCA -2013,Metadatos - DANE,METADATOS,Centro de Estudios sobre Desarrollo Económico - CEDE,Colombia,data_na,2013,2013,2024-02-20T15:36:55+00:00,2024-02-20T15:36:55+00:00,280517,0,https://microdatos.dane.gov.co/index.php/catalog/817,https://microdatos.dane.gov.co/index.php/api/catalog/817
