indicator,period,value,unit
confianza_consumidor,2001-11,-17.72,"balance, seasonally adjusted"
confianza_consumidor,2001-12,-9.83,"balance, seasonally adjusted"
confianza_consumidor,2002-01,-3.324,"balance, seasonally adjusted"
confianza_consumidor,2002-02,-16.584,"balance, seasonally adjusted"
confianza_consumidor,2002-03,-20.476,"balance, seasonally adjusted"
confianza_consumidor,2002-04,-22.972,"balance, seasonally adjusted"
confianza_consumidor,2002-05,-14.598,"balance, seasonally adjusted"
confianza_consumidor,2002-06,3.578,"balance, seasonally adjusted"
confianza_consumidor,2002-07,-5.02,"balance, seasonally adjusted"
confianza_consumidor,2002-08,3.348,"balance, seasonally adjusted"
confianza_consumidor,2002-09,-6.142,"balance, seasonally adjusted"
confianza_consumidor,2002-10,-4.352,"balance, seasonally adjusted"
confianza_consumidor,2002-11,-1.52,"balance, seasonally adjusted"
confianza_consumidor,2002-12,6.1,"balance, seasonally adjusted"
confianza_consumidor,2003-01,0.814000000000001,"balance, seasonally adjusted"
confianza_consumidor,2003-02,-1.322,"balance, seasonally adjusted"
confianza_consumidor,2003-03,-7.828,"balance, seasonally adjusted"
confianza_consumidor,2003-04,-8.49,"balance, seasonally adjusted"
confianza_consumidor,2003-05,-1.558,"balance, seasonally adjusted"
confianza_consumidor,2003-06,5.286,"balance, seasonally adjusted"
confianza_consumidor,2003-07,1.902,"balance, seasonally adjusted"
confianza_consumidor,2003-08,9.946,"balance, seasonally adjusted"
confianza_consumidor,2003-09,5.01,"balance, seasonally adjusted"
confianza_consumidor,2003-10,5.886,"balance, seasonally adjusted"
confianza_consumidor,2003-11,4.884,"balance, seasonally adjusted"
confianza_consumidor,2003-12,14.5,"balance, seasonally adjusted"
confianza_consumidor,2004-01,25.7,"balance, seasonally adjusted"
confianza_consumidor,2004-02,15.95,"balance, seasonally adjusted"
confianza_consumidor,2004-03,13.046,"balance, seasonally adjusted"
confianza_consumidor,2004-04,13.378,"balance, seasonally adjusted"
confianza_consumidor,2004-05,12.412,"balance, seasonally adjusted"
confianza_consumidor,2004-06,12.74,"balance, seasonally adjusted"
confianza_consumidor,2004-07,13.79,"balance, seasonally adjusted"
confianza_consumidor,2004-08,10.344,"balance, seasonally adjusted"
confianza_consumidor,2004-09,5.884,"balance, seasonally adjusted"
confianza_consumidor,2004-10,9.116,"balance, seasonally adjusted"
confianza_consumidor,2004-11,15.704,"balance, seasonally adjusted"
confianza_consumidor,2004-12,12.898,"balance, seasonally adjusted"
confianza_consumidor,2005-01,19.268,"balance, seasonally adjusted"
confianza_consumidor,2005-02,13.922,"balance, seasonally adjusted"
confianza_consumidor,2005-03,9.6,"balance, seasonally adjusted"
confianza_consumidor,2005-04,13.336,"balance, seasonally adjusted"
confianza_consumidor,2005-05,14.052,"balance, seasonally adjusted"
confianza_consumidor,2005-06,18.662,"balance, seasonally adjusted"
confianza_consumidor,2005-07,21.91,"balance, seasonally adjusted"
confianza_consumidor,2005-08,27.97,"balance, seasonally adjusted"
confianza_consumidor,2005-09,18.866,"balance, seasonally adjusted"
confianza_consumidor,2005-10,18.662,"balance, seasonally adjusted"
confianza_consumidor,2005-11,18.79,"balance, seasonally adjusted"
confianza_consumidor,2005-12,22.552,"balance, seasonally adjusted"
confianza_consumidor,2006-01,26.706,"balance, seasonally adjusted"
confianza_consumidor,2006-02,25.126,"balance, seasonally adjusted"
confianza_consumidor,2006-03,30.024,"balance, seasonally adjusted"
confianza_consumidor,2006-04,29.706,"balance, seasonally adjusted"
confianza_consumidor,2006-05,32.208,"balance, seasonally adjusted"
confianza_consumidor,2006-06,34.304,"balance, seasonally adjusted"
confianza_consumidor,2006-07,29.806,"balance, seasonally adjusted"
confianza_consumidor,2006-08,32.648,"balance, seasonally adjusted"
confianza_consumidor,2006-09,25.29,"balance, seasonally adjusted"
confianza_consumidor,2006-10,32.208,"balance, seasonally adjusted"
confianza_consumidor,2006-11,31.89,"balance, seasonally adjusted"
confianza_consumidor,2006-12,37.054,"balance, seasonally adjusted"
confianza_consumidor,2007-01,31.862,"balance, seasonally adjusted"
confianza_consumidor,2007-02,30.19,"balance, seasonally adjusted"
confianza_consumidor,2007-03,30.112,"balance, seasonally adjusted"
confianza_consumidor,2007-04,30.04,"balance, seasonally adjusted"
confianza_consumidor,2007-05,21.768,"balance, seasonally adjusted"
confianza_consumidor,2007-06,25.146,"balance, seasonally adjusted"
confianza_consumidor,2007-07,28.618,"balance, seasonally adjusted"
confianza_consumidor,2007-08,28.468,"balance, seasonally adjusted"
confianza_consumidor,2007-09,30.784,"balance, seasonally adjusted"
confianza_consumidor,2007-10,37.72,"balance, seasonally adjusted"
confianza_consumidor,2007-11,31.906,"balance, seasonally adjusted"
confianza_consumidor,2007-12,34.038,"balance, seasonally adjusted"
confianza_consumidor,2008-01,31.282,"balance, seasonally adjusted"
confianza_consumidor,2008-02,23.668,"balance, seasonally adjusted"
confianza_consumidor,2008-03,30.928,"balance, seasonally adjusted"
confianza_consumidor,2008-04,29.62,"balance, seasonally adjusted"
confianza_consumidor,2008-05,21.424,"balance, seasonally adjusted"
confianza_consumidor,2008-06,11.358,"balance, seasonally adjusted"
confianza_consumidor,2008-07,21.742,"balance, seasonally adjusted"
confianza_consumidor,2008-08,18.298,"balance, seasonally adjusted"
confianza_consumidor,2008-09,14.836,"balance, seasonally adjusted"
confianza_consumidor,2008-10,6.732,"balance, seasonally adjusted"
confianza_consumidor,2008-11,3.782,"balance, seasonally adjusted"
confianza_consumidor,2008-12,2.664,"balance, seasonally adjusted"
confianza_consumidor,2009-01,8.6,"balance, seasonally adjusted"
confianza_consumidor,2009-02,-1.646,"balance, seasonally adjusted"
confianza_consumidor,2009-03,-4.758,"balance, seasonally adjusted"
confianza_consumidor,2009-04,-11.72,"balance, seasonally adjusted"
confianza_consumidor,2009-05,0.784,"balance, seasonally adjusted"
confianza_consumidor,2009-06,2.064,"balance, seasonally adjusted"
confianza_consumidor,2009-07,2.936,"balance, seasonally adjusted"
confianza_consumidor,2009-08,8.712,"balance, seasonally adjusted"
confianza_consumidor,2009-09,8.072,"balance, seasonally adjusted"
confianza_consumidor,2009-10,4.538,"balance, seasonally adjusted"
confianza_consumidor,2009-11,13.084,"balance, seasonally adjusted"
confianza_consumidor,2009-12,6.314,"balance, seasonally adjusted"
confianza_consumidor,2010-01,7.076,"balance, seasonally adjusted"
confianza_consumidor,2010-02,11.464,"balance, seasonally adjusted"
confianza_consumidor,2010-03,16.13,"balance, seasonally adjusted"
confianza_consumidor,2010-04,19.338,"balance, seasonally adjusted"
confianza_consumidor,2010-05,22.534,"balance, seasonally adjusted"
confianza_consumidor,2010-06,27.2,"balance, seasonally adjusted"
confianza_consumidor,2010-07,27.206,"balance, seasonally adjusted"
confianza_consumidor,2010-08,38.788,"balance, seasonally adjusted"
confianza_consumidor,2010-09,35.4292569422702,"balance, seasonally adjusted"
confianza_consumidor,2010-10,30.3383649823559,"balance, seasonally adjusted"
confianza_consumidor,2010-11,25.8650247146098,"balance, seasonally adjusted"
confianza_consumidor,2010-12,16.7129848033571,"balance, seasonally adjusted"
confianza_consumidor,2011-01,16.347398819805,"balance, seasonally adjusted"
confianza_consumidor,2011-02,20.9348064981683,"balance, seasonally adjusted"
confianza_consumidor,2011-03,21.1180159829751,"balance, seasonally adjusted"
confianza_consumidor,2011-04,11.9109174816839,"balance, seasonally adjusted"
confianza_consumidor,2011-05,10.1295425061054,"balance, seasonally adjusted"
confianza_consumidor,2011-06,27.5923235664203,"balance, seasonally adjusted"
confianza_consumidor,2011-07,27.46513639508,"balance, seasonally adjusted"
confianza_consumidor,2011-08,24.8596335226452,"balance, seasonally adjusted"
confianza_consumidor,2011-09,23.0755460289845,"balance, seasonally adjusted"
confianza_consumidor,2011-10,20.6403045071296,"balance, seasonally adjusted"
confianza_consumidor,2011-11,23.5974803396069,"balance, seasonally adjusted"
confianza_consumidor,2011-12,29.7850169817641,"balance, seasonally adjusted"
confianza_consumidor,2012-01,32.7189351852548,"balance, seasonally adjusted"
confianza_consumidor,2012-02,26.7625774639289,"balance, seasonally adjusted"
confianza_consumidor,2012-03,24.4166396747343,"balance, seasonally adjusted"
confianza_consumidor,2012-04,26.635090096271,"balance, seasonally adjusted"
confianza_consumidor,2012-05,26.5065296168098,"balance, seasonally adjusted"
confianza_consumidor,2012-06,20.6152345783433,"balance, seasonally adjusted"
confianza_consumidor,2012-07,23.1536603817466,"balance, seasonally adjusted"
confianza_consumidor,2012-08,18.0545766370405,"balance, seasonally adjusted"
confianza_consumidor,2012-09,25.01330011622,"balance, seasonally adjusted"
confianza_consumidor,2012-10,25.5887708524484,"balance, seasonally adjusted"
confianza_consumidor,2012-11,25.2910720922871,"balance, seasonally adjusted"
confianza_consumidor,2012-12,21.4506474687357,"balance, seasonally adjusted"
confianza_consumidor,2013-01,23.1445102024469,"balance, seasonally adjusted"
confianza_consumidor,2013-02,14.8642151801523,"balance, seasonally adjusted"
confianza_consumidor,2013-03,14.7942261357084,"balance, seasonally adjusted"
confianza_consumidor,2013-04,23.6739459355726,"balance, seasonally adjusted"
confianza_consumidor,2013-05,20.0967501613737,"balance, seasonally adjusted"
confianza_consumidor,2013-06,27.3681042045564,"balance, seasonally adjusted"
confianza_consumidor,2013-07,25.0801465149299,"balance, seasonally adjusted"
confianza_consumidor,2013-08,13.3977923797252,"balance, seasonally adjusted"
confianza_consumidor,2013-09,14.6457300143784,"balance, seasonally adjusted"
confianza_consumidor,2013-10,22.2877961361907,"balance, seasonally adjusted"
confianza_consumidor,2013-11,23.6672960052383,"balance, seasonally adjusted"
confianza_consumidor,2013-12,22.8392616052401,"balance, seasonally adjusted"
confianza_consumidor,2014-01,27.2775656361649,"balance, seasonally adjusted"
confianza_consumidor,2014-02,15.7314194813003,"balance, seasonally adjusted"
confianza_consumidor,2014-03,18.4834936395098,"balance, seasonally adjusted"
confianza_consumidor,2014-04,18.4591916893972,"balance, seasonally adjusted"
confianza_consumidor,2014-05,23.9235557023189,"balance, seasonally adjusted"
confianza_consumidor,2014-06,26.5070152945817,"balance, seasonally adjusted"
confianza_consumidor,2014-07,26.57636718727,"balance, seasonally adjusted"
confianza_consumidor,2014-08,20.4929420550718,"balance, seasonally adjusted"
confianza_consumidor,2014-09,17.4902879957543,"balance, seasonally adjusted"
confianza_consumidor,2014-10,21.6934539064116,"balance, seasonally adjusted"
confianza_consumidor,2014-11,24.5149918646981,"balance, seasonally adjusted"
confianza_consumidor,2014-12,22.410078860035,"balance, seasonally adjusted"
confianza_consumidor,2015-01,17.9135390520544,"balance, seasonally adjusted"
confianza_consumidor,2015-02,13.9881806509072,"balance, seasonally adjusted"
confianza_consumidor,2015-03,2.29317532510891,"balance, seasonally adjusted"
confianza_consumidor,2015-04,8.20200337424845,"balance, seasonally adjusted"
confianza_consumidor,2015-05,13.670131518982,"balance, seasonally adjusted"
confianza_consumidor,2015-06,14.7486467670206,"balance, seasonally adjusted"
confianza_consumidor,2015-07,2.62561040913243,"balance, seasonally adjusted"
confianza_consumidor,2015-08,-0.407927302219258,"balance, seasonally adjusted"
confianza_consumidor,2015-09,4.27946742962689,"balance, seasonally adjusted"
confianza_consumidor,2015-10,6.76254100385388,"balance, seasonally adjusted"
confianza_consumidor,2015-11,6.70200701301298,"balance, seasonally adjusted"
confianza_consumidor,2015-12,1.05770332200712,"balance, seasonally adjusted"
confianza_consumidor,2016-01,-21.3167190894703,"balance, seasonally adjusted"
confianza_consumidor,2016-02,-21.00145794938,"balance, seasonally adjusted"
confianza_consumidor,2016-03,-20.1411549324865,"balance, seasonally adjusted"
confianza_consumidor,2016-04,-12.9815025272386,"balance, seasonally adjusted"
confianza_consumidor,2016-05,-12.5002775829484,"balance, seasonally adjusted"
confianza_consumidor,2016-06,-11.3171135997877,"balance, seasonally adjusted"
confianza_consumidor,2016-07,-14.8731532072605,"balance, seasonally adjusted"
confianza_consumidor,2016-08,-6.58758608367828,"balance, seasonally adjusted"
confianza_consumidor,2016-09,-2.14451340523065,"balance, seasonally adjusted"
confianza_consumidor,2016-10,-3.15826329230007,"balance, seasonally adjusted"
confianza_consumidor,2016-11,-4.57227266164275,"balance, seasonally adjusted"
confianza_consumidor,2016-12,-10.661199353991,"balance, seasonally adjusted"
confianza_consumidor,2017-01,-30.2276392441378,"balance, seasonally adjusted"
confianza_consumidor,2017-02,-24.3134502130782,"balance, seasonally adjusted"
confianza_consumidor,2017-03,-21.1408888289182,"balance, seasonally adjusted"
confianza_consumidor,2017-04,-12.8297509821315,"balance, seasonally adjusted"
confianza_consumidor,2017-05,-16.8731880303688,"balance, seasonally adjusted"
confianza_consumidor,2017-06,-11.7273345571305,"balance, seasonally adjusted"
confianza_consumidor,2017-07,-9.48871347546782,"balance, seasonally adjusted"
confianza_consumidor,2017-08,-15.8865812975779,"balance, seasonally adjusted"
confianza_consumidor,2017-09,-10.2786462099898,"balance, seasonally adjusted"
confianza_consumidor,2017-10,-10.5956677146297,"balance, seasonally adjusted"
confianza_consumidor,2017-11,-9.98401326783275,"balance, seasonally adjusted"
confianza_consumidor,2017-12,-5.99636531081583,"balance, seasonally adjusted"
confianza_consumidor,2018-01,-5.41563816594977,"balance, seasonally adjusted"
confianza_consumidor,2018-02,-7.83597813753749,"balance, seasonally adjusted"
confianza_consumidor,2018-03,-3.15888440571053,"balance, seasonally adjusted"
confianza_consumidor,2018-04,1.48683702795972,"balance, seasonally adjusted"
confianza_consumidor,2018-05,8.8835127954014,"balance, seasonally adjusted"
confianza_consumidor,2018-06,15.5149812489299,"balance, seasonally adjusted"
confianza_consumidor,2018-07,9.82418717739368,"balance, seasonally adjusted"
confianza_consumidor,2018-08,4.6826895437631,"balance, seasonally adjusted"
confianza_consumidor,2018-09,-0.668407760647697,"balance, seasonally adjusted"
confianza_consumidor,2018-10,-1.30034978281671,"balance, seasonally adjusted"
confianza_consumidor,2018-11,-19.6358406511058,"balance, seasonally adjusted"
confianza_consumidor,2018-12,-8.31358002816618,"balance, seasonally adjusted"
confianza_consumidor,2019-01,-2.78948272125208,"balance, seasonally adjusted"
confianza_consumidor,2019-02,-5.57123557952582,"balance, seasonally adjusted"
confianza_consumidor,2019-03,1.18664406089921,"balance, seasonally adjusted"
confianza_consumidor,2019-04,-9.55023993486231,"balance, seasonally adjusted"
confianza_consumidor,2019-05,-5.02772281833411,"balance, seasonally adjusted"
confianza_consumidor,2019-06,-6.29042414392211,"balance, seasonally adjusted"
confianza_consumidor,2019-07,-5.05562073629642,"balance, seasonally adjusted"
confianza_consumidor,2019-08,-11.8,"balance, seasonally adjusted"
confianza_consumidor,2019-09,-10.7,"balance, seasonally adjusted"
confianza_consumidor,2019-10,-9.80026202260384,"balance, seasonally adjusted"
confianza_consumidor,2019-11,-14.4354470209967,"balance, seasonally adjusted"
confianza_consumidor,2019-12,-9.50040858310981,"balance, seasonally adjusted"
confianza_consumidor,2020-01,-1.18879227977655,"balance, seasonally adjusted"
confianza_consumidor,2020-02,-11.2365425286706,"balance, seasonally adjusted"
confianza_consumidor,2020-03,-23.7803725716041,"balance, seasonally adjusted"
confianza_consumidor,2020-04,-41.3,"balance, seasonally adjusted"
confianza_consumidor,2020-05,-34.0,"balance, seasonally adjusted"
confianza_consumidor,2020-06,-33.1,"balance, seasonally adjusted"
confianza_consumidor,2020-07,-32.7,"balance, seasonally adjusted"
confianza_consumidor,2020-08,-25.4,"balance, seasonally adjusted"
confianza_consumidor,2020-09,-21.6,"balance, seasonally adjusted"
confianza_consumidor,2020-10,-18.6,"balance, seasonally adjusted"
confianza_consumidor,2020-11,-13.6,"balance, seasonally adjusted"
confianza_consumidor,2020-12,-10.4,"balance, seasonally adjusted"
confianza_consumidor,2021-01,-20.8,"balance, seasonally adjusted"
confianza_consumidor,2021-02,-14.6,"balance, seasonally adjusted"
confianza_consumidor,2021-03,-11.4,"balance, seasonally adjusted"
confianza_consumidor,2021-04,-34.2,"balance, seasonally adjusted"
confianza_consumidor,2021-05,-34.3,"balance, seasonally adjusted"
confianza_consumidor,2021-06,-22.3,"balance, seasonally adjusted"
confianza_consumidor,2021-07,-7.5,"balance, seasonally adjusted"
confianza_consumidor,2021-08,-8.2,"balance, seasonally adjusted"
confianza_consumidor,2021-09,-3.0,"balance, seasonally adjusted"
confianza_consumidor,2021-10,-1.3,"balance, seasonally adjusted"
confianza_consumidor,2021-11,-1.4,"balance, seasonally adjusted"
confianza_consumidor,2021-12,-7.0,"balance, seasonally adjusted"
confianza_consumidor,2022-01,-13.5,"balance, seasonally adjusted"
confianza_consumidor,2022-02,-17.5,"balance, seasonally adjusted"
confianza_consumidor,2022-03,-17.8,"balance, seasonally adjusted"
confianza_consumidor,2022-04,-17.5,"balance, seasonally adjusted"
confianza_consumidor,2022-05,-14.7,"balance, seasonally adjusted"
confianza_consumidor,2022-06,2.9,"balance, seasonally adjusted"
confianza_consumidor,2022-07,-10.4,"balance, seasonally adjusted"
confianza_consumidor,2022-08,-2.4,"balance, seasonally adjusted"
confianza_consumidor,2022-09,-11.5,"balance, seasonally adjusted"
confianza_consumidor,2022-10,-19.5,"balance, seasonally adjusted"
confianza_consumidor,2022-11,-24.8,"balance, seasonally adjusted"
confianza_consumidor,2022-12,-22.3,"balance, seasonally adjusted"
confianza_consumidor,2023-01,-28.6,"balance, seasonally adjusted"
confianza_consumidor,2023-02,-27.8,"balance, seasonally adjusted"
confianza_consumidor,2023-03,-28.5,"balance, seasonally adjusted"
confianza_consumidor,2023-04,-28.8,"balance, seasonally adjusted"
confianza_consumidor,2023-05,-22.8,"balance, seasonally adjusted"
confianza_consumidor,2023-06,-14.1,"balance, seasonally adjusted"
confianza_consumidor,2023-07,-17.4,"balance, seasonally adjusted"
confianza_consumidor,2023-08,-18.8,"balance, seasonally adjusted"
confianza_consumidor,2023-09,-17.9,"balance, seasonally adjusted"
confianza_consumidor,2023-10,-14.0,"balance, seasonally adjusted"
confianza_consumidor,2023-11,-20.9,"balance, seasonally adjusted"
confianza_consumidor,2023-12,-17.3,"balance, seasonally adjusted"
confianza_consumidor,2024-01,-7.9,"balance, seasonally adjusted"
confianza_consumidor,2024-02,-9.4,"balance, seasonally adjusted"
confianza_consumidor,2024-03,-13.0,"balance, seasonally adjusted"
confianza_consumidor,2024-04,-11.4,"balance, seasonally adjusted"
confianza_consumidor,2024-05,-14.1,"balance, seasonally adjusted"
confianza_consumidor,2024-06,-12.7,"balance, seasonally adjusted"
confianza_consumidor,2024-07,-9.0,"balance, seasonally adjusted"
confianza_consumidor,2024-08,-15.3,"balance, seasonally adjusted"
confianza_consumidor,2024-09,-16.0,"balance, seasonally adjusted"
confianza_consumidor,2024-10,-3.7,"balance, seasonally adjusted"
confianza_consumidor,2024-11,-5.7,"balance, seasonally adjusted"
confianza_consumidor,2024-12,-3.4,"balance, seasonally adjusted"
confianza_consumidor,2025-01,-1.1,"balance, seasonally adjusted"
confianza_consumidor,2025-02,-12.0,"balance, seasonally adjusted"
confianza_consumidor,2025-03,-7.1,"balance, seasonally adjusted"
confianza_consumidor,2025-04,-8.6,"balance, seasonally adjusted"
confianza_consumidor,2025-05,-3.8,"balance, seasonally adjusted"
confianza_consumidor,2025-06,2.2,"balance, seasonally adjusted"
confianza_consumidor,2025-07,5.3,"balance, seasonally adjusted"
confianza_consumidor,2025-08,-2.4,"balance, seasonally adjusted"
confianza_consumidor,2025-09,1.6,"balance, seasonally adjusted"
confianza_consumidor,2025-10,13.6,"balance, seasonally adjusted"
confianza_consumidor,2025-11,17.0,"balance, seasonally adjusted"
confianza_consumidor,2025-12,19.9,"balance, seasonally adjusted"
confianza_consumidor,2026-01,18.2,"balance, seasonally adjusted"
confianza_consumidor,2026-02,18.3,"balance, seasonally adjusted"
confianza_consumidor,2026-03,19.3,"balance, seasonally adjusted"
confianza_consumidor,2026-04,13.7,"balance, seasonally adjusted"
confianza_consumidor,2026-05,17.8,"balance, seasonally adjusted"
confianza_consumidor,2026-06,24.3,"balance, seasonally adjusted"
confianza_empresarial,1980-01,9.04888226230816,"balance, seasonally adjusted"
confianza_empresarial,1980-02,9.33424893239444,"balance, seasonally adjusted"
confianza_empresarial,1980-03,6.93115246695894,"balance, seasonally adjusted"
confianza_empresarial,1980-04,4.76302105790177,"balance, seasonally adjusted"
confianza_empresarial,1980-05,4.48737971103451,"balance, seasonally adjusted"
confianza_empresarial,1980-06,4.50983867653251,"balance, seasonally adjusted"
confianza_empresarial,1980-07,-1.24238305648069,"balance, seasonally adjusted"
confianza_empresarial,1980-08,2.71579464028115,"balance, seasonally adjusted"
confianza_empresarial,1980-09,-2.15789197269836,"balance, seasonally adjusted"
confianza_empresarial,1980-10,3.51223634241422,"balance, seasonally adjusted"
confianza_empresarial,1980-11,4.28887187909461,"balance, seasonally adjusted"
confianza_empresarial,1980-12,5.02379294889036,"balance, seasonally adjusted"
confianza_empresarial,1981-01,3.3661366610566,"balance, seasonally adjusted"
confianza_empresarial,1981-02,4.79071884750279,"balance, seasonally adjusted"
confianza_empresarial,1981-03,4.06755259942925,"balance, seasonally adjusted"
confianza_empresarial,1981-04,4.24972690204124,"balance, seasonally adjusted"
confianza_empresarial,1981-05,0.312681575379936,"balance, seasonally adjusted"
confianza_empresarial,1981-06,0.169556344860614,"balance, seasonally adjusted"
confianza_empresarial,1981-07,0.847323906739552,"balance, seasonally adjusted"
confianza_empresarial,1981-08,-0.369967140206526,"balance, seasonally adjusted"
confianza_empresarial,1981-09,0.571348065452563,"balance, seasonally adjusted"
confianza_empresarial,1981-10,-2.28960981231244,"balance, seasonally adjusted"
confianza_empresarial,1981-11,0.942475827544401,"balance, seasonally adjusted"
confianza_empresarial,1981-12,0.446468421596788,"balance, seasonally adjusted"
confianza_empresarial,1982-01,1.74863866196581,"balance, seasonally adjusted"
confianza_empresarial,1982-02,-0.0252690063494541,"balance, seasonally adjusted"
confianza_empresarial,1982-03,2.44062790149965,"balance, seasonally adjusted"
confianza_empresarial,1982-04,3.22960828873318,"balance, seasonally adjusted"
confianza_empresarial,1982-05,3.05832254711101,"balance, seasonally adjusted"
confianza_empresarial,1982-06,2.9470986626607,"balance, seasonally adjusted"
confianza_empresarial,1982-07,2.56945978603205,"balance, seasonally adjusted"
confianza_empresarial,1982-08,3.4547058353683,"balance, seasonally adjusted"
confianza_empresarial,1982-09,-1.42613102522109,"balance, seasonally adjusted"
confianza_empresarial,1982-10,-0.775605338185994,"balance, seasonally adjusted"
confianza_empresarial,1982-11,-2.27965455959432,"balance, seasonally adjusted"
confianza_empresarial,1982-12,-1.77334857916028,"balance, seasonally adjusted"
confianza_empresarial,1983-01,1.28461420449305,"balance, seasonally adjusted"
confianza_empresarial,1983-02,-2.35831073787982,"balance, seasonally adjusted"
confianza_empresarial,1983-03,-6.15088234641804,"balance, seasonally adjusted"
confianza_empresarial,1983-04,-4.62151008827457,"balance, seasonally adjusted"
confianza_empresarial,1983-05,-0.499989357360837,"balance, seasonally adjusted"
confianza_empresarial,1983-06,-0.0496785641861222,"balance, seasonally adjusted"
confianza_empresarial,1983-07,1.37236635332501,"balance, seasonally adjusted"
confianza_empresarial,1983-08,0.602931083825184,"balance, seasonally adjusted"
confianza_empresarial,1983-09,3.83153115845719,"balance, seasonally adjusted"
confianza_empresarial,1983-10,4.10832704068195,"balance, seasonally adjusted"
confianza_empresarial,1983-11,3.89139886336832,"balance, seasonally adjusted"
confianza_empresarial,1983-12,2.60018544468325,"balance, seasonally adjusted"
confianza_empresarial,1984-01,2.38187011133067,"balance, seasonally adjusted"
confianza_empresarial,1984-02,1.42909659240117,"balance, seasonally adjusted"
confianza_empresarial,1984-03,1.97744573403835,"balance, seasonally adjusted"
confianza_empresarial,1984-04,-1.04556010371499,"balance, seasonally adjusted"
confianza_empresarial,1984-05,2.12386557676211,"balance, seasonally adjusted"
confianza_empresarial,1984-06,0.89990712315926,"balance, seasonally adjusted"
confianza_empresarial,1984-07,-1.7369336182229,"balance, seasonally adjusted"
confianza_empresarial,1984-08,2.41459749514006,"balance, seasonally adjusted"
confianza_empresarial,1984-09,1.12568574144045,"balance, seasonally adjusted"
confianza_empresarial,1984-10,-0.983303122294935,"balance, seasonally adjusted"
confianza_empresarial,1984-11,-1.69806197807334,"balance, seasonally adjusted"
confianza_empresarial,1984-12,-3.00918435232847,"balance, seasonally adjusted"
confianza_empresarial,1985-01,-3.99526927904417,"balance, seasonally adjusted"
confianza_empresarial,1985-02,-1.18678193938549,"balance, seasonally adjusted"
confianza_empresarial,1985-03,-4.55713386234236,"balance, seasonally adjusted"
confianza_empresarial,1985-04,-1.42553881061305,"balance, seasonally adjusted"
confianza_empresarial,1985-05,-1.46258415410319,"balance, seasonally adjusted"
confianza_empresarial,1985-06,-2.62366768602574,"balance, seasonally adjusted"
confianza_empresarial,1985-07,0.366463584149919,"balance, seasonally adjusted"
confianza_empresarial,1985-08,0.932590268479491,"balance, seasonally adjusted"
confianza_empresarial,1985-09,1.34051180651592,"balance, seasonally adjusted"
confianza_empresarial,1985-10,2.06571251202773,"balance, seasonally adjusted"
confianza_empresarial,1985-11,0.62299985212534,"balance, seasonally adjusted"
confianza_empresarial,1985-12,5.2961550288244,"balance, seasonally adjusted"
confianza_empresarial,1986-01,6.40958046413764,"balance, seasonally adjusted"
confianza_empresarial,1986-02,4.58075342359755,"balance, seasonally adjusted"
confianza_empresarial,1986-03,6.68420425231321,"balance, seasonally adjusted"
confianza_empresarial,1986-04,7.04464131653268,"balance, seasonally adjusted"
confianza_empresarial,1986-05,3.43764469034848,"balance, seasonally adjusted"
confianza_empresarial,1986-06,6.34786137340665,"balance, seasonally adjusted"
confianza_empresarial,1986-07,5.75865418307756,"balance, seasonally adjusted"
confianza_empresarial,1986-08,3.93493633800549,"balance, seasonally adjusted"
confianza_empresarial,1986-09,3.11365286322588,"balance, seasonally adjusted"
confianza_empresarial,1986-10,4.54605955062417,"balance, seasonally adjusted"
confianza_empresarial,1986-11,5.00744863415948,"balance, seasonally adjusted"
confianza_empresarial,1986-12,5.54615306570619,"balance, seasonally adjusted"
confianza_empresarial,1987-01,6.28143466285405,"balance, seasonally adjusted"
confianza_empresarial,1987-02,5.77792415898852,"balance, seasonally adjusted"
confianza_empresarial,1987-03,4.64588039176042,"balance, seasonally adjusted"
confianza_empresarial,1987-04,7.49092839261676,"balance, seasonally adjusted"
confianza_empresarial,1987-05,5.73203710393285,"balance, seasonally adjusted"
confianza_empresarial,1987-06,7.74349578815593,"balance, seasonally adjusted"
confianza_empresarial,1987-07,6.59326516349904,"balance, seasonally adjusted"
confianza_empresarial,1987-08,7.08243188669026,"balance, seasonally adjusted"
confianza_empresarial,1987-09,9.80207348923463,"balance, seasonally adjusted"
confianza_empresarial,1987-10,8.8838454968284,"balance, seasonally adjusted"
confianza_empresarial,1987-11,8.07250920643051,"balance, seasonally adjusted"
confianza_empresarial,1987-12,6.60091964498784,"balance, seasonally adjusted"
confianza_empresarial,1988-01,6.31234555848255,"balance, seasonally adjusted"
confianza_empresarial,1988-02,5.81371019960865,"balance, seasonally adjusted"
confianza_empresarial,1988-03,6.51450440032537,"balance, seasonally adjusted"
confianza_empresarial,1988-04,3.52050171826833,"balance, seasonally adjusted"
confianza_empresarial,1988-05,4.96500430572514,"balance, seasonally adjusted"
confianza_empresarial,1988-06,7.7126734166641,"balance, seasonally adjusted"
confianza_empresarial,1988-07,3.66455819417195,"balance, seasonally adjusted"
confianza_empresarial,1988-08,4.16711978830842,"balance, seasonally adjusted"
confianza_empresarial,1988-09,3.07298492381958,"balance, seasonally adjusted"
confianza_empresarial,1988-10,1.30318633133435,"balance, seasonally adjusted"
confianza_empresarial,1988-11,0.0919473486275639,"balance, seasonally adjusted"
confianza_empresarial,1988-12,1.10672585039343,"balance, seasonally adjusted"
confianza_empresarial,1989-01,0.665988031405569,"balance, seasonally adjusted"
confianza_empresarial,1989-02,1.91178770602628,"balance, seasonally adjusted"
confianza_empresarial,1989-03,3.82161922882219,"balance, seasonally adjusted"
confianza_empresarial,1989-04,3.68531155881688,"balance, seasonally adjusted"
confianza_empresarial,1989-05,2.94073487147313,"balance, seasonally adjusted"
confianza_empresarial,1989-06,1.83728292962214,"balance, seasonally adjusted"
confianza_empresarial,1989-07,1.84729949134211,"balance, seasonally adjusted"
confianza_empresarial,1989-08,-0.0015267552943774,"balance, seasonally adjusted"
confianza_empresarial,1989-09,-2.3163295754097,"balance, seasonally adjusted"
confianza_empresarial,1989-10,-1.97231886423034,"balance, seasonally adjusted"
confianza_empresarial,1989-11,-0.0232581255766218,"balance, seasonally adjusted"
confianza_empresarial,1989-12,-1.31351881047217,"balance, seasonally adjusted"
confianza_empresarial,1990-01,1.98903151222464,"balance, seasonally adjusted"
confianza_empresarial,1990-02,1.54216157806791,"balance, seasonally adjusted"
confianza_empresarial,1990-03,1.61404301152925,"balance, seasonally adjusted"
confianza_empresarial,1990-04,1.09135918276728,"balance, seasonally adjusted"
confianza_empresarial,1990-05,6.36982115688003,"balance, seasonally adjusted"
confianza_empresarial,1990-06,2.85360876012025,"balance, seasonally adjusted"
confianza_empresarial,1990-07,2.42080859784403,"balance, seasonally adjusted"
confianza_empresarial,1990-08,6.09033362833211,"balance, seasonally adjusted"
confianza_empresarial,1990-09,4.52945102661329,"balance, seasonally adjusted"
confianza_empresarial,1990-10,4.92487247298357,"balance, seasonally adjusted"
confianza_empresarial,1990-11,6.29919280924538,"balance, seasonally adjusted"
confianza_empresarial,1990-12,5.20186580501814,"balance, seasonally adjusted"
confianza_empresarial,1991-01,-3.36051503206834,"balance, seasonally adjusted"
confianza_empresarial,1991-02,-11.2341207623349,"balance, seasonally adjusted"
confianza_empresarial,1991-03,-7.09852608220522,"balance, seasonally adjusted"
confianza_empresarial,1991-04,2.19055437928718,"balance, seasonally adjusted"
confianza_empresarial,1991-05,-3.57914980215338,"balance, seasonally adjusted"
confianza_empresarial,1991-06,-5.04032708382755,"balance, seasonally adjusted"
confianza_empresarial,1991-07,-1.99529615328185,"balance, seasonally adjusted"
confianza_empresarial,1991-08,-6.23943982413225,"balance, seasonally adjusted"
confianza_empresarial,1991-09,-3.87754908317921,"balance, seasonally adjusted"
confianza_empresarial,1991-10,-0.598187767738452,"balance, seasonally adjusted"
confianza_empresarial,1991-11,2.41132134635798,"balance, seasonally adjusted"
confianza_empresarial,1991-12,2.82566178795224,"balance, seasonally adjusted"
confianza_empresarial,1992-01,2.49914878913081,"balance, seasonally adjusted"
confianza_empresarial,1992-02,3.29929413615212,"balance, seasonally adjusted"
confianza_empresarial,1992-03,4.98882486673423,"balance, seasonally adjusted"
confianza_empresarial,1992-04,7.72519961178852,"balance, seasonally adjusted"
confianza_empresarial,1992-05,9.6116637553756,"balance, seasonally adjusted"
confianza_empresarial,1992-06,13.5791291264906,"balance, seasonally adjusted"
confianza_empresarial,1992-07,22.6760665263029,"balance, seasonally adjusted"
confianza_empresarial,1992-08,17.2859857927158,"balance, seasonally adjusted"
confianza_empresarial,1992-09,17.0301041323011,"balance, seasonally adjusted"
confianza_empresarial,1992-10,12.8788402002644,"balance, seasonally adjusted"
confianza_empresarial,1992-11,11.5292000347636,"balance, seasonally adjusted"
confianza_empresarial,1992-12,13.1739296179161,"balance, seasonally adjusted"
confianza_empresarial,1993-01,13.5411689111265,"balance, seasonally adjusted"
confianza_empresarial,1993-02,10.8827576515577,"balance, seasonally adjusted"
confianza_empresarial,1993-03,15.2309844474305,"balance, seasonally adjusted"
confianza_empresarial,1993-04,7.34821718976535,"balance, seasonally adjusted"
confianza_empresarial,1993-05,0.753685519850867,"balance, seasonally adjusted"
confianza_empresarial,1993-06,4.54846666054586,"balance, seasonally adjusted"
confianza_empresarial,1993-07,1.31930603690588,"balance, seasonally adjusted"
confianza_empresarial,1993-08,0.787241079667164,"balance, seasonally adjusted"
confianza_empresarial,1993-09,2.58230284923952,"balance, seasonally adjusted"
confianza_empresarial,1993-10,5.40295397568121,"balance, seasonally adjusted"
confianza_empresarial,1993-11,4.60320728377104,"balance, seasonally adjusted"
confianza_empresarial,1993-12,2.11061091676338,"balance, seasonally adjusted"
confianza_empresarial,1994-01,4.20286805408966,"balance, seasonally adjusted"
confianza_empresarial,1994-02,7.68296625697599,"balance, seasonally adjusted"
confianza_empresarial,1994-03,7.73232325634692,"balance, seasonally adjusted"
confianza_empresarial,1994-04,8.17047287309515,"balance, seasonally adjusted"
confianza_empresarial,1994-05,7.92297953609205,"balance, seasonally adjusted"
confianza_empresarial,1994-06,8.33738658308523,"balance, seasonally adjusted"
confianza_empresarial,1994-07,7.27576030910154,"balance, seasonally adjusted"
confianza_empresarial,1994-08,7.92995124259009,"balance, seasonally adjusted"
confianza_empresarial,1994-09,8.50403615752048,"balance, seasonally adjusted"
confianza_empresarial,1994-10,7.61088207177457,"balance, seasonally adjusted"
confianza_empresarial,1994-11,3.73107832630239,"balance, seasonally adjusted"
confianza_empresarial,1994-12,5.99532035624804,"balance, seasonally adjusted"
confianza_empresarial,1995-01,2.74242558986385,"balance, seasonally adjusted"
confianza_empresarial,1995-02,0.256335372002631,"balance, seasonally adjusted"
confianza_empresarial,1995-03,0.0755079356063373,"balance, seasonally adjusted"
confianza_empresarial,1995-04,-3.5463810167475,"balance, seasonally adjusted"
confianza_empresarial,1995-05,-7.52934803902753,"balance, seasonally adjusted"
confianza_empresarial,1995-06,-8.41623056332069,"balance, seasonally adjusted"
confianza_empresarial,1995-07,-9.25753176560897,"balance, seasonally adjusted"
confianza_empresarial,1995-08,-8.14779753187531,"balance, seasonally adjusted"
confianza_empresarial,1995-09,-10.1268574769922,"balance, seasonally adjusted"
confianza_empresarial,1995-10,-12.0036466273702,"balance, seasonally adjusted"
confianza_empresarial,1995-11,-11.8523179880338,"balance, seasonally adjusted"
confianza_empresarial,1995-12,-14.1101823752382,"balance, seasonally adjusted"
confianza_empresarial,1996-01,-13.1135637071011,"balance, seasonally adjusted"
confianza_empresarial,1996-02,-15.7757039784098,"balance, seasonally adjusted"
confianza_empresarial,1996-03,-20.478221348061,"balance, seasonally adjusted"
confianza_empresarial,1996-04,-18.6394922174443,"balance, seasonally adjusted"
confianza_empresarial,1996-05,-18.2129481828377,"balance, seasonally adjusted"
confianza_empresarial,1996-06,-18.8946893266003,"balance, seasonally adjusted"
confianza_empresarial,1996-07,-20.185720844622,"balance, seasonally adjusted"
confianza_empresarial,1996-08,-21.1465688510233,"balance, seasonally adjusted"
confianza_empresarial,1996-09,-21.0643800293592,"balance, seasonally adjusted"
confianza_empresarial,1996-10,-21.1623621228537,"balance, seasonally adjusted"
confianza_empresarial,1996-11,-18.2885300103661,"balance, seasonally adjusted"
confianza_empresarial,1996-12,-17.1575717172103,"balance, seasonally adjusted"
confianza_empresarial,1997-01,-16.5216786919237,"balance, seasonally adjusted"
confianza_empresarial,1997-02,-16.6602925752043,"balance, seasonally adjusted"
confianza_empresarial,1997-03,-15.5165552562761,"balance, seasonally adjusted"
confianza_empresarial,1997-04,-13.3060785778379,"balance, seasonally adjusted"
confianza_empresarial,1997-05,-11.3930881187064,"balance, seasonally adjusted"
confianza_empresarial,1997-06,-12.8205149917843,"balance, seasonally adjusted"
confianza_empresarial,1997-07,-9.17008231673111,"balance, seasonally adjusted"
confianza_empresarial,1997-08,-12.8669061754702,"balance, seasonally adjusted"
confianza_empresarial,1997-09,-6.44433392941991,"balance, seasonally adjusted"
confianza_empresarial,1997-10,-3.4500580536528,"balance, seasonally adjusted"
confianza_empresarial,1997-11,-4.59102101162595,"balance, seasonally adjusted"
confianza_empresarial,1997-12,-2.49788395439365,"balance, seasonally adjusted"
confianza_empresarial,1998-01,-3.63729057888958,"balance, seasonally adjusted"
confianza_empresarial,1998-02,-3.02154871082458,"balance, seasonally adjusted"
confianza_empresarial,1998-03,-2.94616255167857,"balance, seasonally adjusted"
confianza_empresarial,1998-04,-8.75096191797833,"balance, seasonally adjusted"
confianza_empresarial,1998-05,-18.2788592239745,"balance, seasonally adjusted"
confianza_empresarial,1998-06,-12.3489907601114,"balance, seasonally adjusted"
confianza_empresarial,1998-07,-16.9404367570761,"balance, seasonally adjusted"
confianza_empresarial,1998-08,-24.4244318411167,"balance, seasonally adjusted"
confianza_empresarial,1998-09,-27.2336974049033,"balance, seasonally adjusted"
confianza_empresarial,1998-10,-30.5802820879266,"balance, seasonally adjusted"
confianza_empresarial,1998-11,-31.2002275682041,"balance, seasonally adjusted"
confianza_empresarial,1998-12,-32.8509670992781,"balance, seasonally adjusted"
confianza_empresarial,1999-01,-32.0685520521951,"balance, seasonally adjusted"
confianza_empresarial,1999-02,-34.5885699576525,"balance, seasonally adjusted"
confianza_empresarial,1999-03,-35.4976804449465,"balance, seasonally adjusted"
confianza_empresarial,1999-04,-29.8496934065732,"balance, seasonally adjusted"
confianza_empresarial,1999-05,-27.6036807846937,"balance, seasonally adjusted"
confianza_empresarial,1999-06,-24.9310077564706,"balance, seasonally adjusted"
confianza_empresarial,1999-07,-19.1936120308092,"balance, seasonally adjusted"
confianza_empresarial,1999-08,-12.6836729770957,"balance, seasonally adjusted"
confianza_empresarial,1999-09,-4.2381947126127,"balance, seasonally adjusted"
confianza_empresarial,1999-10,-10.0014482763178,"balance, seasonally adjusted"
confianza_empresarial,1999-11,-8.01273293629691,"balance, seasonally adjusted"
confianza_empresarial,1999-12,-8.65004826922126,"balance, seasonally adjusted"
confianza_empresarial,2000-01,-8.06426186799963,"balance, seasonally adjusted"
confianza_empresarial,2000-02,-3.15629362559516,"balance, seasonally adjusted"
confianza_empresarial,2000-03,1.75016382092038,"balance, seasonally adjusted"
confianza_empresarial,2000-04,2.24378294186279,"balance, seasonally adjusted"
confianza_empresarial,2000-05,2.71618087862806,"balance, seasonally adjusted"
confianza_empresarial,2000-06,4.18555126181896,"balance, seasonally adjusted"
confianza_empresarial,2000-07,2.33217056093937,"balance, seasonally adjusted"
confianza_empresarial,2000-08,7.17680158289971,"balance, seasonally adjusted"
confianza_empresarial,2000-09,3.20442313590217,"balance, seasonally adjusted"
confianza_empresarial,2000-10,2.1348379068888,"balance, seasonally adjusted"
confianza_empresarial,2000-11,0.468925576503033,"balance, seasonally adjusted"
confianza_empresarial,2000-12,2.93526046289917,"balance, seasonally adjusted"
confianza_empresarial,2001-01,1.66500151960759,"balance, seasonally adjusted"
confianza_empresarial,2001-02,1.28060249294518,"balance, seasonally adjusted"
confianza_empresarial,2001-03,-3.63365270480677,"balance, seasonally adjusted"
confianza_empresarial,2001-04,-7.11471070088768,"balance, seasonally adjusted"
confianza_empresarial,2001-05,-8.83714869107278,"balance, seasonally adjusted"
confianza_empresarial,2001-06,-8.05478051428218,"balance, seasonally adjusted"
confianza_empresarial,2001-07,-10.5355217738174,"balance, seasonally adjusted"
confianza_empresarial,2001-08,-15.4879326226714,"balance, seasonally adjusted"
confianza_empresarial,2001-09,-15.488873051452,"balance, seasonally adjusted"
confianza_empresarial,2001-10,-12.2077726914602,"balance, seasonally adjusted"
confianza_empresarial,2001-11,-10.2534938246214,"balance, seasonally adjusted"
confianza_empresarial,2001-12,-11.4131540930011,"balance, seasonally adjusted"
confianza_empresarial,2002-01,-6.10238065208095,"balance, seasonally adjusted"
confianza_empresarial,2002-02,-12.4116385692901,"balance, seasonally adjusted"
confianza_empresarial,2002-03,-9.42924430170866,"balance, seasonally adjusted"
confianza_empresarial,2002-04,-7.00590919345293,"balance, seasonally adjusted"
confianza_empresarial,2002-05,-4.97058231825309,"balance, seasonally adjusted"
confianza_empresarial,2002-06,-6.22275365932271,"balance, seasonally adjusted"
confianza_empresarial,2002-07,-4.28404259360468,"balance, seasonally adjusted"
confianza_empresarial,2002-08,-1.73991086530294,"balance, seasonally adjusted"
confianza_empresarial,2002-09,-2.24414118328078,"balance, seasonally adjusted"
confianza_empresarial,2002-10,-3.59875284002498,"balance, seasonally adjusted"
confianza_empresarial,2002-11,-3.70145791862126,"balance, seasonally adjusted"
confianza_empresarial,2002-12,-4.61178626403285,"balance, seasonally adjusted"
confianza_empresarial,2003-01,-4.74948614657975,"balance, seasonally adjusted"
confianza_empresarial,2003-02,-9.0551555402238,"balance, seasonally adjusted"
confianza_empresarial,2003-03,-4.47400312869493,"balance, seasonally adjusted"
confianza_empresarial,2003-04,-2.05208875317951,"balance, seasonally adjusted"
confianza_empresarial,2003-05,-0.0555467586216267,"balance, seasonally adjusted"
confianza_empresarial,2003-06,0.645838318759882,"balance, seasonally adjusted"
confianza_empresarial,2003-07,3.13526501550773,"balance, seasonally adjusted"
confianza_empresarial,2003-08,1.08344469977018,"balance, seasonally adjusted"
confianza_empresarial,2003-09,5.19021172443732,"balance, seasonally adjusted"
confianza_empresarial,2003-10,6.84669413286205,"balance, seasonally adjusted"
confianza_empresarial,2003-11,-0.351522388817576,"balance, seasonally adjusted"
confianza_empresarial,2003-12,10.396523781849,"balance, seasonally adjusted"
confianza_empresarial,2004-01,8.74830475518266,"balance, seasonally adjusted"
confianza_empresarial,2004-02,10.5571185393663,"balance, seasonally adjusted"
confianza_empresarial,2004-03,12.1118053595458,"balance, seasonally adjusted"
confianza_empresarial,2004-04,9.51321217194059,"balance, seasonally adjusted"
confianza_empresarial,2004-05,10.2625365454847,"balance, seasonally adjusted"
confianza_empresarial,2004-06,7.74450473471317,"balance, seasonally adjusted"
confianza_empresarial,2004-07,7.14746894991068,"balance, seasonally adjusted"
confianza_empresarial,2004-08,6.05631212591432,"balance, seasonally adjusted"
confianza_empresarial,2004-09,4.72355390440421,"balance, seasonally adjusted"
confianza_empresarial,2004-10,4.34596720947937,"balance, seasonally adjusted"
confianza_empresarial,2004-11,3.99313259259896,"balance, seasonally adjusted"
confianza_empresarial,2004-12,4.50019484787465,"balance, seasonally adjusted"
confianza_empresarial,2005-01,1.97686154769574,"balance, seasonally adjusted"
confianza_empresarial,2005-02,3.24995671084959,"balance, seasonally adjusted"
confianza_empresarial,2005-03,5.60415926578133,"balance, seasonally adjusted"
confianza_empresarial,2005-04,4.02261096772607,"balance, seasonally adjusted"
confianza_empresarial,2005-05,-3.15243429932886,"balance, seasonally adjusted"
confianza_empresarial,2005-06,2.58496969033439,"balance, seasonally adjusted"
confianza_empresarial,2005-07,0.932425527533099,"balance, seasonally adjusted"
confianza_empresarial,2005-08,4.56381463633644,"balance, seasonally adjusted"
confianza_empresarial,2005-09,5.11539695391582,"balance, seasonally adjusted"
confianza_empresarial,2005-10,4.72131826521658,"balance, seasonally adjusted"
confianza_empresarial,2005-11,6.92083898810526,"balance, seasonally adjusted"
confianza_empresarial,2005-12,5.49787006318729,"balance, seasonally adjusted"
confianza_empresarial,2006-01,8.08358672799117,"balance, seasonally adjusted"
confianza_empresarial,2006-02,9.96138011935097,"balance, seasonally adjusted"
confianza_empresarial,2006-03,10.9591127352312,"balance, seasonally adjusted"
confianza_empresarial,2006-04,14.0942862971751,"balance, seasonally adjusted"
confianza_empresarial,2006-05,16.8064642685641,"balance, seasonally adjusted"
confianza_empresarial,2006-06,17.3598506149997,"balance, seasonally adjusted"
confianza_empresarial,2006-07,16.2246352257206,"balance, seasonally adjusted"
confianza_empresarial,2006-08,17.3813744188081,"balance, seasonally adjusted"
confianza_empresarial,2006-09,18.0572038718844,"balance, seasonally adjusted"
confianza_empresarial,2006-10,17.4288806941105,"balance, seasonally adjusted"
confianza_empresarial,2006-11,15.240232497135,"balance, seasonally adjusted"
confianza_empresarial,2006-12,12.8162737082845,"balance, seasonally adjusted"
confianza_empresarial,2007-01,14.1333027353641,"balance, seasonally adjusted"
confianza_empresarial,2007-02,14.7000657580584,"balance, seasonally adjusted"
confianza_empresarial,2007-03,14.6290542449855,"balance, seasonally adjusted"
confianza_empresarial,2007-04,11.5427899334757,"balance, seasonally adjusted"
confianza_empresarial,2007-05,10.5304540188841,"balance, seasonally adjusted"
confianza_empresarial,2007-06,12.3809892739197,"balance, seasonally adjusted"
confianza_empresarial,2007-07,10.1938293729762,"balance, seasonally adjusted"
confianza_empresarial,2007-08,10.7161923294628,"balance, seasonally adjusted"
confianza_empresarial,2007-09,8.65662693831808,"balance, seasonally adjusted"
confianza_empresarial,2007-10,8.29831126571875,"balance, seasonally adjusted"
confianza_empresarial,2007-11,8.43844181852684,"balance, seasonally adjusted"
confianza_empresarial,2007-12,8.34013427120115,"balance, seasonally adjusted"
confianza_empresarial,2008-01,2.88128130030083,"balance, seasonally adjusted"
confianza_empresarial,2008-02,-2.39260478529139,"balance, seasonally adjusted"
confianza_empresarial,2008-03,-5.10053216120051,"balance, seasonally adjusted"
confianza_empresarial,2008-04,-3.17485965591324,"balance, seasonally adjusted"
confianza_empresarial,2008-05,-9.02128013434697,"balance, seasonally adjusted"
confianza_empresarial,2008-06,-11.4078395330809,"balance, seasonally adjusted"
confianza_empresarial,2008-07,-8.99168858147543,"balance, seasonally adjusted"
confianza_empresarial,2008-08,-14.1923853262128,"balance, seasonally adjusted"
confianza_empresarial,2008-09,-11.3700966313535,"balance, seasonally adjusted"
confianza_empresarial,2008-10,-18.1954855604756,"balance, seasonally adjusted"
confianza_empresarial,2008-11,-18.392152535218,"balance, seasonally adjusted"
confianza_empresarial,2008-12,-17.949458816318,"balance, seasonally adjusted"
confianza_empresarial,2009-01,-25.1934769336428,"balance, seasonally adjusted"
confianza_empresarial,2009-02,-19.7191049012453,"balance, seasonally adjusted"
confianza_empresarial,2009-03,-17.6316537558777,"balance, seasonally adjusted"
confianza_empresarial,2009-04,-19.4043025333819,"balance, seasonally adjusted"
confianza_empresarial,2009-05,-16.1562047004552,"balance, seasonally adjusted"
confianza_empresarial,2009-06,-14.2178661436709,"balance, seasonally adjusted"
confianza_empresarial,2009-07,-10.5498595918971,"balance, seasonally adjusted"
confianza_empresarial,2009-08,-12.7764267078832,"balance, seasonally adjusted"
confianza_empresarial,2009-09,-11.2883229880984,"balance, seasonally adjusted"
confianza_empresarial,2009-10,-6.56662949431479,"balance, seasonally adjusted"
confianza_empresarial,2009-11,-6.30092110020559,"balance, seasonally adjusted"
confianza_empresarial,2009-12,-6.32921288488267,"balance, seasonally adjusted"
confianza_empresarial,2010-01,0.0167596747075147,"balance, seasonally adjusted"
confianza_empresarial,2010-02,-1.02300826254649,"balance, seasonally adjusted"
confianza_empresarial,2010-03,-0.45447362993067,"balance, seasonally adjusted"
confianza_empresarial,2010-04,2.11232320912917,"balance, seasonally adjusted"
confianza_empresarial,2010-05,1.20565363193843,"balance, seasonally adjusted"
confianza_empresarial,2010-06,2.50335195603579,"balance, seasonally adjusted"
confianza_empresarial,2010-07,1.6515525206312,"balance, seasonally adjusted"
confianza_empresarial,2010-08,6.57155714435608,"balance, seasonally adjusted"
confianza_empresarial,2010-09,2.22383590147089,"balance, seasonally adjusted"
confianza_empresarial,2010-10,2.19491022086919,"balance, seasonally adjusted"
confianza_empresarial,2010-11,0.754710788555,"balance, seasonally adjusted"
confianza_empresarial,2010-12,4.96704143977412,"balance, seasonally adjusted"
confianza_empresarial,2011-01,5.66496677180217,"balance, seasonally adjusted"
confianza_empresarial,2011-02,9.25262621841738,"balance, seasonally adjusted"
confianza_empresarial,2011-03,9.13750063367602,"balance, seasonally adjusted"
confianza_empresarial,2011-04,5.69548037081084,"balance, seasonally adjusted"
confianza_empresarial,2011-05,7.77860265205597,"balance, seasonally adjusted"
confianza_empresarial,2011-06,6.78413333095614,"balance, seasonally adjusted"
confianza_empresarial,2011-07,8.14239293162279,"balance, seasonally adjusted"
confianza_empresarial,2011-08,7.7054360462222,"balance, seasonally adjusted"
confianza_empresarial,2011-09,5.47742285576495,"balance, seasonally adjusted"
confianza_empresarial,2011-10,3.85508778215685,"balance, seasonally adjusted"
confianza_empresarial,2011-11,8.34062758836805,"balance, seasonally adjusted"
confianza_empresarial,2011-12,7.64257709831477,"balance, seasonally adjusted"
confianza_empresarial,2012-01,6.36533638540293,"balance, seasonally adjusted"
confianza_empresarial,2012-02,5.79999350609362,"balance, seasonally adjusted"
confianza_empresarial,2012-03,4.77388854248216,"balance, seasonally adjusted"
confianza_empresarial,2012-04,4.75087962148068,"balance, seasonally adjusted"
confianza_empresarial,2012-05,2.38838807022141,"balance, seasonally adjusted"
confianza_empresarial,2012-06,2.21549089294682,"balance, seasonally adjusted"
confianza_empresarial,2012-07,0.738483335333101,"balance, seasonally adjusted"
confianza_empresarial,2012-08,0.16675547340841,"balance, seasonally adjusted"
confianza_empresarial,2012-09,0.359704324743468,"balance, seasonally adjusted"
confianza_empresarial,2012-10,-0.809274495915292,"balance, seasonally adjusted"
confianza_empresarial,2012-11,-0.713825522387313,"balance, seasonally adjusted"
confianza_empresarial,2012-12,-0.194745011912237,"balance, seasonally adjusted"
confianza_empresarial,2013-01,-2.41995643134265,"balance, seasonally adjusted"
confianza_empresarial,2013-02,-6.72611898937143,"balance, seasonally adjusted"
confianza_empresarial,2013-03,-4.09220187858453,"balance, seasonally adjusted"
confianza_empresarial,2013-04,-3.15181900034007,"balance, seasonally adjusted"
confianza_empresarial,2013-05,-2.02327912958659,"balance, seasonally adjusted"
confianza_empresarial,2013-06,-1.65823206280811,"balance, seasonally adjusted"
confianza_empresarial,2013-07,-3.512371700079,"balance, seasonally adjusted"
confianza_empresarial,2013-08,-3.77347801145408,"balance, seasonally adjusted"
confianza_empresarial,2013-09,-0.606081969823633,"balance, seasonally adjusted"
confianza_empresarial,2013-10,0.08228471369645,"balance, seasonally adjusted"
confianza_empresarial,2013-11,0.22170972403444,"balance, seasonally adjusted"
confianza_empresarial,2013-12,0.296506707663497,"balance, seasonally adjusted"
confianza_empresarial,2014-01,2.79211191658041,"balance, seasonally adjusted"
confianza_empresarial,2014-02,2.04518410630412,"balance, seasonally adjusted"
confianza_empresarial,2014-03,2.47008838866299,"balance, seasonally adjusted"
confianza_empresarial,2014-04,4.98258962744553,"balance, seasonally adjusted"
confianza_empresarial,2014-05,3.87297277154844,"balance, seasonally adjusted"
confianza_empresarial,2014-06,2.99725093924109,"balance, seasonally adjusted"
confianza_empresarial,2014-07,7.49044892206215,"balance, seasonally adjusted"
confianza_empresarial,2014-08,7.16310334503062,"balance, seasonally adjusted"
confianza_empresarial,2014-09,4.86853426226449,"balance, seasonally adjusted"
confianza_empresarial,2014-10,3.97631574735754,"balance, seasonally adjusted"
confianza_empresarial,2014-11,2.47456261213606,"balance, seasonally adjusted"
confianza_empresarial,2014-12,-0.854148630325292,"balance, seasonally adjusted"
confianza_empresarial,2015-01,-1.87246622972092,"balance, seasonally adjusted"
confianza_empresarial,2015-02,3.63100125160246,"balance, seasonally adjusted"
confianza_empresarial,2015-03,3.01031125509087,"balance, seasonally adjusted"
confianza_empresarial,2015-04,0.93685966482824,"balance, seasonally adjusted"
confianza_empresarial,2015-05,2.69741827469861,"balance, seasonally adjusted"
confianza_empresarial,2015-06,1.2054646713069,"balance, seasonally adjusted"
confianza_empresarial,2015-07,-2.15350749589435,"balance, seasonally adjusted"
confianza_empresarial,2015-08,1.12162038696656,"balance, seasonally adjusted"
confianza_empresarial,2015-09,3.66078203558004,"balance, seasonally adjusted"
confianza_empresarial,2015-10,4.23566040310935,"balance, seasonally adjusted"
confianza_empresarial,2015-11,2.92189912296944,"balance, seasonally adjusted"
confianza_empresarial,2015-12,2.82726134850631,"balance, seasonally adjusted"
confianza_empresarial,2016-01,3.82257811747711,"balance, seasonally adjusted"
confianza_empresarial,2016-02,6.23214627297613,"balance, seasonally adjusted"
confianza_empresarial,2016-03,4.52746488018632,"balance, seasonally adjusted"
confianza_empresarial,2016-04,5.46128825430253,"balance, seasonally adjusted"
confianza_empresarial,2016-05,6.15972566056492,"balance, seasonally adjusted"
confianza_empresarial,2016-06,4.18412444049365,"balance, seasonally adjusted"
confianza_empresarial,2016-07,4.77168326523312,"balance, seasonally adjusted"
confianza_empresarial,2016-08,4.36244902199251,"balance, seasonally adjusted"
confianza_empresarial,2016-09,-0.341219835315886,"balance, seasonally adjusted"
confianza_empresarial,2016-10,-2.34294924338722,"balance, seasonally adjusted"
confianza_empresarial,2016-11,1.79847952376908,"balance, seasonally adjusted"
confianza_empresarial,2016-12,1.11829866073388,"balance, seasonally adjusted"
confianza_empresarial,2017-01,-0.210073639619368,"balance, seasonally adjusted"
confianza_empresarial,2017-02,-3.1476978872721,"balance, seasonally adjusted"
confianza_empresarial,2017-03,-2.91050634501246,"balance, seasonally adjusted"
confianza_empresarial,2017-04,-5.74138782940396,"balance, seasonally adjusted"
confianza_empresarial,2017-05,-8.66110267069993,"balance, seasonally adjusted"
confianza_empresarial,2017-06,-5.54063424737347,"balance, seasonally adjusted"
confianza_empresarial,2017-07,-6.75075000916207,"balance, seasonally adjusted"
confianza_empresarial,2017-08,-5.46798347644557,"balance, seasonally adjusted"
confianza_empresarial,2017-09,-5.60602332187611,"balance, seasonally adjusted"
confianza_empresarial,2017-10,-6.01535299781935,"balance, seasonally adjusted"
confianza_empresarial,2017-11,-3.99015759321849,"balance, seasonally adjusted"
confianza_empresarial,2017-12,-1.87117057642874,"balance, seasonally adjusted"
confianza_empresarial,2018-01,-2.97639584762636,"balance, seasonally adjusted"
confianza_empresarial,2018-02,-0.709919445456145,"balance, seasonally adjusted"
confianza_empresarial,2018-03,1.43801253557512,"balance, seasonally adjusted"
confianza_empresarial,2018-04,1.51368248587997,"balance, seasonally adjusted"
confianza_empresarial,2018-05,0.649859363793929,"balance, seasonally adjusted"
confianza_empresarial,2018-06,2.27528147212046,"balance, seasonally adjusted"
confianza_empresarial,2018-07,3.50151095775393,"balance, seasonally adjusted"
confianza_empresarial,2018-08,2.06339759752075,"balance, seasonally adjusted"
confianza_empresarial,2018-09,1.9449501202173,"balance, seasonally adjusted"
confianza_empresarial,2018-10,3.45799649745106,"balance, seasonally adjusted"
confianza_empresarial,2018-11,1.92885744258719,"balance, seasonally adjusted"
confianza_empresarial,2018-12,1.70748892889893,"balance, seasonally adjusted"
confianza_empresarial,2019-01,3.43869147596823,"balance, seasonally adjusted"
confianza_empresarial,2019-02,2.94994068081684,"balance, seasonally adjusted"
confianza_empresarial,2019-03,2.71392866185476,"balance, seasonally adjusted"
confianza_empresarial,2019-04,5.4657479300548,"balance, seasonally adjusted"
confianza_empresarial,2019-05,7.22945705619606,"balance, seasonally adjusted"
confianza_empresarial,2019-06,8.67176285251653,"balance, seasonally adjusted"
confianza_empresarial,2019-07,6.81470678658082,"balance, seasonally adjusted"
confianza_empresarial,2019-08,8.48717881533029,"balance, seasonally adjusted"
confianza_empresarial,2019-09,8.48929117441758,"balance, seasonally adjusted"
confianza_empresarial,2019-10,7.91787775410449,"balance, seasonally adjusted"
confianza_empresarial,2019-11,8.10377381160003,"balance, seasonally adjusted"
confianza_empresarial,2019-12,10.7131415984284,"balance, seasonally adjusted"
confianza_empresarial,2020-01,9.27352411554346,"balance, seasonally adjusted"
confianza_empresarial,2020-02,7.74408878825637,"balance, seasonally adjusted"
confianza_empresarial,2020-03,-36.1594461160241,"balance, seasonally adjusted"
confianza_empresarial,2020-04,-34.6222893176386,"balance, seasonally adjusted"
confianza_empresarial,2020-05,-19.4033430312901,"balance, seasonally adjusted"
confianza_empresarial,2020-06,-22.3444494356687,"balance, seasonally adjusted"
confianza_empresarial,2020-07,-11.0123129699402,"balance, seasonally adjusted"
confianza_empresarial,2020-08,0.707019321304282,"balance, seasonally adjusted"
confianza_empresarial,2020-09,2.07382927782528,"balance, seasonally adjusted"
confianza_empresarial,2020-10,-0.0126336465776461,"balance, seasonally adjusted"
confianza_empresarial,2020-11,-0.280897233922418,"balance, seasonally adjusted"
confianza_empresarial,2020-12,-0.0143415913668967,"balance, seasonally adjusted"
confianza_empresarial,2021-01,2.47686325424005,"balance, seasonally adjusted"
confianza_empresarial,2021-02,5.95252032583202,"balance, seasonally adjusted"
confianza_empresarial,2021-03,4.61560911979878,"balance, seasonally adjusted"
confianza_empresarial,2021-04,-3.736488532871,"balance, seasonally adjusted"
confianza_empresarial,2021-05,-1.01610810424157,"balance, seasonally adjusted"
confianza_empresarial,2021-06,4.45224661877506,"balance, seasonally adjusted"
confianza_empresarial,2021-07,14.5852717782684,"balance, seasonally adjusted"
confianza_empresarial,2021-08,14.4401449069588,"balance, seasonally adjusted"
confianza_empresarial,2021-09,16.3942839227471,"balance, seasonally adjusted"
confianza_empresarial,2021-10,15.7118890338201,"balance, seasonally adjusted"
confianza_empresarial,2021-11,20.10994892253,"balance, seasonally adjusted"
confianza_empresarial,2021-12,13.1690597964799,"balance, seasonally adjusted"
confianza_empresarial,2022-01,11.5637307846045,"balance, seasonally adjusted"
confianza_empresarial,2022-02,13.1845322881889,"balance, seasonally adjusted"
confianza_empresarial,2022-03,11.0132718490726,"balance, seasonally adjusted"
confianza_empresarial,2022-04,12.8372464914002,"balance, seasonally adjusted"
confianza_empresarial,2022-05,16.2291396970986,"balance, seasonally adjusted"
confianza_empresarial,2022-06,10.4185553550062,"balance, seasonally adjusted"
confianza_empresarial,2022-07,8.74947261210971,"balance, seasonally adjusted"
confianza_empresarial,2022-08,5.24773184448548,"balance, seasonally adjusted"
confianza_empresarial,2022-09,3.19344958090569,"balance, seasonally adjusted"
confianza_empresarial,2022-10,2.78744548665478,"balance, seasonally adjusted"
confianza_empresarial,2022-11,4.34279543926467,"balance, seasonally adjusted"
confianza_empresarial,2022-12,0.887844020492385,"balance, seasonally adjusted"
confianza_empresarial,2023-01,1.90995767732425,"balance, seasonally adjusted"
confianza_empresarial,2023-02,1.94644194024562,"balance, seasonally adjusted"
confianza_empresarial,2023-03,0.573388518346813,"balance, seasonally adjusted"
confianza_empresarial,2023-04,-2.2205781833351,"balance, seasonally adjusted"
confianza_empresarial,2023-05,-2.88838614862132,"balance, seasonally adjusted"
confianza_empresarial,2023-06,-2.97965298941196,"balance, seasonally adjusted"
confianza_empresarial,2023-07,-1.11654075664458,"balance, seasonally adjusted"
confianza_empresarial,2023-08,1.84495032734106,"balance, seasonally adjusted"
confianza_empresarial,2023-09,-1.91616301036686,"balance, seasonally adjusted"
confianza_empresarial,2023-10,-1.64497475053949,"balance, seasonally adjusted"
confianza_empresarial,2023-11,-3.44636915980869,"balance, seasonally adjusted"
confianza_empresarial,2023-12,-1.5841053073369,"balance, seasonally adjusted"
confianza_empresarial,2024-01,-2.21741102522048,"balance, seasonally adjusted"
confianza_empresarial,2024-02,-3.22934704286835,"balance, seasonally adjusted"
confianza_empresarial,2024-03,-1.55928900443723,"balance, seasonally adjusted"
confianza_empresarial,2024-04,-3.41157252793879,"balance, seasonally adjusted"
confianza_empresarial,2024-05,-3.92491974514357,"balance, seasonally adjusted"
confianza_empresarial,2024-06,-1.85175551526897,"balance, seasonally adjusted"
confianza_empresarial,2024-07,-3.69730631550392,"balance, seasonally adjusted"
confianza_empresarial,2024-08,-2.70740845555211,"balance, seasonally adjusted"
confianza_empresarial,2024-09,-2.40586071966644,"balance, seasonally adjusted"
confianza_empresarial,2024-10,-0.544641095149023,"balance, seasonally adjusted"
confianza_empresarial,2024-11,1.25010053403315,"balance, seasonally adjusted"
confianza_empresarial,2024-12,1.3645330746118,"balance, seasonally adjusted"
confianza_empresarial,2025-01,0.393317963303901,"balance, seasonally adjusted"
confianza_empresarial,2025-02,-2.04881572308042,"balance, seasonally adjusted"
confianza_empresarial,2025-03,1.72070899108665,"balance, seasonally adjusted"
confianza_empresarial,2025-04,2.99858780895662,"balance, seasonally adjusted"
confianza_empresarial,2025-05,9.02026342097845,"balance, seasonally adjusted"
confianza_empresarial,2025-06,2.68372884267435,"balance, seasonally adjusted"
confianza_empresarial,2025-07,4.1442287419262,"balance, seasonally adjusted"
confianza_empresarial,2025-08,3.44333619540662,"balance, seasonally adjusted"
confianza_empresarial,2025-09,4.48785564580433,"balance, seasonally adjusted"
confianza_empresarial,2025-10,4.60511781900836,"balance, seasonally adjusted"
confianza_empresarial,2025-11,0.936313179772034,"balance, seasonally adjusted"
confianza_empresarial,2025-12,0.103361095751783,"balance, seasonally adjusted"
confianza_empresarial,2026-01,-1.7396407949405,"balance, seasonally adjusted"
confianza_empresarial,2026-02,-0.831418872145163,"balance, seasonally adjusted"
confianza_empresarial,2026-03,-2.86011112643093,"balance, seasonally adjusted"
confianza_empresarial,2026-04,0.676867138818923,"balance, seasonally adjusted"
confianza_empresarial,2026-05,0.334820977606011,"balance, seasonally adjusted"
confianza_empresarial,2026-06,-0.0737912372433471,"balance, seasonally adjusted"
construccion,1986-01,21.73320788,"index (2015=100), seasonally adjusted"
construccion,1986-02,36.36879198,"index (2015=100), seasonally adjusted"
construccion,1986-03,33.37265246,"index (2015=100), seasonally adjusted"
construccion,1986-04,39.87148314,"index (2015=100), seasonally adjusted"
construccion,1986-05,28.63504371,"index (2015=100), seasonally adjusted"
construccion,1986-06,25.694683870000002,"index (2015=100), seasonally adjusted"
construccion,1986-07,51.43663762,"index (2015=100), seasonally adjusted"
construccion,1986-08,40.34151087,"index (2015=100), seasonally adjusted"
construccion,1986-09,45.1726034,"index (2015=100), seasonally adjusted"
construccion,1986-10,43.42554379,"index (2015=100), seasonally adjusted"
construccion,1986-11,47.79406243,"index (2015=100), seasonally adjusted"
construccion,1986-12,38.03739976,"index (2015=100), seasonally adjusted"
construccion,1987-01,29.694733569999997,"index (2015=100), seasonally adjusted"
construccion,1987-02,39.46866434,"index (2015=100), seasonally adjusted"
construccion,1987-03,46.32267126,"index (2015=100), seasonally adjusted"
construccion,1987-04,38.769057839999995,"index (2015=100), seasonally adjusted"
construccion,1987-05,47.64219011,"index (2015=100), seasonally adjusted"
construccion,1987-06,45.79959691,"index (2015=100), seasonally adjusted"
construccion,1987-07,47.12060654,"index (2015=100), seasonally adjusted"
construccion,1987-08,40.04714568,"index (2015=100), seasonally adjusted"
construccion,1987-09,58.309341290000006,"index (2015=100), seasonally adjusted"
construccion,1987-10,43.87799284,"index (2015=100), seasonally adjusted"
construccion,1987-11,35.36233508,"index (2015=100), seasonally adjusted"
construccion,1987-12,37.52215196,"index (2015=100), seasonally adjusted"
construccion,1988-01,34.88882888,"index (2015=100), seasonally adjusted"
construccion,1988-02,41.366912989999996,"index (2015=100), seasonally adjusted"
construccion,1988-03,40.79048147,"index (2015=100), seasonally adjusted"
construccion,1988-04,39.03205472,"index (2015=100), seasonally adjusted"
construccion,1988-05,42.336659659999995,"index (2015=100), seasonally adjusted"
construccion,1988-06,36.719247440000004,"index (2015=100), seasonally adjusted"
construccion,1988-07,34.521664359999995,"index (2015=100), seasonally adjusted"
construccion,1988-08,34.72161404,"index (2015=100), seasonally adjusted"
construccion,1988-09,40.90092276,"index (2015=100), seasonally adjusted"
construccion,1988-10,38.49519075,"index (2015=100), seasonally adjusted"
construccion,1988-11,41.227774350000004,"index (2015=100), seasonally adjusted"
construccion,1988-12,38.55308236,"index (2015=100), seasonally adjusted"
construccion,1989-01,41.00943848,"index (2015=100), seasonally adjusted"
construccion,1989-02,31.329302069999997,"index (2015=100), seasonally adjusted"
construccion,1989-03,29.654606979999997,"index (2015=100), seasonally adjusted"
construccion,1989-04,34.92311662,"index (2015=100), seasonally adjusted"
construccion,1989-05,36.70645166,"index (2015=100), seasonally adjusted"
construccion,1989-06,38.258903509999996,"index (2015=100), seasonally adjusted"
construccion,1989-07,39.1921884,"index (2015=100), seasonally adjusted"
construccion,1989-08,38.46394667,"index (2015=100), seasonally adjusted"
construccion,1989-09,36.02063479,"index (2015=100), seasonally adjusted"
construccion,1989-10,39.55065675,"index (2015=100), seasonally adjusted"
construccion,1989-11,32.95703787,"index (2015=100), seasonally adjusted"
construccion,1989-12,34.08915436,"index (2015=100), seasonally adjusted"
construccion,1990-01,25.78605572,"index (2015=100), seasonally adjusted"
construccion,1990-02,37.72676031,"index (2015=100), seasonally adjusted"
construccion,1990-03,31.048974969999996,"index (2015=100), seasonally adjusted"
construccion,1990-04,24.29143337,"index (2015=100), seasonally adjusted"
construccion,1990-05,40.56525078,"index (2015=100), seasonally adjusted"
construccion,1990-06,36.57725149,"index (2015=100), seasonally adjusted"
construccion,1990-07,31.82473503,"index (2015=100), seasonally adjusted"
construccion,1990-08,31.90337321,"index (2015=100), seasonally adjusted"
construccion,1990-09,32.89622683,"index (2015=100), seasonally adjusted"
construccion,1990-10,32.28140794,"index (2015=100), seasonally adjusted"
construccion,1990-11,26.55175308,"index (2015=100), seasonally adjusted"
construccion,1990-12,26.22900112,"index (2015=100), seasonally adjusted"
construccion,1991-01,23.2401291,"index (2015=100), seasonally adjusted"
construccion,1991-02,36.65054774,"index (2015=100), seasonally adjusted"
construccion,1991-03,28.04227581,"index (2015=100), seasonally adjusted"
construccion,1991-04,46.65884016,"index (2015=100), seasonally adjusted"
construccion,1991-05,52.78100266,"index (2015=100), seasonally adjusted"
construccion,1991-06,42.18752042,"index (2015=100), seasonally adjusted"
construccion,1991-07,44.62381325,"index (2015=100), seasonally adjusted"
construccion,1991-08,54.919824510000005,"index (2015=100), seasonally adjusted"
construccion,1991-09,43.155838429999996,"index (2015=100), seasonally adjusted"
construccion,1991-10,50.943627160000005,"index (2015=100), seasonally adjusted"
construccion,1991-11,49.6537995,"index (2015=100), seasonally adjusted"
construccion,1991-12,46.8067992,"index (2015=100), seasonally adjusted"
construccion,1992-01,53.62459281,"index (2015=100), seasonally adjusted"
construccion,1992-02,55.343141419999995,"index (2015=100), seasonally adjusted"
construccion,1992-03,52.38793598,"index (2015=100), seasonally adjusted"
construccion,1992-04,51.217929059999996,"index (2015=100), seasonally adjusted"
construccion,1992-05,65.31037552,"index (2015=100), seasonally adjusted"
construccion,1992-06,59.6796706,"index (2015=100), seasonally adjusted"
construccion,1992-07,53.238483069999994,"index (2015=100), seasonally adjusted"
construccion,1992-08,57.62389712,"index (2015=100), seasonally adjusted"
construccion,1992-09,62.772648139999994,"index (2015=100), seasonally adjusted"
construccion,1992-10,58.974846400000004,"index (2015=100), seasonally adjusted"
construccion,1992-11,71.51788465999999,"index (2015=100), seasonally adjusted"
construccion,1992-12,80.77016975,"index (2015=100), seasonally adjusted"
construccion,1993-01,48.29725982,"index (2015=100), seasonally adjusted"
construccion,1993-02,46.035138759999995,"index (2015=100), seasonally adjusted"
construccion,1993-03,52.0843777,"index (2015=100), seasonally adjusted"
construccion,1993-04,69.04997507,"index (2015=100), seasonally adjusted"
construccion,1993-05,49.28601382,"index (2015=100), seasonally adjusted"
construccion,1993-06,54.47955009,"index (2015=100), seasonally adjusted"
construccion,1993-07,48.75045427,"index (2015=100), seasonally adjusted"
construccion,1993-08,51.12649509,"index (2015=100), seasonally adjusted"
construccion,1993-09,46.713563889999996,"index (2015=100), seasonally adjusted"
construccion,1993-10,44.908799009999996,"index (2015=100), seasonally adjusted"
construccion,1993-11,67.68144711000001,"index (2015=100), seasonally adjusted"
construccion,1993-12,80.90725857999999,"index (2015=100), seasonally adjusted"
construccion,1994-01,32.10543482,"index (2015=100), seasonally adjusted"
construccion,1994-02,47.30260486,"index (2015=100), seasonally adjusted"
construccion,1994-03,44.19695576,"index (2015=100), seasonally adjusted"
construccion,1994-04,52.200719969999994,"index (2015=100), seasonally adjusted"
construccion,1994-05,57.66694314,"index (2015=100), seasonally adjusted"
construccion,1994-06,74.2309019,"index (2015=100), seasonally adjusted"
construccion,1994-07,51.533227169999996,"index (2015=100), seasonally adjusted"
construccion,1994-08,77.91515656,"index (2015=100), seasonally adjusted"
construccion,1994-09,83.03614196,"index (2015=100), seasonally adjusted"
construccion,1994-10,66.85139812999999,"index (2015=100), seasonally adjusted"
construccion,1994-11,75.85068692,"index (2015=100), seasonally adjusted"
construccion,1994-12,99.89837919,"index (2015=100), seasonally adjusted"
construccion,1995-01,58.92254517999999,"index (2015=100), seasonally adjusted"
construccion,1995-02,57.250086239999995,"index (2015=100), seasonally adjusted"
construccion,1995-03,46.140051789999994,"index (2015=100), seasonally adjusted"
construccion,1995-04,45.443116249999996,"index (2015=100), seasonally adjusted"
construccion,1995-05,72.00542895999999,"index (2015=100), seasonally adjusted"
construccion,1995-06,46.47777358,"index (2015=100), seasonally adjusted"
construccion,1995-07,54.08269436999999,"index (2015=100), seasonally adjusted"
construccion,1995-08,57.78924849,"index (2015=100), seasonally adjusted"
construccion,1995-09,52.41303063,"index (2015=100), seasonally adjusted"
construccion,1995-10,47.90295084,"index (2015=100), seasonally adjusted"
construccion,1995-11,49.26458398,"index (2015=100), seasonally adjusted"
construccion,1995-12,51.66820407,"index (2015=100), seasonally adjusted"
construccion,1996-01,46.55802676,"index (2015=100), seasonally adjusted"
construccion,1996-02,37.35568251,"index (2015=100), seasonally adjusted"
construccion,1996-03,36.16555018,"index (2015=100), seasonally adjusted"
construccion,1996-04,36.37829565,"index (2015=100), seasonally adjusted"
construccion,1996-05,47.11588577,"index (2015=100), seasonally adjusted"
construccion,1996-06,26.4273358,"index (2015=100), seasonally adjusted"
construccion,1996-07,30.39918507,"index (2015=100), seasonally adjusted"
construccion,1996-08,34.80863781,"index (2015=100), seasonally adjusted"
construccion,1996-09,41.296349819999996,"index (2015=100), seasonally adjusted"
construccion,1996-10,31.59521838,"index (2015=100), seasonally adjusted"
construccion,1996-11,43.58145361,"index (2015=100), seasonally adjusted"
construccion,1996-12,60.518602089999995,"index (2015=100), seasonally adjusted"
construccion,1997-01,35.86727171,"index (2015=100), seasonally adjusted"
construccion,1997-02,22.46430692,"index (2015=100), seasonally adjusted"
construccion,1997-03,43.40653645,"index (2015=100), seasonally adjusted"
construccion,1997-04,41.45455792,"index (2015=100), seasonally adjusted"
construccion,1997-05,64.55598318,"index (2015=100), seasonally adjusted"
construccion,1997-06,30.7627469,"index (2015=100), seasonally adjusted"
construccion,1997-07,56.358170259999994,"index (2015=100), seasonally adjusted"
construccion,1997-08,33.82559844,"index (2015=100), seasonally adjusted"
construccion,1997-09,56.82335299,"index (2015=100), seasonally adjusted"
construccion,1997-10,51.31079168,"index (2015=100), seasonally adjusted"
construccion,1997-11,58.56618874,"index (2015=100), seasonally adjusted"
construccion,1997-12,61.70736788999999,"index (2015=100), seasonally adjusted"
construccion,1998-01,53.522785559999996,"index (2015=100), seasonally adjusted"
construccion,1998-02,41.91477141,"index (2015=100), seasonally adjusted"
construccion,1998-03,50.27302858,"index (2015=100), seasonally adjusted"
construccion,1998-04,32.63602514,"index (2015=100), seasonally adjusted"
construccion,1998-05,57.4969331,"index (2015=100), seasonally adjusted"
construccion,1998-06,51.84063661,"index (2015=100), seasonally adjusted"
construccion,1998-07,39.864029280000004,"index (2015=100), seasonally adjusted"
construccion,1998-08,43.126768389999995,"index (2015=100), seasonally adjusted"
construccion,1998-09,36.718067250000004,"index (2015=100), seasonally adjusted"
construccion,1998-10,24.335349,"index (2015=100), seasonally adjusted"
construccion,1998-11,32.21438535,"index (2015=100), seasonally adjusted"
construccion,1998-12,30.461548999999998,"index (2015=100), seasonally adjusted"
construccion,1999-01,23.99427298,"index (2015=100), seasonally adjusted"
construccion,1999-02,33.40669173,"index (2015=100), seasonally adjusted"
construccion,1999-03,29.712498590000003,"index (2015=100), seasonally adjusted"
construccion,1999-04,30.043077099999998,"index (2015=100), seasonally adjusted"
construccion,1999-05,17.97807947,"index (2015=100), seasonally adjusted"
construccion,1999-06,31.355763260000003,"index (2015=100), seasonally adjusted"
construccion,1999-07,30.03344921,"index (2015=100), seasonally adjusted"
construccion,1999-08,21.07329316,"index (2015=100), seasonally adjusted"
construccion,1999-09,37.99155854,"index (2015=100), seasonally adjusted"
construccion,1999-10,38.42624257999999,"index (2015=100), seasonally adjusted"
construccion,1999-11,22.632826180000002,"index (2015=100), seasonally adjusted"
construccion,1999-12,24.52424214,"index (2015=100), seasonally adjusted"
construccion,2000-01,16.35500233,"index (2015=100), seasonally adjusted"
construccion,2000-02,21.33256312,"index (2015=100), seasonally adjusted"
construccion,2000-03,26.15999083,"index (2015=100), seasonally adjusted"
construccion,2000-04,21.84395976,"index (2015=100), seasonally adjusted"
construccion,2000-05,27.68629208,"index (2015=100), seasonally adjusted"
construccion,2000-06,40.24957998,"index (2015=100), seasonally adjusted"
construccion,2000-07,23.99768933,"index (2015=100), seasonally adjusted"
construccion,2000-08,26.165767569999996,"index (2015=100), seasonally adjusted"
construccion,2000-09,36.46749346,"index (2015=100), seasonally adjusted"
construccion,2000-10,36.20878254,"index (2015=100), seasonally adjusted"
construccion,2000-11,33.28680888,"index (2015=100), seasonally adjusted"
construccion,2000-12,48.83716746,"index (2015=100), seasonally adjusted"
construccion,2001-01,23.13937781,"index (2015=100), seasonally adjusted"
construccion,2001-02,27.75169966,"index (2015=100), seasonally adjusted"
construccion,2001-03,30.88629456,"index (2015=100), seasonally adjusted"
construccion,2001-04,26.145704269999996,"index (2015=100), seasonally adjusted"
construccion,2001-05,28.17271829,"index (2015=100), seasonally adjusted"
construccion,2001-06,24.62946574,"index (2015=100), seasonally adjusted"
construccion,2001-07,35.647196609999995,"index (2015=100), seasonally adjusted"
construccion,2001-08,30.24128756,"index (2015=100), seasonally adjusted"
construccion,2001-09,23.05452808,"index (2015=100), seasonally adjusted"
construccion,2001-10,36.86385225,"index (2015=100), seasonally adjusted"
construccion,2001-11,67.28347330999999,"index (2015=100), seasonally adjusted"
construccion,2001-12,46.1943407,"index (2015=100), seasonally adjusted"
construccion,2002-01,43.96594834,"index (2015=100), seasonally adjusted"
construccion,2002-02,34.102012259999995,"index (2015=100), seasonally adjusted"
construccion,2002-03,46.77654897,"index (2015=100), seasonally adjusted"
construccion,2002-04,35.54209724,"index (2015=100), seasonally adjusted"
construccion,2002-05,43.920479820000004,"index (2015=100), seasonally adjusted"
construccion,2002-06,50.84386972,"index (2015=100), seasonally adjusted"
construccion,2002-07,43.237830849999995,"index (2015=100), seasonally adjusted"
construccion,2002-08,39.98968887,"index (2015=100), seasonally adjusted"
construccion,2002-09,53.13804236,"index (2015=100), seasonally adjusted"
construccion,2002-10,43.24199258,"index (2015=100), seasonally adjusted"
construccion,2002-11,44.89146879,"index (2015=100), seasonally adjusted"
construccion,2002-12,50.39589297,"index (2015=100), seasonally adjusted"
construccion,2003-01,45.77922304,"index (2015=100), seasonally adjusted"
construccion,2003-02,41.682211099999996,"index (2015=100), seasonally adjusted"
construccion,2003-03,40.53537324,"index (2015=100), seasonally adjusted"
construccion,2003-04,51.9992174,"index (2015=100), seasonally adjusted"
construccion,2003-05,61.75215314,"index (2015=100), seasonally adjusted"
construccion,2003-06,37.50171598,"index (2015=100), seasonally adjusted"
construccion,2003-07,58.71296759,"index (2015=100), seasonally adjusted"
construccion,2003-08,52.42408719,"index (2015=100), seasonally adjusted"
construccion,2003-09,49.54832743,"index (2015=100), seasonally adjusted"
construccion,2003-10,65.51746849,"index (2015=100), seasonally adjusted"
construccion,2003-11,56.86062227000001,"index (2015=100), seasonally adjusted"
construccion,2003-12,62.815010879999996,"index (2015=100), seasonally adjusted"
construccion,2004-01,43.7782354,"index (2015=100), seasonally adjusted"
construccion,2004-02,39.90483914,"index (2015=100), seasonally adjusted"
construccion,2004-03,53.40445559,"index (2015=100), seasonally adjusted"
construccion,2004-04,52.642547279999995,"index (2015=100), seasonally adjusted"
construccion,2004-05,48.16632042,"index (2015=100), seasonally adjusted"
construccion,2004-06,45.289939509999996,"index (2015=100), seasonally adjusted"
construccion,2004-07,47.63858742,"index (2015=100), seasonally adjusted"
construccion,2004-08,47.838537099999996,"index (2015=100), seasonally adjusted"
construccion,2004-09,56.622720029999996,"index (2015=100), seasonally adjusted"
construccion,2004-10,45.59703838,"index (2015=100), seasonally adjusted"
construccion,2004-11,45.94227614,"index (2015=100), seasonally adjusted"
construccion,2004-12,47.32819643,"index (2015=100), seasonally adjusted"
construccion,2005-01,46.24254231,"index (2015=100), seasonally adjusted"
construccion,2005-02,53.08083401,"index (2015=100), seasonally adjusted"
construccion,2005-03,55.97218475,"index (2015=100), seasonally adjusted"
construccion,2005-04,43.57977649,"index (2015=100), seasonally adjusted"
construccion,2005-05,56.42910612000001,"index (2015=100), seasonally adjusted"
construccion,2005-06,69.4292521,"index (2015=100), seasonally adjusted"
construccion,2005-07,46.39677501,"index (2015=100), seasonally adjusted"
construccion,2005-08,47.10836979,"index (2015=100), seasonally adjusted"
construccion,2005-09,49.18482772,"index (2015=100), seasonally adjusted"
construccion,2005-10,47.188374509999996,"index (2015=100), seasonally adjusted"
construccion,2005-11,53.26103098,"index (2015=100), seasonally adjusted"
construccion,2005-12,46.780772819999996,"index (2015=100), seasonally adjusted"
construccion,2006-01,64.00557803,"index (2015=100), seasonally adjusted"
construccion,2006-02,56.81881856,"index (2015=100), seasonally adjusted"
construccion,2006-03,57.245365469999996,"index (2015=100), seasonally adjusted"
construccion,2006-04,40.65432436,"index (2015=100), seasonally adjusted"
construccion,2006-05,65.08800215,"index (2015=100), seasonally adjusted"
construccion,2006-06,53.81702652,"index (2015=100), seasonally adjusted"
construccion,2006-07,61.53891074,"index (2015=100), seasonally adjusted"
construccion,2006-08,65.96811619,"index (2015=100), seasonally adjusted"
construccion,2006-09,64.52088794000001,"index (2015=100), seasonally adjusted"
construccion,2006-10,72.13077797,"index (2015=100), seasonally adjusted"
construccion,2006-11,65.3978341,"index (2015=100), seasonally adjusted"
construccion,2006-12,82.69282978,"index (2015=100), seasonally adjusted"
construccion,2007-01,67.24968249999999,"index (2015=100), seasonally adjusted"
construccion,2007-02,81.07938054,"index (2015=100), seasonally adjusted"
construccion,2007-03,77.24660779,"index (2015=100), seasonally adjusted"
construccion,2007-04,58.06087942,"index (2015=100), seasonally adjusted"
construccion,2007-05,62.937626820000006,"index (2015=100), seasonally adjusted"
construccion,2007-06,69.31943196,"index (2015=100), seasonally adjusted"
construccion,2007-07,78.32667153,"index (2015=100), seasonally adjusted"
construccion,2007-08,72.10531062999999,"index (2015=100), seasonally adjusted"
construccion,2007-09,79.57624836,"index (2015=100), seasonally adjusted"
construccion,2007-10,80.02310702999999,"index (2015=100), seasonally adjusted"
construccion,2007-11,55.57793787999999,"index (2015=100), seasonally adjusted"
construccion,2007-12,86.87754876,"index (2015=100), seasonally adjusted"
construccion,2008-01,73.72938162,"index (2015=100), seasonally adjusted"
construccion,2008-02,60.21920554,"index (2015=100), seasonally adjusted"
construccion,2008-03,46.76841185,"index (2015=100), seasonally adjusted"
construccion,2008-04,58.30337821,"index (2015=100), seasonally adjusted"
construccion,2008-05,65.18484016,"index (2015=100), seasonally adjusted"
construccion,2008-06,50.39104797,"index (2015=100), seasonally adjusted"
construccion,2008-07,89.3468249,"index (2015=100), seasonally adjusted"
construccion,2008-08,53.97455135,"index (2015=100), seasonally adjusted"
construccion,2008-09,83.78183813999999,"index (2015=100), seasonally adjusted"
construccion,2008-10,61.341135099999995,"index (2015=100), seasonally adjusted"
construccion,2008-11,49.50596469,"index (2015=100), seasonally adjusted"
construccion,2008-12,52.9848035,"index (2015=100), seasonally adjusted"
construccion,2009-01,42.12699226,"index (2015=100), seasonally adjusted"
construccion,2009-02,43.04325934,"index (2015=100), seasonally adjusted"
construccion,2009-03,41.57313023,"index (2015=100), seasonally adjusted"
construccion,2009-04,48.24673944,"index (2015=100), seasonally adjusted"
construccion,2009-05,44.39769389,"index (2015=100), seasonally adjusted"
construccion,2009-06,41.66511886,"index (2015=100), seasonally adjusted"
construccion,2009-07,58.72536030999999,"index (2015=100), seasonally adjusted"
construccion,2009-08,57.06920304999999,"index (2015=100), seasonally adjusted"
construccion,2009-09,53.48954846,"index (2015=100), seasonally adjusted"
construccion,2009-10,52.24749083,"index (2015=100), seasonally adjusted"
construccion,2009-11,57.67210557,"index (2015=100), seasonally adjusted"
construccion,2009-12,65.70364792,"index (2015=100), seasonally adjusted"
construccion,2010-01,41.635561859999996,"index (2015=100), seasonally adjusted"
construccion,2010-02,48.0914747,"index (2015=100), seasonally adjusted"
construccion,2010-03,62.164528649999994,"index (2015=100), seasonally adjusted"
construccion,2010-04,62.74450942000001,"index (2015=100), seasonally adjusted"
construccion,2010-05,64.67289271,"index (2015=100), seasonally adjusted"
construccion,2010-06,63.43771161,"index (2015=100), seasonally adjusted"
construccion,2010-07,70.26260441999999,"index (2015=100), seasonally adjusted"
construccion,2010-08,75.9358599,"index (2015=100), seasonally adjusted"
construccion,2010-09,80.3683848,"index (2015=100), seasonally adjusted"
construccion,2010-10,63.18665805,"index (2015=100), seasonally adjusted"
construccion,2010-11,106.72170970999998,"index (2015=100), seasonally adjusted"
construccion,2010-12,122.42365609999999,"index (2015=100), seasonally adjusted"
construccion,2011-01,85.46425329,"index (2015=100), seasonally adjusted"
construccion,2011-02,80.37393428,"index (2015=100), seasonally adjusted"
construccion,2011-03,107.51866301,"index (2015=100), seasonally adjusted"
construccion,2011-04,97.15139363,"index (2015=100), seasonally adjusted"
construccion,2011-05,155.69549109,"index (2015=100), seasonally adjusted"
construccion,2011-06,140.0242478,"index (2015=100), seasonally adjusted"
construccion,2011-07,87.56310205999999,"index (2015=100), seasonally adjusted"
construccion,2011-08,96.9692863,"index (2015=100), seasonally adjusted"
construccion,2011-09,86.35361746,"index (2015=100), seasonally adjusted"
construccion,2011-10,75.71743968,"index (2015=100), seasonally adjusted"
construccion,2011-11,81.83845359,"index (2015=100), seasonally adjusted"
construccion,2011-12,126.83271635999999,"index (2015=100), seasonally adjusted"
construccion,2012-01,70.00732843,"index (2015=100), seasonally adjusted"
construccion,2012-02,73.13572601,"index (2015=100), seasonally adjusted"
construccion,2012-03,62.275699169999996,"index (2015=100), seasonally adjusted"
construccion,2012-04,63.98777344999999,"index (2015=100), seasonally adjusted"
construccion,2012-05,92.35006972000001,"index (2015=100), seasonally adjusted"
construccion,2012-06,94.79521798,"index (2015=100), seasonally adjusted"
construccion,2012-07,84.53230291,"index (2015=100), seasonally adjusted"
construccion,2012-08,81.10670666,"index (2015=100), seasonally adjusted"
construccion,2012-09,90.65349778,"index (2015=100), seasonally adjusted"
construccion,2012-10,73.38611604,"index (2015=100), seasonally adjusted"
construccion,2012-11,74.04384981999999,"index (2015=100), seasonally adjusted"
construccion,2012-12,119.26853658,"index (2015=100), seasonally adjusted"
construccion,2013-01,79.45440991,"index (2015=100), seasonally adjusted"
construccion,2013-02,99.12290601,"index (2015=100), seasonally adjusted"
construccion,2013-03,83.53695578,"index (2015=100), seasonally adjusted"
construccion,2013-04,88.34750871,"index (2015=100), seasonally adjusted"
construccion,2013-05,111.2918858,"index (2015=100), seasonally adjusted"
construccion,2013-06,82.08323383,"index (2015=100), seasonally adjusted"
construccion,2013-07,81.63438963,"index (2015=100), seasonally adjusted"
construccion,2013-08,107.93312456999999,"index (2015=100), seasonally adjusted"
construccion,2013-09,87.32549996,"index (2015=100), seasonally adjusted"
construccion,2013-10,98.83330771,"index (2015=100), seasonally adjusted"
construccion,2013-11,93.98607996,"index (2015=100), seasonally adjusted"
construccion,2013-12,84.70560346,"index (2015=100), seasonally adjusted"
construccion,2014-01,78.85223122000001,"index (2015=100), seasonally adjusted"
construccion,2014-02,108.56335224,"index (2015=100), seasonally adjusted"
construccion,2014-03,103.02225879,"index (2015=100), seasonally adjusted"
construccion,2014-04,89.58244853000001,"index (2015=100), seasonally adjusted"
construccion,2014-05,86.8265295,"index (2015=100), seasonally adjusted"
construccion,2014-06,66.96066501,"index (2015=100), seasonally adjusted"
construccion,2014-07,122.53355989,"index (2015=100), seasonally adjusted"
construccion,2014-08,71.70733863,"index (2015=100), seasonally adjusted"
construccion,2014-09,70.47740541,"index (2015=100), seasonally adjusted"
construccion,2014-10,110.60531886,"index (2015=100), seasonally adjusted"
construccion,2014-11,70.17694943,"index (2015=100), seasonally adjusted"
construccion,2014-12,112.91794318,"index (2015=100), seasonally adjusted"
construccion,2015-01,83.4831261,"index (2015=100), seasonally adjusted"
construccion,2015-02,98.3615095,"index (2015=100), seasonally adjusted"
construccion,2015-03,87.58985697,"index (2015=100), seasonally adjusted"
construccion,2015-04,106.51874844,"index (2015=100), seasonally adjusted"
construccion,2015-05,70.84332351,"index (2015=100), seasonally adjusted"
construccion,2015-06,111.35726756999999,"index (2015=100), seasonally adjusted"
construccion,2015-07,94.16315431,"index (2015=100), seasonally adjusted"
construccion,2015-08,83.55256546999999,"index (2015=100), seasonally adjusted"
construccion,2015-09,100.99176197999999,"index (2015=100), seasonally adjusted"
construccion,2015-10,87.47620506,"index (2015=100), seasonally adjusted"
construccion,2015-11,84.91434302,"index (2015=100), seasonally adjusted"
construccion,2015-12,190.74813806999998,"index (2015=100), seasonally adjusted"
construccion,2016-01,61.18385487,"index (2015=100), seasonally adjusted"
construccion,2016-02,67.78269372999999,"index (2015=100), seasonally adjusted"
construccion,2016-03,77.50163688,"index (2015=100), seasonally adjusted"
construccion,2016-04,70.97464995,"index (2015=100), seasonally adjusted"
construccion,2016-05,99.70975581,"index (2015=100), seasonally adjusted"
construccion,2016-06,75.05961545999999,"index (2015=100), seasonally adjusted"
construccion,2016-07,68.40041049999999,"index (2015=100), seasonally adjusted"
construccion,2016-08,83.78889013,"index (2015=100), seasonally adjusted"
construccion,2016-09,91.07116142,"index (2015=100), seasonally adjusted"
construccion,2016-10,80.43838765,"index (2015=100), seasonally adjusted"
construccion,2016-11,86.92116204999999,"index (2015=100), seasonally adjusted"
construccion,2016-12,110.79708479000001,"index (2015=100), seasonally adjusted"
construccion,2017-01,62.15616351999999,"index (2015=100), seasonally adjusted"
construccion,2017-02,83.44153589,"index (2015=100), seasonally adjusted"
construccion,2017-03,75.44599000999999,"index (2015=100), seasonally adjusted"
construccion,2017-04,68.62944506999999,"index (2015=100), seasonally adjusted"
construccion,2017-05,76.01608522,"index (2015=100), seasonally adjusted"
construccion,2017-06,75.0606644,"index (2015=100), seasonally adjusted"
construccion,2017-07,72.97926622,"index (2015=100), seasonally adjusted"
construccion,2017-08,89.23694435,"index (2015=100), seasonally adjusted"
construccion,2017-09,85.46277775,"index (2015=100), seasonally adjusted"
construccion,2017-10,78.52518590999999,"index (2015=100), seasonally adjusted"
construccion,2017-11,76.97774719,"index (2015=100), seasonally adjusted"
construccion,2017-12,83.89320654,"index (2015=100), seasonally adjusted"
construccion,2018-01,67.18485424,"index (2015=100), seasonally adjusted"
construccion,2018-02,72.6920683,"index (2015=100), seasonally adjusted"
construccion,2018-03,56.789663850000004,"index (2015=100), seasonally adjusted"
construccion,2018-04,87.21140187,"index (2015=100), seasonally adjusted"
construccion,2018-05,73.10991085,"index (2015=100), seasonally adjusted"
construccion,2018-06,69.81400535,"index (2015=100), seasonally adjusted"
construccion,2018-07,71.24994247000001,"index (2015=100), seasonally adjusted"
construccion,2018-08,79.30616914000001,"index (2015=100), seasonally adjusted"
construccion,2018-09,74.45249292,"index (2015=100), seasonally adjusted"
construccion,2018-10,67.10948839000001,"index (2015=100), seasonally adjusted"
construccion,2018-11,78.29866879000001,"index (2015=100), seasonally adjusted"
construccion,2018-12,72.58350372,"index (2015=100), seasonally adjusted"
construccion,2019-01,68.90101388,"index (2015=100), seasonally adjusted"
construccion,2019-02,74.48044699,"index (2015=100), seasonally adjusted"
construccion,2019-03,85.0592007,"index (2015=100), seasonally adjusted"
construccion,2019-04,79.35819623,"index (2015=100), seasonally adjusted"
construccion,2019-05,90.91376899,"index (2015=100), seasonally adjusted"
construccion,2019-06,79.0161391,"index (2015=100), seasonally adjusted"
construccion,2019-07,92.69595897,"index (2015=100), seasonally adjusted"
construccion,2019-08,78.20578575,"index (2015=100), seasonally adjusted"
construccion,2019-09,74.76082684000001,"index (2015=100), seasonally adjusted"
construccion,2019-10,79.47263484,"index (2015=100), seasonally adjusted"
construccion,2019-11,91.20558221,"index (2015=100), seasonally adjusted"
construccion,2019-12,193.3783381,"index (2015=100), seasonally adjusted"
construccion,2020-01,79.19634583,"index (2015=100), seasonally adjusted"
construccion,2020-02,76.76365992000001,"index (2015=100), seasonally adjusted"
construccion,2020-03,47.2794584,"index (2015=100), seasonally adjusted"
construccion,2020-04,16.080093740000002,"index (2015=100), seasonally adjusted"
construccion,2020-05,42.77355599,"index (2015=100), seasonally adjusted"
construccion,2020-06,55.76915672,"index (2015=100), seasonally adjusted"
construccion,2020-07,61.662483099999996,"index (2015=100), seasonally adjusted"
construccion,2020-08,58.21558366,"index (2015=100), seasonally adjusted"
construccion,2020-09,84.29636402,"index (2015=100), seasonally adjusted"
construccion,2020-10,73.18669276,"index (2015=100), seasonally adjusted"
construccion,2020-11,75.17305759,"index (2015=100), seasonally adjusted"
construccion,2020-12,117.59700414000001,"index (2015=100), seasonally adjusted"
construccion,2021-01,67.41425594,"index (2015=100), seasonally adjusted"
construccion,2021-02,95.99794829,"index (2015=100), seasonally adjusted"
construccion,2021-03,94.31692792,"index (2015=100), seasonally adjusted"
construccion,2021-04,86.22886613,"index (2015=100), seasonally adjusted"
construccion,2021-05,86.20788746,"index (2015=100), seasonally adjusted"
construccion,2021-06,95.10493899,"index (2015=100), seasonally adjusted"
construccion,2021-07,85.0442534,"index (2015=100), seasonally adjusted"
construccion,2021-08,99.45418323,"index (2015=100), seasonally adjusted"
construccion,2021-09,89.00864404,"index (2015=100), seasonally adjusted"
construccion,2021-10,74.29599207999999,"index (2015=100), seasonally adjusted"
construccion,2021-11,85.46608189,"index (2015=100), seasonally adjusted"
construccion,2021-12,120.42776020999999,"index (2015=100), seasonally adjusted"
construccion,2022-01,74.63852122,"index (2015=100), seasonally adjusted"
construccion,2022-02,99.14784229,"index (2015=100), seasonally adjusted"
construccion,2022-03,102.51040748999999,"index (2015=100), seasonally adjusted"
construccion,2022-04,105.77133107,"index (2015=100), seasonally adjusted"
construccion,2022-05,93.47573592,"index (2015=100), seasonally adjusted"
construccion,2022-06,131.77218272,"index (2015=100), seasonally adjusted"
construccion,2022-07,181.98708073,"index (2015=100), seasonally adjusted"
construccion,2022-08,161.56345943,"index (2015=100), seasonally adjusted"
construccion,2022-09,137.63682076999999,"index (2015=100), seasonally adjusted"
construccion,2022-10,99.88356404,"index (2015=100), seasonally adjusted"
construccion,2022-11,117.58205684,"index (2015=100), seasonally adjusted"
construccion,2022-12,136.09856021,"index (2015=100), seasonally adjusted"
construccion,2023-01,88.80064057999999,"index (2015=100), seasonally adjusted"
construccion,2023-02,69.82680233,"index (2015=100), seasonally adjusted"
construccion,2023-03,71.13545140999999,"index (2015=100), seasonally adjusted"
construccion,2023-04,61.40281968,"index (2015=100), seasonally adjusted"
construccion,2023-05,87.4315205,"index (2015=100), seasonally adjusted"
construccion,2023-06,65.07471529,"index (2015=100), seasonally adjusted"
construccion,2023-07,57.75830121999999,"index (2015=100), seasonally adjusted"
construccion,2023-08,85.18659364,"index (2015=100), seasonally adjusted"
construccion,2023-09,88.05290853999999,"index (2015=100), seasonally adjusted"
construccion,2023-10,83.67314035,"index (2015=100), seasonally adjusted"
construccion,2023-11,103.11291472999999,"index (2015=100), seasonally adjusted"
construccion,2023-12,170.9891733,"index (2015=100), seasonally adjusted"
construccion,2024-01,61.12579642,"index (2015=100), seasonally adjusted"
construccion,2024-02,48.297448089999996,"index (2015=100), seasonally adjusted"
construccion,2024-03,49.16376203,"index (2015=100), seasonally adjusted"
construccion,2024-04,72.57149343,"index (2015=100), seasonally adjusted"
construccion,2024-05,64.18988768,"index (2015=100), seasonally adjusted"
construccion,2024-06,49.65046704,"index (2015=100), seasonally adjusted"
construccion,2024-07,58.530892980000004,"index (2015=100), seasonally adjusted"
construccion,2024-08,67.64953166,"index (2015=100), seasonally adjusted"
construccion,2024-09,77.89467216,"index (2015=100), seasonally adjusted"
construccion,2024-10,52.13638632000001,"index (2015=100), seasonally adjusted"
construccion,2024-11,77.88360591,"index (2015=100), seasonally adjusted"
construccion,2024-12,109.76294152999999,"index (2015=100), seasonally adjusted"
construccion,2025-01,68.70685633885,"index (2015=100), seasonally adjusted"
construccion,2025-02,83.78474684,"index (2015=100), seasonally adjusted"
construccion,2025-03,64.31638903,"index (2015=100), seasonally adjusted"
construccion,2025-04,75.86687447,"index (2015=100), seasonally adjusted"
construccion,2025-05,58.5194596123345,"index (2015=100), seasonally adjusted"
construccion,2025-06,78.13713306999999,"index (2015=100), seasonally adjusted"
construccion,2025-07,83.89147580000001,"index (2015=100), seasonally adjusted"
construccion,2025-08,59.43035322,"index (2015=100), seasonally adjusted"
construccion,2025-09,71.8824492,"index (2015=100), seasonally adjusted"
construccion,2025-10,69.81762417,"index (2015=100), seasonally adjusted"
construccion,2025-11,53.81850807,"index (2015=100), seasonally adjusted"
construccion,2025-12,70.67858855,"index (2015=100), seasonally adjusted"
construccion,2026-01,81.1925181866446,"index (2015=100), seasonally adjusted"
construccion,2026-02,80.1266971466265,"index (2015=100), seasonally adjusted"
construccion,2026-03,130.854943069369,"index (2015=100), seasonally adjusted"
construccion,2026-04,83.5210450311838,"index (2015=100), seasonally adjusted"
construccion,2026-05,76.1580058800575,"index (2015=100), seasonally adjusted"
desempleo,2007-01,11.6849102687842,"% of labour force, seasonally adjusted"
desempleo,2007-02,11.6427419800783,"% of labour force, seasonally adjusted"
desempleo,2007-03,11.8342787375418,"% of labour force, seasonally adjusted"
desempleo,2007-04,10.8520792304235,"% of labour force, seasonally adjusted"
desempleo,2007-05,11.7111631205723,"% of labour force, seasonally adjusted"
desempleo,2007-06,11.4343105028137,"% of labour force, seasonally adjusted"
desempleo,2007-07,10.9258210211267,"% of labour force, seasonally adjusted"
desempleo,2007-08,11.1567138654234,"% of labour force, seasonally adjusted"
desempleo,2007-09,11.378423461037,"% of labour force, seasonally adjusted"
desempleo,2007-10,11.4094340367387,"% of labour force, seasonally adjusted"
desempleo,2007-11,10.6995107152127,"% of labour force, seasonally adjusted"
desempleo,2007-12,10.6782527197453,"% of labour force, seasonally adjusted"
desempleo,2008-01,10.8639905187762,"% of labour force, seasonally adjusted"
desempleo,2008-02,10.9913169673587,"% of labour force, seasonally adjusted"
desempleo,2008-03,11.1384518891274,"% of labour force, seasonally adjusted"
desempleo,2008-04,11.0899371724635,"% of labour force, seasonally adjusted"
desempleo,2008-05,10.7936219540378,"% of labour force, seasonally adjusted"
desempleo,2008-06,11.6459203781961,"% of labour force, seasonally adjusted"
desempleo,2008-07,11.7338612389205,"% of labour force, seasonally adjusted"
desempleo,2008-08,11.703630383542,"% of labour force, seasonally adjusted"
desempleo,2008-09,11.5385081428086,"% of labour force, seasonally adjusted"
desempleo,2008-10,11.3543961473835,"% of labour force, seasonally adjusted"
desempleo,2008-11,12.2445435341477,"% of labour force, seasonally adjusted"
desempleo,2008-12,11.5536446916989,"% of labour force, seasonally adjusted"
desempleo,2009-01,11.8325018404759,"% of labour force, seasonally adjusted"
desempleo,2009-02,11.4859289848784,"% of labour force, seasonally adjusted"
desempleo,2009-03,11.9435017362477,"% of labour force, seasonally adjusted"
desempleo,2009-04,12.076278798804,"% of labour force, seasonally adjusted"
desempleo,2009-05,11.7121266052289,"% of labour force, seasonally adjusted"
desempleo,2009-06,11.8350250012936,"% of labour force, seasonally adjusted"
desempleo,2009-07,12.3275437593659,"% of labour force, seasonally adjusted"
desempleo,2009-08,12.2119730533317,"% of labour force, seasonally adjusted"
desempleo,2009-09,12.9809041118728,"% of labour force, seasonally adjusted"
desempleo,2009-10,13.0487008155483,"% of labour force, seasonally adjusted"
desempleo,2009-11,12.7721102899608,"% of labour force, seasonally adjusted"
desempleo,2009-12,12.0976928603626,"% of labour force, seasonally adjusted"
desempleo,2010-01,12.2121945180373,"% of labour force, seasonally adjusted"
desempleo,2010-02,11.4139017119895,"% of labour force, seasonally adjusted"
desempleo,2010-03,11.731688698863,"% of labour force, seasonally adjusted"
desempleo,2010-04,12.3825374870188,"% of labour force, seasonally adjusted"
desempleo,2010-05,12.2128739990322,"% of labour force, seasonally adjusted"
desempleo,2010-06,12.2546586650229,"% of labour force, seasonally adjusted"
desempleo,2010-07,12.350023627417,"% of labour force, seasonally adjusted"
desempleo,2010-08,11.662252684915,"% of labour force, seasonally adjusted"
desempleo,2010-09,11.3794288524711,"% of labour force, seasonally adjusted"
desempleo,2010-10,11.6287664202115,"% of labour force, seasonally adjusted"
desempleo,2010-11,12.2897415793034,"% of labour force, seasonally adjusted"
desempleo,2010-12,11.9538654745495,"% of labour force, seasonally adjusted"
desempleo,2011-01,11.3782266899434,"% of labour force, seasonally adjusted"
desempleo,2011-02,11.7341329512705,"% of labour force, seasonally adjusted"
desempleo,2011-03,10.7112088194885,"% of labour force, seasonally adjusted"
desempleo,2011-04,11.1820147958335,"% of labour force, seasonally adjusted"
desempleo,2011-05,11.4692523019765,"% of labour force, seasonally adjusted"
desempleo,2011-06,11.2865380408281,"% of labour force, seasonally adjusted"
desempleo,2011-07,11.2196626119139,"% of labour force, seasonally adjusted"
desempleo,2011-08,10.6490614620842,"% of labour force, seasonally adjusted"
desempleo,2011-09,10.3748616164095,"% of labour force, seasonally adjusted"
desempleo,2011-10,10.3905739964649,"% of labour force, seasonally adjusted"
desempleo,2011-11,10.6648308546534,"% of labour force, seasonally adjusted"
desempleo,2011-12,10.6683665987003,"% of labour force, seasonally adjusted"
desempleo,2012-01,10.398397435406,"% of labour force, seasonally adjusted"
desempleo,2012-02,10.6904044881299,"% of labour force, seasonally adjusted"
desempleo,2012-03,10.1944177669734,"% of labour force, seasonally adjusted"
desempleo,2012-04,10.9121482128592,"% of labour force, seasonally adjusted"
desempleo,2012-05,10.8601783094324,"% of labour force, seasonally adjusted"
desempleo,2012-06,10.4382761647678,"% of labour force, seasonally adjusted"
desempleo,2012-07,10.6351762051665,"% of labour force, seasonally adjusted"
desempleo,2012-08,10.1522514523496,"% of labour force, seasonally adjusted"
desempleo,2012-09,10.5283347590912,"% of labour force, seasonally adjusted"
desempleo,2012-10,10.1326951868476,"% of labour force, seasonally adjusted"
desempleo,2012-11,10.5997314103937,"% of labour force, seasonally adjusted"
desempleo,2012-12,10.4645563473557,"% of labour force, seasonally adjusted"
desempleo,2013-01,9.9646239736262,"% of labour force, seasonally adjusted"
desempleo,2013-02,10.5706075226684,"% of labour force, seasonally adjusted"
desempleo,2013-03,10.0139971991342,"% of labour force, seasonally adjusted"
desempleo,2013-04,10.2611167313462,"% of labour force, seasonally adjusted"
desempleo,2013-05,9.6605391152304,"% of labour force, seasonally adjusted"
desempleo,2013-06,9.68553659154959,"% of labour force, seasonally adjusted"
desempleo,2013-07,9.68577530971425,"% of labour force, seasonally adjusted"
desempleo,2013-08,9.79742775328278,"% of labour force, seasonally adjusted"
desempleo,2013-09,9.49648920616757,"% of labour force, seasonally adjusted"
desempleo,2013-10,8.9592140405034,"% of labour force, seasonally adjusted"
desempleo,2013-11,9.6682318995228,"% of labour force, seasonally adjusted"
desempleo,2013-12,9.06018996740109,"% of labour force, seasonally adjusted"
desempleo,2014-01,9.23687722494107,"% of labour force, seasonally adjusted"
desempleo,2014-02,9.68340545076326,"% of labour force, seasonally adjusted"
desempleo,2014-03,9.42477364874577,"% of labour force, seasonally adjusted"
desempleo,2014-04,9.08656570792298,"% of labour force, seasonally adjusted"
desempleo,2014-05,8.86003175553569,"% of labour force, seasonally adjusted"
desempleo,2014-06,9.53976395719434,"% of labour force, seasonally adjusted"
desempleo,2014-07,9.17470025544626,"% of labour force, seasonally adjusted"
desempleo,2014-08,9.21760281145735,"% of labour force, seasonally adjusted"
desempleo,2014-09,8.84791647912204,"% of labour force, seasonally adjusted"
desempleo,2014-10,8.82932862643404,"% of labour force, seasonally adjusted"
desempleo,2014-11,9.01152478197979,"% of labour force, seasonally adjusted"
desempleo,2014-12,9.42676883856634,"% of labour force, seasonally adjusted"
desempleo,2015-01,8.83168576038781,"% of labour force, seasonally adjusted"
desempleo,2015-02,8.86245990231085,"% of labour force, seasonally adjusted"
desempleo,2015-03,8.63799937673396,"% of labour force, seasonally adjusted"
desempleo,2015-04,9.45869869054787,"% of labour force, seasonally adjusted"
desempleo,2015-05,8.96016037030998,"% of labour force, seasonally adjusted"
desempleo,2015-06,8.56813626030591,"% of labour force, seasonally adjusted"
desempleo,2015-07,8.69005644964931,"% of labour force, seasonally adjusted"
desempleo,2015-08,9.29247308825993,"% of labour force, seasonally adjusted"
desempleo,2015-09,9.29130889257981,"% of labour force, seasonally adjusted"
desempleo,2015-10,9.14961502680657,"% of labour force, seasonally adjusted"
desempleo,2015-11,8.42228677485959,"% of labour force, seasonally adjusted"
desempleo,2015-12,9.12774641278913,"% of labour force, seasonally adjusted"
desempleo,2016-01,9.59815365888038,"% of labour force, seasonally adjusted"
desempleo,2016-02,8.95520661075518,"% of labour force, seasonally adjusted"
desempleo,2016-03,9.85739897325696,"% of labour force, seasonally adjusted"
desempleo,2016-04,9.02307108856199,"% of labour force, seasonally adjusted"
desempleo,2016-05,8.91306044185039,"% of labour force, seasonally adjusted"
desempleo,2016-06,9.2424267615302,"% of labour force, seasonally adjusted"
desempleo,2016-07,9.60076153555148,"% of labour force, seasonally adjusted"
desempleo,2016-08,9.18014472701949,"% of labour force, seasonally adjusted"
desempleo,2016-09,9.00969364935401,"% of labour force, seasonally adjusted"
desempleo,2016-10,9.24966719018033,"% of labour force, seasonally adjusted"
desempleo,2016-11,8.63200726967815,"% of labour force, seasonally adjusted"
desempleo,2016-12,9.36565278150193,"% of labour force, seasonally adjusted"
desempleo,2017-01,9.35545021813314,"% of labour force, seasonally adjusted"
desempleo,2017-02,9.33751888408342,"% of labour force, seasonally adjusted"
desempleo,2017-03,9.25830847547055,"% of labour force, seasonally adjusted"
desempleo,2017-04,8.78519907804586,"% of labour force, seasonally adjusted"
desempleo,2017-05,9.41925035240889,"% of labour force, seasonally adjusted"
desempleo,2017-06,8.95443188064679,"% of labour force, seasonally adjusted"
desempleo,2017-07,9.29770125548633,"% of labour force, seasonally adjusted"
desempleo,2017-08,9.37096378092742,"% of labour force, seasonally adjusted"
desempleo,2017-09,9.6414063125083,"% of labour force, seasonally adjusted"
desempleo,2017-10,9.29040856113992,"% of labour force, seasonally adjusted"
desempleo,2017-11,9.61799080056356,"% of labour force, seasonally adjusted"
desempleo,2017-12,9.12277071289992,"% of labour force, seasonally adjusted"
desempleo,2018-01,9.44159553215517,"% of labour force, seasonally adjusted"
desempleo,2018-02,9.56525811323472,"% of labour force, seasonally adjusted"
desempleo,2018-03,9.06307890828193,"% of labour force, seasonally adjusted"
desempleo,2018-04,9.30027383797775,"% of labour force, seasonally adjusted"
desempleo,2018-05,9.48783522031951,"% of labour force, seasonally adjusted"
desempleo,2018-06,9.21551112961938,"% of labour force, seasonally adjusted"
desempleo,2018-07,9.36179495206756,"% of labour force, seasonally adjusted"
desempleo,2018-08,9.23580524000462,"% of labour force, seasonally adjusted"
desempleo,2018-09,9.68961552224186,"% of labour force, seasonally adjusted"
desempleo,2018-10,9.85947085839795,"% of labour force, seasonally adjusted"
desempleo,2018-11,9.84816739600276,"% of labour force, seasonally adjusted"
desempleo,2018-12,10.1847801999994,"% of labour force, seasonally adjusted"
desempleo,2019-01,10.179015883108,"% of labour force, seasonally adjusted"
desempleo,2019-02,10.3762904628403,"% of labour force, seasonally adjusted"
desempleo,2019-03,10.3607388375581,"% of labour force, seasonally adjusted"
desempleo,2019-04,10.1586775674622,"% of labour force, seasonally adjusted"
desempleo,2019-05,10.3823726790204,"% of labour force, seasonally adjusted"
desempleo,2019-06,9.55615546226499,"% of labour force, seasonally adjusted"
desempleo,2019-07,10.5211583515224,"% of labour force, seasonally adjusted"
desempleo,2019-08,10.9168695611782,"% of labour force, seasonally adjusted"
desempleo,2019-09,10.8096444265718,"% of labour force, seasonally adjusted"
desempleo,2019-10,10.5935480352115,"% of labour force, seasonally adjusted"
desempleo,2019-11,10.4489243033835,"% of labour force, seasonally adjusted"
desempleo,2019-12,10.0648631040735,"% of labour force, seasonally adjusted"
desempleo,2020-01,10.3674276027809,"% of labour force, seasonally adjusted"
desempleo,2020-02,10.8837324457845,"% of labour force, seasonally adjusted"
desempleo,2020-03,12.062588422573,"% of labour force, seasonally adjusted"
desempleo,2020-04,19.3865903487952,"% of labour force, seasonally adjusted"
desempleo,2020-05,20.67375870616,"% of labour force, seasonally adjusted"
desempleo,2020-06,19.8005955680186,"% of labour force, seasonally adjusted"
desempleo,2020-07,19.4594847734711,"% of labour force, seasonally adjusted"
desempleo,2020-08,16.8177744177235,"% of labour force, seasonally adjusted"
desempleo,2020-09,16.105952155328,"% of labour force, seasonally adjusted"
desempleo,2020-10,15.7617650352013,"% of labour force, seasonally adjusted"
desempleo,2020-11,14.9799289811574,"% of labour force, seasonally adjusted"
desempleo,2020-12,14.00959767206,"% of labour force, seasonally adjusted"
desempleo,2021-01,14.3768579625068,"% of labour force, seasonally adjusted"
desempleo,2021-02,14.1268252894449,"% of labour force, seasonally adjusted"
desempleo,2021-03,14.3063560648499,"% of labour force, seasonally adjusted"
desempleo,2021-04,15.4390336420974,"% of labour force, seasonally adjusted"
desempleo,2021-05,15.1359405105359,"% of labour force, seasonally adjusted"
desempleo,2021-06,15.1071684209836,"% of labour force, seasonally adjusted"
desempleo,2021-07,12.9290583022117,"% of labour force, seasonally adjusted"
desempleo,2021-08,13.228545562336,"% of labour force, seasonally adjusted"
desempleo,2021-09,12.6126600691903,"% of labour force, seasonally adjusted"
desempleo,2021-10,13.1823694624324,"% of labour force, seasonally adjusted"
desempleo,2021-11,13.2660431616117,"% of labour force, seasonally adjusted"
desempleo,2021-12,11.903759910093,"% of labour force, seasonally adjusted"
desempleo,2022-01,11.9785462196267,"% of labour force, seasonally adjusted"
desempleo,2022-02,11.7146901929974,"% of labour force, seasonally adjusted"
desempleo,2022-03,11.7920093066716,"% of labour force, seasonally adjusted"
desempleo,2022-04,11.1344979395288,"% of labour force, seasonally adjusted"
desempleo,2022-05,10.6217370752174,"% of labour force, seasonally adjusted"
desempleo,2022-06,11.6024440512536,"% of labour force, seasonally adjusted"
desempleo,2022-07,10.8961429213576,"% of labour force, seasonally adjusted"
desempleo,2022-08,10.9383554997636,"% of labour force, seasonally adjusted"
desempleo,2022-09,11.3274945418345,"% of labour force, seasonally adjusted"
desempleo,2022-10,10.6335303970303,"% of labour force, seasonally adjusted"
desempleo,2022-11,10.9239317777595,"% of labour force, seasonally adjusted"
desempleo,2022-12,10.9660061749525,"% of labour force, seasonally adjusted"
desempleo,2023-01,11.1399852970655,"% of labour force, seasonally adjusted"
desempleo,2023-02,10.2547016412968,"% of labour force, seasonally adjusted"
desempleo,2023-03,9.73463434820522,"% of labour force, seasonally adjusted"
desempleo,2023-04,10.6680280303096,"% of labour force, seasonally adjusted"
desempleo,2023-05,10.4500341658195,"% of labour force, seasonally adjusted"
desempleo,2023-06,9.62864747754343,"% of labour force, seasonally adjusted"
desempleo,2023-07,9.52189522261987,"% of labour force, seasonally adjusted"
desempleo,2023-08,9.57250687723439,"% of labour force, seasonally adjusted"
desempleo,2023-09,9.77654645520577,"% of labour force, seasonally adjusted"
desempleo,2023-10,10.089504229126,"% of labour force, seasonally adjusted"
desempleo,2023-11,10.3868900453316,"% of labour force, seasonally adjusted"
desempleo,2023-12,10.6882989332901,"% of labour force, seasonally adjusted"
desempleo,2024-01,10.2685807544966,"% of labour force, seasonally adjusted"
desempleo,2024-02,10.5601801620888,"% of labour force, seasonally adjusted"
desempleo,2024-03,10.9498321400069,"% of labour force, seasonally adjusted"
desempleo,2024-04,10.5795580908724,"% of labour force, seasonally adjusted"
desempleo,2024-05,10.2742199368339,"% of labour force, seasonally adjusted"
desempleo,2024-06,10.5812018021823,"% of labour force, seasonally adjusted"
desempleo,2024-07,9.88599023222928,"% of labour force, seasonally adjusted"
desempleo,2024-08,9.970631571014,"% of labour force, seasonally adjusted"
desempleo,2024-09,9.67612463722071,"% of labour force, seasonally adjusted"
desempleo,2024-10,9.97511968031343,"% of labour force, seasonally adjusted"
desempleo,2024-11,9.4567095604169,"% of labour force, seasonally adjusted"
desempleo,2024-12,9.73483007509047,"% of labour force, seasonally adjusted"
desempleo,2025-01,9.42718640827044,"% of labour force, seasonally adjusted"
desempleo,2025-02,9.34397079510485,"% of labour force, seasonally adjusted"
desempleo,2025-03,9.33325202213146,"% of labour force, seasonally adjusted"
desempleo,2025-04,8.73474078485175,"% of labour force, seasonally adjusted"
desempleo,2025-05,9.03724661414496,"% of labour force, seasonally adjusted"
desempleo,2025-06,8.83059938562136,"% of labour force, seasonally adjusted"
desempleo,2025-07,8.82679805186488,"% of labour force, seasonally adjusted"
desempleo,2025-08,8.88581034537626,"% of labour force, seasonally adjusted"
desempleo,2025-09,8.65776494374319,"% of labour force, seasonally adjusted"
desempleo,2025-10,8.96198308690706,"% of labour force, seasonally adjusted"
desempleo,2025-11,8.16145701414398,"% of labour force, seasonally adjusted"
desempleo,2025-12,8.52788645004338,"% of labour force, seasonally adjusted"
desempleo,2026-01,8.78916701135095,"% of labour force, seasonally adjusted"
desempleo,2026-02,8.35880009447714,"% of labour force, seasonally adjusted"
desempleo,2026-03,8.53631878790463,"% of labour force, seasonally adjusted"
desempleo,2026-04,8.73319821581781,"% of labour force, seasonally adjusted"
desempleo,2026-05,8.02449350045159,"% of labour force, seasonally adjusted"
empleo,2007-01,16235.113366853398,"thousands of persons, seasonally adjusted"
empleo,2007-02,16513.4428602287,"thousands of persons, seasonally adjusted"
empleo,2007-03,16256.2764904809,"thousands of persons, seasonally adjusted"
empleo,2007-04,16723.9620495601,"thousands of persons, seasonally adjusted"
empleo,2007-05,16414.2209087613,"thousands of persons, seasonally adjusted"
empleo,2007-06,16617.583298398902,"thousands of persons, seasonally adjusted"
empleo,2007-07,16683.2435371367,"thousands of persons, seasonally adjusted"
empleo,2007-08,16687.7977989146,"thousands of persons, seasonally adjusted"
empleo,2007-09,16775.003913588702,"thousands of persons, seasonally adjusted"
empleo,2007-10,17032.307413066203,"thousands of persons, seasonally adjusted"
empleo,2007-11,17125.5864421878,"thousands of persons, seasonally adjusted"
empleo,2007-12,16793.2164208228,"thousands of persons, seasonally adjusted"
empleo,2008-01,16927.8524725679,"thousands of persons, seasonally adjusted"
empleo,2008-02,17096.279086260798,"thousands of persons, seasonally adjusted"
empleo,2008-03,17224.361812942698,"thousands of persons, seasonally adjusted"
empleo,2008-04,17175.750136601797,"thousands of persons, seasonally adjusted"
empleo,2008-05,17152.567988031802,"thousands of persons, seasonally adjusted"
empleo,2008-06,16627.8435821407,"thousands of persons, seasonally adjusted"
empleo,2008-07,17024.544264194,"thousands of persons, seasonally adjusted"
empleo,2008-08,17003.642546405503,"thousands of persons, seasonally adjusted"
empleo,2008-09,17115.5930247365,"thousands of persons, seasonally adjusted"
empleo,2008-10,16666.8875649158,"thousands of persons, seasonally adjusted"
empleo,2008-11,16561.0077057214,"thousands of persons, seasonally adjusted"
empleo,2008-12,17156.0743154811,"thousands of persons, seasonally adjusted"
empleo,2009-01,17237.791000374702,"thousands of persons, seasonally adjusted"
empleo,2009-02,17492.91103082,"thousands of persons, seasonally adjusted"
empleo,2009-03,17714.271189980398,"thousands of persons, seasonally adjusted"
empleo,2009-04,17837.075780074898,"thousands of persons, seasonally adjusted"
empleo,2009-05,17997.6631034538,"thousands of persons, seasonally adjusted"
empleo,2009-06,18019.4273811113,"thousands of persons, seasonally adjusted"
empleo,2009-07,18054.786134273,"thousands of persons, seasonally adjusted"
empleo,2009-08,17784.0163148008,"thousands of persons, seasonally adjusted"
empleo,2009-09,17746.0227012206,"thousands of persons, seasonally adjusted"
empleo,2009-10,18122.154724559798,"thousands of persons, seasonally adjusted"
empleo,2009-11,18277.8892305217,"thousands of persons, seasonally adjusted"
empleo,2009-12,18385.0774088091,"thousands of persons, seasonally adjusted"
empleo,2010-01,18332.6167769729,"thousands of persons, seasonally adjusted"
empleo,2010-02,18520.159374386898,"thousands of persons, seasonally adjusted"
empleo,2010-03,18295.2674239278,"thousands of persons, seasonally adjusted"
empleo,2010-04,18490.794897178097,"thousands of persons, seasonally adjusted"
empleo,2010-05,18331.4375790586,"thousands of persons, seasonally adjusted"
empleo,2010-06,18568.0367131612,"thousands of persons, seasonally adjusted"
empleo,2010-07,18547.776340060598,"thousands of persons, seasonally adjusted"
empleo,2010-08,18736.4283094726,"thousands of persons, seasonally adjusted"
empleo,2010-09,19042.0708183842,"thousands of persons, seasonally adjusted"
empleo,2010-10,18743.6158133087,"thousands of persons, seasonally adjusted"
empleo,2010-11,18879.8531818036,"thousands of persons, seasonally adjusted"
empleo,2010-12,18843.0482722848,"thousands of persons, seasonally adjusted"
empleo,2011-01,19096.3953341794,"thousands of persons, seasonally adjusted"
empleo,2011-02,18811.056995062103,"thousands of persons, seasonally adjusted"
empleo,2011-03,19178.733243078197,"thousands of persons, seasonally adjusted"
empleo,2011-04,18946.028105073197,"thousands of persons, seasonally adjusted"
empleo,2011-05,19147.5816622237,"thousands of persons, seasonally adjusted"
empleo,2011-06,19132.6929346381,"thousands of persons, seasonally adjusted"
empleo,2011-07,19309.2836867166,"thousands of persons, seasonally adjusted"
empleo,2011-08,19260.8641711093,"thousands of persons, seasonally adjusted"
empleo,2011-09,19675.6093258865,"thousands of persons, seasonally adjusted"
empleo,2011-10,19954.670533632598,"thousands of persons, seasonally adjusted"
empleo,2011-11,19917.7606771467,"thousands of persons, seasonally adjusted"
empleo,2011-12,19774.7248312537,"thousands of persons, seasonally adjusted"
empleo,2012-01,19941.594441611403,"thousands of persons, seasonally adjusted"
empleo,2012-02,19940.6601996109,"thousands of persons, seasonally adjusted"
empleo,2012-03,20129.4992326559,"thousands of persons, seasonally adjusted"
empleo,2012-04,19832.0812562937,"thousands of persons, seasonally adjusted"
empleo,2012-05,19996.2701879951,"thousands of persons, seasonally adjusted"
empleo,2012-06,20266.8576043622,"thousands of persons, seasonally adjusted"
empleo,2012-07,19945.5419655351,"thousands of persons, seasonally adjusted"
empleo,2012-08,20184.1410049357,"thousands of persons, seasonally adjusted"
empleo,2012-09,19878.264016555302,"thousands of persons, seasonally adjusted"
empleo,2012-10,19979.0917396199,"thousands of persons, seasonally adjusted"
empleo,2012-11,19934.405520466902,"thousands of persons, seasonally adjusted"
empleo,2012-12,20173.5543303577,"thousands of persons, seasonally adjusted"
empleo,2013-01,20294.598728863002,"thousands of persons, seasonally adjusted"
empleo,2013-02,20035.1654433382,"thousands of persons, seasonally adjusted"
empleo,2013-03,20003.5767748656,"thousands of persons, seasonally adjusted"
empleo,2013-04,20019.6423387145,"thousands of persons, seasonally adjusted"
empleo,2013-05,20519.7206946385,"thousands of persons, seasonally adjusted"
empleo,2013-06,20252.5017057283,"thousands of persons, seasonally adjusted"
empleo,2013-07,20547.2396065908,"thousands of persons, seasonally adjusted"
empleo,2013-08,20537.8863526302,"thousands of persons, seasonally adjusted"
empleo,2013-09,20485.7704309875,"thousands of persons, seasonally adjusted"
empleo,2013-10,20649.632975854798,"thousands of persons, seasonally adjusted"
empleo,2013-11,20416.8523488981,"thousands of persons, seasonally adjusted"
empleo,2013-12,20684.4715988906,"thousands of persons, seasonally adjusted"
empleo,2014-01,20700.1388615322,"thousands of persons, seasonally adjusted"
empleo,2014-02,20455.238612684298,"thousands of persons, seasonally adjusted"
empleo,2014-03,20521.1173700101,"thousands of persons, seasonally adjusted"
empleo,2014-04,20686.0200473959,"thousands of persons, seasonally adjusted"
empleo,2014-05,20786.690739757003,"thousands of persons, seasonally adjusted"
empleo,2014-06,20731.242952897897,"thousands of persons, seasonally adjusted"
empleo,2014-07,20736.0369479592,"thousands of persons, seasonally adjusted"
empleo,2014-08,20969.5667304565,"thousands of persons, seasonally adjusted"
empleo,2014-09,21047.5992913575,"thousands of persons, seasonally adjusted"
empleo,2014-10,21139.877221262,"thousands of persons, seasonally adjusted"
empleo,2014-11,21086.841870951997,"thousands of persons, seasonally adjusted"
empleo,2014-12,20816.776853735202,"thousands of persons, seasonally adjusted"
empleo,2015-01,21091.138965158298,"thousands of persons, seasonally adjusted"
empleo,2015-02,21078.481214140098,"thousands of persons, seasonally adjusted"
empleo,2015-03,21197.6030196424,"thousands of persons, seasonally adjusted"
empleo,2015-04,21195.473991277697,"thousands of persons, seasonally adjusted"
empleo,2015-05,21274.1968452507,"thousands of persons, seasonally adjusted"
empleo,2015-06,21269.2326920369,"thousands of persons, seasonally adjusted"
empleo,2015-07,21346.725672394397,"thousands of persons, seasonally adjusted"
empleo,2015-08,21315.1310489322,"thousands of persons, seasonally adjusted"
empleo,2015-09,21325.9134031763,"thousands of persons, seasonally adjusted"
empleo,2015-10,21499.4917626253,"thousands of persons, seasonally adjusted"
empleo,2015-11,21681.082114269302,"thousands of persons, seasonally adjusted"
empleo,2015-12,21468.574271096502,"thousands of persons, seasonally adjusted"
empleo,2016-01,21478.2125362148,"thousands of persons, seasonally adjusted"
empleo,2016-02,21489.4529874397,"thousands of persons, seasonally adjusted"
empleo,2016-03,21111.0206358613,"thousands of persons, seasonally adjusted"
empleo,2016-04,21566.7570934062,"thousands of persons, seasonally adjusted"
empleo,2016-05,21369.416801546202,"thousands of persons, seasonally adjusted"
empleo,2016-06,21540.143973933,"thousands of persons, seasonally adjusted"
empleo,2016-07,21293.1528792944,"thousands of persons, seasonally adjusted"
empleo,2016-08,21554.204349116502,"thousands of persons, seasonally adjusted"
empleo,2016-09,21533.2770689807,"thousands of persons, seasonally adjusted"
empleo,2016-10,21660.4571111611,"thousands of persons, seasonally adjusted"
empleo,2016-11,21824.731522534697,"thousands of persons, seasonally adjusted"
empleo,2016-12,21640.9660405114,"thousands of persons, seasonally adjusted"
empleo,2017-01,21703.5781267554,"thousands of persons, seasonally adjusted"
empleo,2017-02,21661.3321647903,"thousands of persons, seasonally adjusted"
empleo,2017-03,21594.7932718233,"thousands of persons, seasonally adjusted"
empleo,2017-04,21947.0638091054,"thousands of persons, seasonally adjusted"
empleo,2017-05,21735.6189613924,"thousands of persons, seasonally adjusted"
empleo,2017-06,22122.7831292043,"thousands of persons, seasonally adjusted"
empleo,2017-07,21809.482803878098,"thousands of persons, seasonally adjusted"
empleo,2017-08,21896.6920921267,"thousands of persons, seasonally adjusted"
empleo,2017-09,21749.502180707103,"thousands of persons, seasonally adjusted"
empleo,2017-10,21861.440800868102,"thousands of persons, seasonally adjusted"
empleo,2017-11,21883.9026966439,"thousands of persons, seasonally adjusted"
empleo,2017-12,21961.498962705,"thousands of persons, seasonally adjusted"
empleo,2018-01,21881.81120764,"thousands of persons, seasonally adjusted"
empleo,2018-02,21702.538029914598,"thousands of persons, seasonally adjusted"
empleo,2018-03,21927.7393769488,"thousands of persons, seasonally adjusted"
empleo,2018-04,22145.4367857892,"thousands of persons, seasonally adjusted"
empleo,2018-05,22094.523147948898,"thousands of persons, seasonally adjusted"
empleo,2018-06,22221.4584278137,"thousands of persons, seasonally adjusted"
empleo,2018-07,22176.3430463191,"thousands of persons, seasonally adjusted"
empleo,2018-08,22329.9930903635,"thousands of persons, seasonally adjusted"
empleo,2018-09,22295.482484817698,"thousands of persons, seasonally adjusted"
empleo,2018-10,22062.9885948736,"thousands of persons, seasonally adjusted"
empleo,2018-11,21850.5726570422,"thousands of persons, seasonally adjusted"
empleo,2018-12,22430.0141505287,"thousands of persons, seasonally adjusted"
empleo,2019-01,22158.9833817733,"thousands of persons, seasonally adjusted"
empleo,2019-02,22201.128396760003,"thousands of persons, seasonally adjusted"
empleo,2019-03,22187.134044782797,"thousands of persons, seasonally adjusted"
empleo,2019-04,21887.876296200302,"thousands of persons, seasonally adjusted"
empleo,2019-05,22150.328132402,"thousands of persons, seasonally adjusted"
empleo,2019-06,22526.0837852475,"thousands of persons, seasonally adjusted"
empleo,2019-07,22168.2624746521,"thousands of persons, seasonally adjusted"
empleo,2019-08,22018.161789267397,"thousands of persons, seasonally adjusted"
empleo,2019-09,22174.457823163302,"thousands of persons, seasonally adjusted"
empleo,2019-10,22347.8719308704,"thousands of persons, seasonally adjusted"
empleo,2019-11,22537.1837471659,"thousands of persons, seasonally adjusted"
empleo,2019-12,22492.4971977151,"thousands of persons, seasonally adjusted"
empleo,2020-01,22364.666294248,"thousands of persons, seasonally adjusted"
empleo,2020-02,22249.7445705424,"thousands of persons, seasonally adjusted"
empleo,2020-03,20768.1581967899,"thousands of persons, seasonally adjusted"
empleo,2020-04,16750.6993818929,"thousands of persons, seasonally adjusted"
empleo,2020-05,17562.5085191134,"thousands of persons, seasonally adjusted"
empleo,2020-06,18532.7270836802,"thousands of persons, seasonally adjusted"
empleo,2020-07,18372.6875459763,"thousands of persons, seasonally adjusted"
empleo,2020-08,19815.9890879922,"thousands of persons, seasonally adjusted"
empleo,2020-09,20313.4183991781,"thousands of persons, seasonally adjusted"
empleo,2020-10,20938.612421127098,"thousands of persons, seasonally adjusted"
empleo,2020-11,21049.3402362782,"thousands of persons, seasonally adjusted"
empleo,2020-12,21284.2532631814,"thousands of persons, seasonally adjusted"
empleo,2021-01,19795.831339166,"thousands of persons, seasonally adjusted"
empleo,2021-02,20340.5214925623,"thousands of persons, seasonally adjusted"
empleo,2021-03,20191.269839998302,"thousands of persons, seasonally adjusted"
empleo,2021-04,19753.5490984362,"thousands of persons, seasonally adjusted"
empleo,2021-05,20039.3888504343,"thousands of persons, seasonally adjusted"
empleo,2021-06,20031.8132395255,"thousands of persons, seasonally adjusted"
empleo,2021-07,20496.9931106729,"thousands of persons, seasonally adjusted"
empleo,2021-08,20573.896148378903,"thousands of persons, seasonally adjusted"
empleo,2021-09,20645.799375578,"thousands of persons, seasonally adjusted"
empleo,2021-10,20656.7790048358,"thousands of persons, seasonally adjusted"
empleo,2021-11,20924.1908373113,"thousands of persons, seasonally adjusted"
empleo,2021-12,21250.8666631006,"thousands of persons, seasonally adjusted"
empleo,2022-01,21412.2564566044,"thousands of persons, seasonally adjusted"
empleo,2022-02,21841.529529662603,"thousands of persons, seasonally adjusted"
empleo,2022-03,21761.9845797956,"thousands of persons, seasonally adjusted"
empleo,2022-04,21962.4496078827,"thousands of persons, seasonally adjusted"
empleo,2022-05,22222.269622953,"thousands of persons, seasonally adjusted"
empleo,2022-06,21988.0003244518,"thousands of persons, seasonally adjusted"
empleo,2022-07,22093.5537387577,"thousands of persons, seasonally adjusted"
empleo,2022-08,22126.531462341598,"thousands of persons, seasonally adjusted"
empleo,2022-09,22344.1841607761,"thousands of persons, seasonally adjusted"
empleo,2022-10,22227.296849219198,"thousands of persons, seasonally adjusted"
empleo,2022-11,22156.5151982795,"thousands of persons, seasonally adjusted"
empleo,2022-12,22249.588469275703,"thousands of persons, seasonally adjusted"
empleo,2023-01,22246.565922728798,"thousands of persons, seasonally adjusted"
empleo,2023-02,22409.6112780904,"thousands of persons, seasonally adjusted"
empleo,2023-03,22869.007590267698,"thousands of persons, seasonally adjusted"
empleo,2023-04,22761.235509433198,"thousands of persons, seasonally adjusted"
empleo,2023-05,22604.6679175524,"thousands of persons, seasonally adjusted"
empleo,2023-06,23019.9805166189,"thousands of persons, seasonally adjusted"
empleo,2023-07,23179.648674295,"thousands of persons, seasonally adjusted"
empleo,2023-08,23098.1899880889,"thousands of persons, seasonally adjusted"
empleo,2023-09,23051.3190932471,"thousands of persons, seasonally adjusted"
empleo,2023-10,22726.5888719626,"thousands of persons, seasonally adjusted"
empleo,2023-11,22844.4345909603,"thousands of persons, seasonally adjusted"
empleo,2023-12,22649.4740467546,"thousands of persons, seasonally adjusted"
empleo,2024-01,22796.2855205376,"thousands of persons, seasonally adjusted"
empleo,2024-02,22671.9474365917,"thousands of persons, seasonally adjusted"
empleo,2024-03,22707.0389499327,"thousands of persons, seasonally adjusted"
empleo,2024-04,22894.677519917397,"thousands of persons, seasonally adjusted"
empleo,2024-05,23072.039516448,"thousands of persons, seasonally adjusted"
empleo,2024-06,22895.9347479987,"thousands of persons, seasonally adjusted"
empleo,2024-07,23179.1983547777,"thousands of persons, seasonally adjusted"
empleo,2024-08,23351.731023198798,"thousands of persons, seasonally adjusted"
empleo,2024-09,23159.5870785724,"thousands of persons, seasonally adjusted"
empleo,2024-10,23055.7451457619,"thousands of persons, seasonally adjusted"
empleo,2024-11,23248.492887227,"thousands of persons, seasonally adjusted"
empleo,2024-12,23399.8358190361,"thousands of persons, seasonally adjusted"
empleo,2025-01,23677.4022292252,"thousands of persons, seasonally adjusted"
empleo,2025-02,23635.0515296542,"thousands of persons, seasonally adjusted"
empleo,2025-03,23748.8876285511,"thousands of persons, seasonally adjusted"
empleo,2025-04,23612.9637164048,"thousands of persons, seasonally adjusted"
empleo,2025-05,23674.6357320264,"thousands of persons, seasonally adjusted"
empleo,2025-06,23728.2071008462,"thousands of persons, seasonally adjusted"
empleo,2025-07,23936.4709519072,"thousands of persons, seasonally adjusted"
empleo,2025-08,23759.9708553463,"thousands of persons, seasonally adjusted"
empleo,2025-09,23873.495611889197,"thousands of persons, seasonally adjusted"
empleo,2025-10,24041.1460254052,"thousands of persons, seasonally adjusted"
empleo,2025-11,24235.440685868798,"thousands of persons, seasonally adjusted"
empleo,2025-12,24005.533932875303,"thousands of persons, seasonally adjusted"
empleo,2026-01,24007.9277183483,"thousands of persons, seasonally adjusted"
empleo,2026-02,24256.1127028909,"thousands of persons, seasonally adjusted"
empleo,2026-03,24393.849927897598,"thousands of persons, seasonally adjusted"
empleo,2026-04,24314.9680665593,"thousands of persons, seasonally adjusted"
empleo,2026-05,24629.6202388077,"thousands of persons, seasonally adjusted"
exportaciones,1970-01,57.0416152560723,"millions of USD, seasonally adjusted"
exportaciones,1970-02,68.9335343126473,"millions of USD, seasonally adjusted"
exportaciones,1970-03,79.2259037046483,"millions of USD, seasonally adjusted"
exportaciones,1970-04,60.77398397095801,"millions of USD, seasonally adjusted"
exportaciones,1970-05,74.20967787367401,"millions of USD, seasonally adjusted"
exportaciones,1970-06,54.7284617176864,"millions of USD, seasonally adjusted"
exportaciones,1970-07,57.8270016485992,"millions of USD, seasonally adjusted"
exportaciones,1970-08,60.8122669414035,"millions of USD, seasonally adjusted"
exportaciones,1970-09,65.872646063969,"millions of USD, seasonally adjusted"
exportaciones,1970-10,45.447345613750706,"millions of USD, seasonally adjusted"
exportaciones,1970-11,54.1939524939287,"millions of USD, seasonally adjusted"
exportaciones,1970-12,53.714002790738,"millions of USD, seasonally adjusted"
exportaciones,1971-01,50.6445114626546,"millions of USD, seasonally adjusted"
exportaciones,1971-02,47.3388747180795,"millions of USD, seasonally adjusted"
exportaciones,1971-03,65.62133145028601,"millions of USD, seasonally adjusted"
exportaciones,1971-04,59.27215829619401,"millions of USD, seasonally adjusted"
exportaciones,1971-05,58.7910099442671,"millions of USD, seasonally adjusted"
exportaciones,1971-06,65.6231310132221,"millions of USD, seasonally adjusted"
exportaciones,1971-07,29.2921360368045,"millions of USD, seasonally adjusted"
exportaciones,1971-08,71.24967416229892,"millions of USD, seasonally adjusted"
exportaciones,1971-09,62.7957735207987,"millions of USD, seasonally adjusted"
exportaciones,1971-10,50.3193725532745,"millions of USD, seasonally adjusted"
exportaciones,1971-11,65.52003261136099,"millions of USD, seasonally adjusted"
exportaciones,1971-12,56.2931712369296,"millions of USD, seasonally adjusted"
exportaciones,1972-01,65.0412501164786,"millions of USD, seasonally adjusted"
exportaciones,1972-02,62.42347061892,"millions of USD, seasonally adjusted"
exportaciones,1972-03,61.4449743098466,"millions of USD, seasonally adjusted"
exportaciones,1972-04,68.92239689802341,"millions of USD, seasonally adjusted"
exportaciones,1972-05,60.2241668272207,"millions of USD, seasonally adjusted"
exportaciones,1972-06,73.6268840721702,"millions of USD, seasonally adjusted"
exportaciones,1972-07,81.9988077430146,"millions of USD, seasonally adjusted"
exportaciones,1972-08,71.748332556396,"millions of USD, seasonally adjusted"
exportaciones,1972-09,76.1651827639682,"millions of USD, seasonally adjusted"
exportaciones,1972-10,69.2129155440539,"millions of USD, seasonally adjusted"
exportaciones,1972-11,79.1366607978348,"millions of USD, seasonally adjusted"
exportaciones,1972-12,94.3211231381879,"millions of USD, seasonally adjusted"
exportaciones,1973-01,80.5727485745255,"millions of USD, seasonally adjusted"
exportaciones,1973-02,73.8214929824454,"millions of USD, seasonally adjusted"
exportaciones,1973-03,82.41224116972319,"millions of USD, seasonally adjusted"
exportaciones,1973-04,106.736009149476,"millions of USD, seasonally adjusted"
exportaciones,1973-05,81.26659846212851,"millions of USD, seasonally adjusted"
exportaciones,1973-06,92.2081868925855,"millions of USD, seasonally adjusted"
exportaciones,1973-07,81.6818113527905,"millions of USD, seasonally adjusted"
exportaciones,1973-08,92.97680995244271,"millions of USD, seasonally adjusted"
exportaciones,1973-09,122.67822671773,"millions of USD, seasonally adjusted"
exportaciones,1973-10,104.375708453436,"millions of USD, seasonally adjusted"
exportaciones,1973-11,104.756443513466,"millions of USD, seasonally adjusted"
exportaciones,1973-12,146.427072765875,"millions of USD, seasonally adjusted"
exportaciones,1974-01,99.2873466952057,"millions of USD, seasonally adjusted"
exportaciones,1974-02,129.268605215482,"millions of USD, seasonally adjusted"
exportaciones,1974-03,150.994026235485,"millions of USD, seasonally adjusted"
exportaciones,1974-04,113.604238956646,"millions of USD, seasonally adjusted"
exportaciones,1974-05,116.80263065169599,"millions of USD, seasonally adjusted"
exportaciones,1974-06,142.961750076081,"millions of USD, seasonally adjusted"
exportaciones,1974-07,107.858789127526,"millions of USD, seasonally adjusted"
exportaciones,1974-08,92.63398187016679,"millions of USD, seasonally adjusted"
exportaciones,1974-09,100.716374527371,"millions of USD, seasonally adjusted"
exportaciones,1974-10,93.3576816757098,"millions of USD, seasonally adjusted"
exportaciones,1974-11,135.465221342843,"millions of USD, seasonally adjusted"
exportaciones,1974-12,127.72472178340199,"millions of USD, seasonally adjusted"
exportaciones,1975-01,117.81536380817201,"millions of USD, seasonally adjusted"
exportaciones,1975-02,131.934327476269,"millions of USD, seasonally adjusted"
exportaciones,1975-03,98.2827862878575,"millions of USD, seasonally adjusted"
exportaciones,1975-04,105.92919628474701,"millions of USD, seasonally adjusted"
exportaciones,1975-05,104.76400293834202,"millions of USD, seasonally adjusted"
exportaciones,1975-06,126.67610600280801,"millions of USD, seasonally adjusted"
exportaciones,1975-07,122.50923652939399,"millions of USD, seasonally adjusted"
exportaciones,1975-08,125.93882953103,"millions of USD, seasonally adjusted"
exportaciones,1975-09,111.655279246267,"millions of USD, seasonally adjusted"
exportaciones,1975-10,135.009967577922,"millions of USD, seasonally adjusted"
exportaciones,1975-11,147.643139844271,"millions of USD, seasonally adjusted"
exportaciones,1975-12,140.56328638603898,"millions of USD, seasonally adjusted"
exportaciones,1976-01,117.241901531048,"millions of USD, seasonally adjusted"
exportaciones,1976-02,126.020055394068,"millions of USD, seasonally adjusted"
exportaciones,1976-03,149.20732435453598,"millions of USD, seasonally adjusted"
exportaciones,1976-04,131.17527396738902,"millions of USD, seasonally adjusted"
exportaciones,1976-05,141.55951210704302,"millions of USD, seasonally adjusted"
exportaciones,1976-06,176.958331482089,"millions of USD, seasonally adjusted"
exportaciones,1976-07,138.813130773352,"millions of USD, seasonally adjusted"
exportaciones,1976-08,148.96112391875698,"millions of USD, seasonally adjusted"
exportaciones,1976-09,108.72445649327301,"millions of USD, seasonally adjusted"
exportaciones,1976-10,143.075531467909,"millions of USD, seasonally adjusted"
exportaciones,1976-11,159.669512840723,"millions of USD, seasonally adjusted"
exportaciones,1976-12,190.65122328485202,"millions of USD, seasonally adjusted"
exportaciones,1977-01,249.854673350639,"millions of USD, seasonally adjusted"
exportaciones,1977-02,217.556798079535,"millions of USD, seasonally adjusted"
exportaciones,1977-03,220.537467550012,"millions of USD, seasonally adjusted"
exportaciones,1977-04,223.585071642015,"millions of USD, seasonally adjusted"
exportaciones,1977-05,250.020605046423,"millions of USD, seasonally adjusted"
exportaciones,1977-06,171.655397038962,"millions of USD, seasonally adjusted"
exportaciones,1977-07,106.135847410889,"millions of USD, seasonally adjusted"
exportaciones,1977-08,132.830436567578,"millions of USD, seasonally adjusted"
exportaciones,1977-09,223.447974085586,"millions of USD, seasonally adjusted"
exportaciones,1977-10,178.74840517585199,"millions of USD, seasonally adjusted"
exportaciones,1977-11,155.740793343437,"millions of USD, seasonally adjusted"
exportaciones,1977-12,286.80215261263504,"millions of USD, seasonally adjusted"
exportaciones,1978-01,244.662576037981,"millions of USD, seasonally adjusted"
exportaciones,1978-02,227.09724948611398,"millions of USD, seasonally adjusted"
exportaciones,1978-03,201.40812350971,"millions of USD, seasonally adjusted"
exportaciones,1978-04,203.466496194963,"millions of USD, seasonally adjusted"
exportaciones,1978-05,226.704008079465,"millions of USD, seasonally adjusted"
exportaciones,1978-06,246.30802848280098,"millions of USD, seasonally adjusted"
exportaciones,1978-07,205.71288087126203,"millions of USD, seasonally adjusted"
exportaciones,1978-08,265.09090574537703,"millions of USD, seasonally adjusted"
exportaciones,1978-09,302.156368297341,"millions of USD, seasonally adjusted"
exportaciones,1978-10,334.986107219917,"millions of USD, seasonally adjusted"
exportaciones,1978-11,318.878156136384,"millions of USD, seasonally adjusted"
exportaciones,1978-12,245.58379535851202,"millions of USD, seasonally adjusted"
exportaciones,1979-01,320.028841226509,"millions of USD, seasonally adjusted"
exportaciones,1979-02,286.039721976669,"millions of USD, seasonally adjusted"
exportaciones,1979-03,250.476838266576,"millions of USD, seasonally adjusted"
exportaciones,1979-04,229.378401494298,"millions of USD, seasonally adjusted"
exportaciones,1979-05,153.068094189782,"millions of USD, seasonally adjusted"
exportaciones,1979-06,306.689189382363,"millions of USD, seasonally adjusted"
exportaciones,1979-07,317.10937043105395,"millions of USD, seasonally adjusted"
exportaciones,1979-08,274.741009333911,"millions of USD, seasonally adjusted"
exportaciones,1979-09,235.599173914876,"millions of USD, seasonally adjusted"
exportaciones,1979-10,346.55602871623404,"millions of USD, seasonally adjusted"
exportaciones,1979-11,255.503007737803,"millions of USD, seasonally adjusted"
exportaciones,1979-12,273.243033723319,"millions of USD, seasonally adjusted"
exportaciones,1980-01,332.22168736269595,"millions of USD, seasonally adjusted"
exportaciones,1980-02,319.99773999435297,"millions of USD, seasonally adjusted"
exportaciones,1980-03,300.134352895028,"millions of USD, seasonally adjusted"
exportaciones,1980-04,363.307810593744,"millions of USD, seasonally adjusted"
exportaciones,1980-05,375.246454335544,"millions of USD, seasonally adjusted"
exportaciones,1980-06,329.269567502207,"millions of USD, seasonally adjusted"
exportaciones,1980-07,383.78220183137404,"millions of USD, seasonally adjusted"
exportaciones,1980-08,369.81259393708405,"millions of USD, seasonally adjusted"
exportaciones,1980-09,307.439646208036,"millions of USD, seasonally adjusted"
exportaciones,1980-10,314.242048500081,"millions of USD, seasonally adjusted"
exportaciones,1980-11,285.54656865691396,"millions of USD, seasonally adjusted"
exportaciones,1980-12,240.41725162993603,"millions of USD, seasonally adjusted"
exportaciones,1981-01,342.04987464874097,"millions of USD, seasonally adjusted"
exportaciones,1981-02,200.709209175228,"millions of USD, seasonally adjusted"
exportaciones,1981-03,186.219686458931,"millions of USD, seasonally adjusted"
exportaciones,1981-04,279.460825998649,"millions of USD, seasonally adjusted"
exportaciones,1981-05,257.917338101602,"millions of USD, seasonally adjusted"
exportaciones,1981-06,213.239433441608,"millions of USD, seasonally adjusted"
exportaciones,1981-07,211.541727479837,"millions of USD, seasonally adjusted"
exportaciones,1981-08,247.301573393777,"millions of USD, seasonally adjusted"
exportaciones,1981-09,248.02300083505898,"millions of USD, seasonally adjusted"
exportaciones,1981-10,258.10112289944,"millions of USD, seasonally adjusted"
exportaciones,1981-11,248.363777792572,"millions of USD, seasonally adjusted"
exportaciones,1981-12,237.76882808078102,"millions of USD, seasonally adjusted"
exportaciones,1982-01,181.593612310151,"millions of USD, seasonally adjusted"
exportaciones,1982-02,320.11237457070393,"millions of USD, seasonally adjusted"
exportaciones,1982-03,295.258624785923,"millions of USD, seasonally adjusted"
exportaciones,1982-04,270.919553495081,"millions of USD, seasonally adjusted"
exportaciones,1982-05,228.394003256105,"millions of USD, seasonally adjusted"
exportaciones,1982-06,291.270800481175,"millions of USD, seasonally adjusted"
exportaciones,1982-07,269.00658046291,"millions of USD, seasonally adjusted"
exportaciones,1982-08,254.229965965731,"millions of USD, seasonally adjusted"
exportaciones,1982-09,244.075302062996,"millions of USD, seasonally adjusted"
exportaciones,1982-10,275.719746585554,"millions of USD, seasonally adjusted"
exportaciones,1982-11,200.30161453651098,"millions of USD, seasonally adjusted"
exportaciones,1982-12,233.483512304935,"millions of USD, seasonally adjusted"
exportaciones,1983-01,244.31000511683501,"millions of USD, seasonally adjusted"
exportaciones,1983-02,293.306662093117,"millions of USD, seasonally adjusted"
exportaciones,1983-03,219.189723499672,"millions of USD, seasonally adjusted"
exportaciones,1983-04,268.091640489446,"millions of USD, seasonally adjusted"
exportaciones,1983-05,250.27400728002104,"millions of USD, seasonally adjusted"
exportaciones,1983-06,210.902715760955,"millions of USD, seasonally adjusted"
exportaciones,1983-07,239.189330767897,"millions of USD, seasonally adjusted"
exportaciones,1983-08,295.054037145352,"millions of USD, seasonally adjusted"
exportaciones,1983-09,257.70348719512197,"millions of USD, seasonally adjusted"
exportaciones,1983-10,245.904286466568,"millions of USD, seasonally adjusted"
exportaciones,1983-11,277.770122249915,"millions of USD, seasonally adjusted"
exportaciones,1983-12,235.232347478331,"millions of USD, seasonally adjusted"
exportaciones,1984-01,315.504793502235,"millions of USD, seasonally adjusted"
exportaciones,1984-02,221.558051584654,"millions of USD, seasonally adjusted"
exportaciones,1984-03,291.449315717147,"millions of USD, seasonally adjusted"
exportaciones,1984-04,247.095528968256,"millions of USD, seasonally adjusted"
exportaciones,1984-05,291.288668201878,"millions of USD, seasonally adjusted"
exportaciones,1984-06,343.73449223296,"millions of USD, seasonally adjusted"
exportaciones,1984-07,246.97002889563,"millions of USD, seasonally adjusted"
exportaciones,1984-08,261.246894302552,"millions of USD, seasonally adjusted"
exportaciones,1984-09,330.92358776409,"millions of USD, seasonally adjusted"
exportaciones,1984-10,230.827133374242,"millions of USD, seasonally adjusted"
exportaciones,1984-11,284.43799159252796,"millions of USD, seasonally adjusted"
exportaciones,1984-12,328.773186240927,"millions of USD, seasonally adjusted"
exportaciones,1985-01,249.88798172000398,"millions of USD, seasonally adjusted"
exportaciones,1985-02,275.03292925843505,"millions of USD, seasonally adjusted"
exportaciones,1985-03,338.846308141048,"millions of USD, seasonally adjusted"
exportaciones,1985-04,316.962194708243,"millions of USD, seasonally adjusted"
exportaciones,1985-05,295.934380996334,"millions of USD, seasonally adjusted"
exportaciones,1985-06,276.77699658050796,"millions of USD, seasonally adjusted"
exportaciones,1985-07,319.901052719718,"millions of USD, seasonally adjusted"
exportaciones,1985-08,297.00901375168405,"millions of USD, seasonally adjusted"
exportaciones,1985-09,183.135997802025,"millions of USD, seasonally adjusted"
exportaciones,1985-10,319.339968366784,"millions of USD, seasonally adjusted"
exportaciones,1985-11,292.0033798368,"millions of USD, seasonally adjusted"
exportaciones,1985-12,330.981117546297,"millions of USD, seasonally adjusted"
exportaciones,1986-01,390.22766217931996,"millions of USD, seasonally adjusted"
exportaciones,1986-02,490.83387523725895,"millions of USD, seasonally adjusted"
exportaciones,1986-03,519.683631111394,"millions of USD, seasonally adjusted"
exportaciones,1986-04,304.194500667621,"millions of USD, seasonally adjusted"
exportaciones,1986-05,406.428916108201,"millions of USD, seasonally adjusted"
exportaciones,1986-06,395.39912604197195,"millions of USD, seasonally adjusted"
exportaciones,1986-07,387.484947098161,"millions of USD, seasonally adjusted"
exportaciones,1986-08,434.11851765768597,"millions of USD, seasonally adjusted"
exportaciones,1986-09,458.164597281762,"millions of USD, seasonally adjusted"
exportaciones,1986-10,428.774099214909,"millions of USD, seasonally adjusted"
exportaciones,1986-11,418.903031524063,"millions of USD, seasonally adjusted"
exportaciones,1986-12,429.471238953582,"millions of USD, seasonally adjusted"
exportaciones,1987-01,353.156394131953,"millions of USD, seasonally adjusted"
exportaciones,1987-02,398.797363931661,"millions of USD, seasonally adjusted"
exportaciones,1987-03,327.99409034814295,"millions of USD, seasonally adjusted"
exportaciones,1987-04,356.89506300591603,"millions of USD, seasonally adjusted"
exportaciones,1987-05,370.265787225365,"millions of USD, seasonally adjusted"
exportaciones,1987-06,343.06886748391304,"millions of USD, seasonally adjusted"
exportaciones,1987-07,678.3131124714299,"millions of USD, seasonally adjusted"
exportaciones,1987-08,437.669689107987,"millions of USD, seasonally adjusted"
exportaciones,1987-09,494.558506934822,"millions of USD, seasonally adjusted"
exportaciones,1987-10,359.91785496455805,"millions of USD, seasonally adjusted"
exportaciones,1987-11,426.56139718305894,"millions of USD, seasonally adjusted"
exportaciones,1987-12,366.301233704598,"millions of USD, seasonally adjusted"
exportaciones,1988-01,476.634283774801,"millions of USD, seasonally adjusted"
exportaciones,1988-02,347.155993740471,"millions of USD, seasonally adjusted"
exportaciones,1988-03,359.351733978253,"millions of USD, seasonally adjusted"
exportaciones,1988-04,400.314943681421,"millions of USD, seasonally adjusted"
exportaciones,1988-05,448.28162015843805,"millions of USD, seasonally adjusted"
exportaciones,1988-06,365.13336829334804,"millions of USD, seasonally adjusted"
exportaciones,1988-07,498.10150729672597,"millions of USD, seasonally adjusted"
exportaciones,1988-08,420.09837516555297,"millions of USD, seasonally adjusted"
exportaciones,1988-09,364.57831142648706,"millions of USD, seasonally adjusted"
exportaciones,1988-10,433.020108087656,"millions of USD, seasonally adjusted"
exportaciones,1988-11,409.47970689765003,"millions of USD, seasonally adjusted"
exportaciones,1988-12,451.176904093085,"millions of USD, seasonally adjusted"
exportaciones,1989-01,541.511663841263,"millions of USD, seasonally adjusted"
exportaciones,1989-02,470.17566773748496,"millions of USD, seasonally adjusted"
exportaciones,1989-03,484.50700421674196,"millions of USD, seasonally adjusted"
exportaciones,1989-04,460.23476303711,"millions of USD, seasonally adjusted"
exportaciones,1989-05,468.317626415586,"millions of USD, seasonally adjusted"
exportaciones,1989-06,491.677742395972,"millions of USD, seasonally adjusted"
exportaciones,1989-07,427.082212596272,"millions of USD, seasonally adjusted"
exportaciones,1989-08,497.10168175388304,"millions of USD, seasonally adjusted"
exportaciones,1989-09,433.55269230642097,"millions of USD, seasonally adjusted"
exportaciones,1989-10,542.0905762260539,"millions of USD, seasonally adjusted"
exportaciones,1989-11,486.24026000986,"millions of USD, seasonally adjusted"
exportaciones,1989-12,421.256456614768,"millions of USD, seasonally adjusted"
exportaciones,1990-01,509.757719143038,"millions of USD, seasonally adjusted"
exportaciones,1990-02,488.38027675248,"millions of USD, seasonally adjusted"
exportaciones,1990-03,512.473293699591,"millions of USD, seasonally adjusted"
exportaciones,1990-04,564.353311015561,"millions of USD, seasonally adjusted"
exportaciones,1990-05,445.02937995522103,"millions of USD, seasonally adjusted"
exportaciones,1990-06,527.2757481321521,"millions of USD, seasonally adjusted"
exportaciones,1990-07,529.7297663303419,"millions of USD, seasonally adjusted"
exportaciones,1990-08,532.1529908775619,"millions of USD, seasonally adjusted"
exportaciones,1990-09,618.950663074397,"millions of USD, seasonally adjusted"
exportaciones,1990-10,705.134700067083,"millions of USD, seasonally adjusted"
exportaciones,1990-11,671.506891742159,"millions of USD, seasonally adjusted"
exportaciones,1990-12,613.764432141662,"millions of USD, seasonally adjusted"
exportaciones,1991-01,574.311037181388,"millions of USD, seasonally adjusted"
exportaciones,1991-02,563.73996557146,"millions of USD, seasonally adjusted"
exportaciones,1991-03,539.600481389704,"millions of USD, seasonally adjusted"
exportaciones,1991-04,657.6042200102539,"millions of USD, seasonally adjusted"
exportaciones,1991-05,583.957212514174,"millions of USD, seasonally adjusted"
exportaciones,1991-06,565.924386918315,"millions of USD, seasonally adjusted"
exportaciones,1991-07,590.176368255179,"millions of USD, seasonally adjusted"
exportaciones,1991-08,612.1894259409619,"millions of USD, seasonally adjusted"
exportaciones,1991-09,581.2826930344419,"millions of USD, seasonally adjusted"
exportaciones,1991-10,600.17208938308,"millions of USD, seasonally adjusted"
exportaciones,1991-11,635.1326263936811,"millions of USD, seasonally adjusted"
exportaciones,1991-12,599.7360866642621,"millions of USD, seasonally adjusted"
exportaciones,1992-01,568.3566982869642,"millions of USD, seasonally adjusted"
exportaciones,1992-02,617.3391171623339,"millions of USD, seasonally adjusted"
exportaciones,1992-03,540.9916944316229,"millions of USD, seasonally adjusted"
exportaciones,1992-04,546.7547736932589,"millions of USD, seasonally adjusted"
exportaciones,1992-05,606.947104392838,"millions of USD, seasonally adjusted"
exportaciones,1992-06,557.964727619336,"millions of USD, seasonally adjusted"
exportaciones,1992-07,606.587849534822,"millions of USD, seasonally adjusted"
exportaciones,1992-08,554.5108581850981,"millions of USD, seasonally adjusted"
exportaciones,1992-09,596.380128240413,"millions of USD, seasonally adjusted"
exportaciones,1992-10,614.03166935249,"millions of USD, seasonally adjusted"
exportaciones,1992-11,552.950961296908,"millions of USD, seasonally adjusted"
exportaciones,1992-12,536.768846522797,"millions of USD, seasonally adjusted"
exportaciones,1993-01,556.816347824798,"millions of USD, seasonally adjusted"
exportaciones,1993-02,622.0972811590689,"millions of USD, seasonally adjusted"
exportaciones,1993-03,658.126985528561,"millions of USD, seasonally adjusted"
exportaciones,1993-04,576.158066190909,"millions of USD, seasonally adjusted"
exportaciones,1993-05,600.39350662461,"millions of USD, seasonally adjusted"
exportaciones,1993-06,612.1902741527359,"millions of USD, seasonally adjusted"
exportaciones,1993-07,557.752898897605,"millions of USD, seasonally adjusted"
exportaciones,1993-08,542.714850887208,"millions of USD, seasonally adjusted"
exportaciones,1993-09,580.253519893116,"millions of USD, seasonally adjusted"
exportaciones,1993-10,636.0609870559581,"millions of USD, seasonally adjusted"
exportaciones,1993-11,604.13354041875,"millions of USD, seasonally adjusted"
exportaciones,1993-12,564.603265030566,"millions of USD, seasonally adjusted"
exportaciones,1994-01,593.731419428303,"millions of USD, seasonally adjusted"
exportaciones,1994-02,645.0950178156511,"millions of USD, seasonally adjusted"
exportaciones,1994-03,587.147099649766,"millions of USD, seasonally adjusted"
exportaciones,1994-04,655.7924933598371,"millions of USD, seasonally adjusted"
exportaciones,1994-05,612.049498024191,"millions of USD, seasonally adjusted"
exportaciones,1994-06,731.822029345384,"millions of USD, seasonally adjusted"
exportaciones,1994-07,705.1206034195569,"millions of USD, seasonally adjusted"
exportaciones,1994-08,845.6640144868669,"millions of USD, seasonally adjusted"
exportaciones,1994-09,731.9636420780739,"millions of USD, seasonally adjusted"
exportaciones,1994-10,802.747379889055,"millions of USD, seasonally adjusted"
exportaciones,1994-11,845.609687362054,"millions of USD, seasonally adjusted"
exportaciones,1994-12,778.774289996384,"millions of USD, seasonally adjusted"
exportaciones,1995-01,756.4743172604069,"millions of USD, seasonally adjusted"
exportaciones,1995-02,815.525070904197,"millions of USD, seasonally adjusted"
exportaciones,1995-03,881.9749669989709,"millions of USD, seasonally adjusted"
exportaciones,1995-04,824.6553742977361,"millions of USD, seasonally adjusted"
exportaciones,1995-05,860.132196797724,"millions of USD, seasonally adjusted"
exportaciones,1995-06,861.849259063875,"millions of USD, seasonally adjusted"
exportaciones,1995-07,857.9754436243221,"millions of USD, seasonally adjusted"
exportaciones,1995-08,876.7367345850499,"millions of USD, seasonally adjusted"
exportaciones,1995-09,835.152518976772,"millions of USD, seasonally adjusted"
exportaciones,1995-10,914.96367019735,"millions of USD, seasonally adjusted"
exportaciones,1995-11,895.882409983161,"millions of USD, seasonally adjusted"
exportaciones,1995-12,816.5803298043379,"millions of USD, seasonally adjusted"
exportaciones,1996-01,756.354040155382,"millions of USD, seasonally adjusted"
exportaciones,1996-02,851.451084957141,"millions of USD, seasonally adjusted"
exportaciones,1996-03,943.565023391139,"millions of USD, seasonally adjusted"
exportaciones,1996-04,987.3161258183201,"millions of USD, seasonally adjusted"
exportaciones,1996-05,857.708556322334,"millions of USD, seasonally adjusted"
exportaciones,1996-06,885.03207672906,"millions of USD, seasonally adjusted"
exportaciones,1996-07,884.5032913928151,"millions of USD, seasonally adjusted"
exportaciones,1996-08,765.320993913977,"millions of USD, seasonally adjusted"
exportaciones,1996-09,849.61389608157,"millions of USD, seasonally adjusted"
exportaciones,1996-10,978.280576679122,"millions of USD, seasonally adjusted"
exportaciones,1996-11,1001.7782997003,"millions of USD, seasonally adjusted"
exportaciones,1996-12,882.6681825602309,"millions of USD, seasonally adjusted"
exportaciones,1997-01,866.539964398657,"millions of USD, seasonally adjusted"
exportaciones,1997-02,926.663667024107,"millions of USD, seasonally adjusted"
exportaciones,1997-03,818.357043256418,"millions of USD, seasonally adjusted"
exportaciones,1997-04,1067.9571183375601,"millions of USD, seasonally adjusted"
exportaciones,1997-05,1012.07444452317,"millions of USD, seasonally adjusted"
exportaciones,1997-06,924.5034142397259,"millions of USD, seasonally adjusted"
exportaciones,1997-07,1061.09172436882,"millions of USD, seasonally adjusted"
exportaciones,1997-08,904.004921133474,"millions of USD, seasonally adjusted"
exportaciones,1997-09,945.115299920692,"millions of USD, seasonally adjusted"
exportaciones,1997-10,924.4174032843421,"millions of USD, seasonally adjusted"
exportaciones,1997-11,1027.3053318337,"millions of USD, seasonally adjusted"
exportaciones,1997-12,1041.5066239944,"millions of USD, seasonally adjusted"
exportaciones,1998-01,951.452313179143,"millions of USD, seasonally adjusted"
exportaciones,1998-02,880.9509850899791,"millions of USD, seasonally adjusted"
exportaciones,1998-03,904.4280497503499,"millions of USD, seasonally adjusted"
exportaciones,1998-04,912.661121689836,"millions of USD, seasonally adjusted"
exportaciones,1998-05,1043.60611267994,"millions of USD, seasonally adjusted"
exportaciones,1998-06,905.447270461262,"millions of USD, seasonally adjusted"
exportaciones,1998-07,922.1537675711351,"millions of USD, seasonally adjusted"
exportaciones,1998-08,829.700553142383,"millions of USD, seasonally adjusted"
exportaciones,1998-09,889.16441181367,"millions of USD, seasonally adjusted"
exportaciones,1998-10,890.458932941326,"millions of USD, seasonally adjusted"
exportaciones,1998-11,867.786363643774,"millions of USD, seasonally adjusted"
exportaciones,1998-12,887.67196611921,"millions of USD, seasonally adjusted"
exportaciones,1999-01,804.5343044849151,"millions of USD, seasonally adjusted"
exportaciones,1999-02,820.6138893369159,"millions of USD, seasonally adjusted"
exportaciones,1999-03,944.1892303513071,"millions of USD, seasonally adjusted"
exportaciones,1999-04,836.5001072115131,"millions of USD, seasonally adjusted"
exportaciones,1999-05,892.306182639269,"millions of USD, seasonally adjusted"
exportaciones,1999-06,1025.19656207652,"millions of USD, seasonally adjusted"
exportaciones,1999-07,1007.90179011281,"millions of USD, seasonally adjusted"
exportaciones,1999-08,988.8006336146769,"millions of USD, seasonally adjusted"
exportaciones,1999-09,1024.25977119519,"millions of USD, seasonally adjusted"
exportaciones,1999-10,988.2158002337951,"millions of USD, seasonally adjusted"
exportaciones,1999-11,1074.59130290481,"millions of USD, seasonally adjusted"
exportaciones,1999-12,1164.65037142926,"millions of USD, seasonally adjusted"
exportaciones,2000-01,1131.1691145104498,"millions of USD, seasonally adjusted"
exportaciones,2000-02,1130.24362775428,"millions of USD, seasonally adjusted"
exportaciones,2000-03,1022.7836892123601,"millions of USD, seasonally adjusted"
exportaciones,2000-04,933.576814361945,"millions of USD, seasonally adjusted"
exportaciones,2000-05,1065.03843489023,"millions of USD, seasonally adjusted"
exportaciones,2000-06,1135.3719883686,"millions of USD, seasonally adjusted"
exportaciones,2000-07,1111.4100407778699,"millions of USD, seasonally adjusted"
exportaciones,2000-08,1205.46815865987,"millions of USD, seasonally adjusted"
exportaciones,2000-09,1080.90644643363,"millions of USD, seasonally adjusted"
exportaciones,2000-10,986.929950989185,"millions of USD, seasonally adjusted"
exportaciones,2000-11,1192.59021404824,"millions of USD, seasonally adjusted"
exportaciones,2000-12,1184.42916952689,"millions of USD, seasonally adjusted"
exportaciones,2001-01,1100.6953725197898,"millions of USD, seasonally adjusted"
exportaciones,2001-02,1039.41095090007,"millions of USD, seasonally adjusted"
exportaciones,2001-03,989.224826405311,"millions of USD, seasonally adjusted"
exportaciones,2001-04,1094.9299099551301,"millions of USD, seasonally adjusted"
exportaciones,2001-05,991.9798490093791,"millions of USD, seasonally adjusted"
exportaciones,2001-06,997.874857902596,"millions of USD, seasonally adjusted"
exportaciones,2001-07,993.4421055529031,"millions of USD, seasonally adjusted"
exportaciones,2001-08,1154.51013094475,"millions of USD, seasonally adjusted"
exportaciones,2001-09,1075.87000481981,"millions of USD, seasonally adjusted"
exportaciones,2001-10,1001.35416017751,"millions of USD, seasonally adjusted"
exportaciones,2001-11,967.819846806858,"millions of USD, seasonally adjusted"
exportaciones,2001-12,935.543446806947,"millions of USD, seasonally adjusted"
exportaciones,2002-01,1021.2288565947101,"millions of USD, seasonally adjusted"
exportaciones,2002-02,1019.9509221684901,"millions of USD, seasonally adjusted"
exportaciones,2002-03,918.299981164917,"millions of USD, seasonally adjusted"
exportaciones,2002-04,1071.01961321047,"millions of USD, seasonally adjusted"
exportaciones,2002-05,999.159879851171,"millions of USD, seasonally adjusted"
exportaciones,2002-06,938.434477818955,"millions of USD, seasonally adjusted"
exportaciones,2002-07,1008.84021486576,"millions of USD, seasonally adjusted"
exportaciones,2002-08,903.766096173453,"millions of USD, seasonally adjusted"
exportaciones,2002-09,1037.21099405363,"millions of USD, seasonally adjusted"
exportaciones,2002-10,1055.6002206225098,"millions of USD, seasonally adjusted"
exportaciones,2002-11,986.3296332943349,"millions of USD, seasonally adjusted"
exportaciones,2002-12,1004.6479331229101,"millions of USD, seasonally adjusted"
exportaciones,2003-01,999.448251096972,"millions of USD, seasonally adjusted"
exportaciones,2003-02,1114.67051797919,"millions of USD, seasonally adjusted"
exportaciones,2003-03,1035.4782507607101,"millions of USD, seasonally adjusted"
exportaciones,2003-04,1117.35390181707,"millions of USD, seasonally adjusted"
exportaciones,2003-05,1114.2052259616798,"millions of USD, seasonally adjusted"
exportaciones,2003-06,997.567866205678,"millions of USD, seasonally adjusted"
exportaciones,2003-07,1225.62486391422,"millions of USD, seasonally adjusted"
exportaciones,2003-08,1097.20914263583,"millions of USD, seasonally adjusted"
exportaciones,2003-09,1045.5196627975502,"millions of USD, seasonally adjusted"
exportaciones,2003-10,1151.62282030091,"millions of USD, seasonally adjusted"
exportaciones,2003-11,1124.45935079665,"millions of USD, seasonally adjusted"
exportaciones,2003-12,1094.6093340471102,"millions of USD, seasonally adjusted"
exportaciones,2004-01,1299.92471189561,"millions of USD, seasonally adjusted"
exportaciones,2004-02,1116.17795027843,"millions of USD, seasonally adjusted"
exportaciones,2004-03,1164.71566393621,"millions of USD, seasonally adjusted"
exportaciones,2004-04,1285.3788043680302,"millions of USD, seasonally adjusted"
exportaciones,2004-05,1273.1056758036002,"millions of USD, seasonally adjusted"
exportaciones,2004-06,1407.2405901807401,"millions of USD, seasonally adjusted"
exportaciones,2004-07,1509.19131994662,"millions of USD, seasonally adjusted"
exportaciones,2004-08,1495.32922567739,"millions of USD, seasonally adjusted"
exportaciones,2004-09,1470.76792067299,"millions of USD, seasonally adjusted"
exportaciones,2004-10,1548.45959684737,"millions of USD, seasonally adjusted"
exportaciones,2004-11,1593.1004511923898,"millions of USD, seasonally adjusted"
exportaciones,2004-12,1526.28845893313,"millions of USD, seasonally adjusted"
exportaciones,2005-01,1542.35105040598,"millions of USD, seasonally adjusted"
exportaciones,2005-02,1655.89655577279,"millions of USD, seasonally adjusted"
exportaciones,2005-03,1772.5122140416302,"millions of USD, seasonally adjusted"
exportaciones,2005-04,1667.6093718593602,"millions of USD, seasonally adjusted"
exportaciones,2005-05,1632.2187180072,"millions of USD, seasonally adjusted"
exportaciones,2005-06,2074.12037947082,"millions of USD, seasonally adjusted"
exportaciones,2005-07,1647.59885598034,"millions of USD, seasonally adjusted"
exportaciones,2005-08,1830.67157941716,"millions of USD, seasonally adjusted"
exportaciones,2005-09,1852.15136986968,"millions of USD, seasonally adjusted"
exportaciones,2005-10,1815.47491320843,"millions of USD, seasonally adjusted"
exportaciones,2005-11,1843.8565562334002,"millions of USD, seasonally adjusted"
exportaciones,2005-12,1847.77686804809,"millions of USD, seasonally adjusted"
exportaciones,2006-01,1835.91246187325,"millions of USD, seasonally adjusted"
exportaciones,2006-02,2012.99657621641,"millions of USD, seasonally adjusted"
exportaciones,2006-03,1856.32563672248,"millions of USD, seasonally adjusted"
exportaciones,2006-04,1946.3029661254102,"millions of USD, seasonally adjusted"
exportaciones,2006-05,2029.73494082746,"millions of USD, seasonally adjusted"
exportaciones,2006-06,2004.3867901987799,"millions of USD, seasonally adjusted"
exportaciones,2006-07,2118.86879401419,"millions of USD, seasonally adjusted"
exportaciones,2006-08,2067.22948861558,"millions of USD, seasonally adjusted"
exportaciones,2006-09,2072.95155176844,"millions of USD, seasonally adjusted"
exportaciones,2006-10,2259.5199465665796,"millions of USD, seasonally adjusted"
exportaciones,2006-11,2149.8554729852303,"millions of USD, seasonally adjusted"
exportaciones,2006-12,2046.9837949922,"millions of USD, seasonally adjusted"
exportaciones,2007-01,1978.5214825162398,"millions of USD, seasonally adjusted"
exportaciones,2007-02,2060.45300291474,"millions of USD, seasonally adjusted"
exportaciones,2007-03,2333.37247272546,"millions of USD, seasonally adjusted"
exportaciones,2007-04,2557.47066229897,"millions of USD, seasonally adjusted"
exportaciones,2007-05,2490.5934146896,"millions of USD, seasonally adjusted"
exportaciones,2007-06,2102.38735517289,"millions of USD, seasonally adjusted"
exportaciones,2007-07,2570.3765792741797,"millions of USD, seasonally adjusted"
exportaciones,2007-08,2512.53467049802,"millions of USD, seasonally adjusted"
exportaciones,2007-09,2523.36266569566,"millions of USD, seasonally adjusted"
exportaciones,2007-10,2546.19295547008,"millions of USD, seasonally adjusted"
exportaciones,2007-11,3155.26071829428,"millions of USD, seasonally adjusted"
exportaciones,2007-12,3077.86634393993,"millions of USD, seasonally adjusted"
exportaciones,2008-01,3068.6151204694097,"millions of USD, seasonally adjusted"
exportaciones,2008-02,3051.95721062468,"millions of USD, seasonally adjusted"
exportaciones,2008-03,3162.47455688819,"millions of USD, seasonally adjusted"
exportaciones,2008-04,3187.57193937065,"millions of USD, seasonally adjusted"
exportaciones,2008-05,3180.0051368726604,"millions of USD, seasonally adjusted"
exportaciones,2008-06,3681.5070610336397,"millions of USD, seasonally adjusted"
exportaciones,2008-07,3644.2739933883004,"millions of USD, seasonally adjusted"
exportaciones,2008-08,3315.35509437627,"millions of USD, seasonally adjusted"
exportaciones,2008-09,3052.1933317332605,"millions of USD, seasonally adjusted"
exportaciones,2008-10,3059.3754445671,"millions of USD, seasonally adjusted"
exportaciones,2008-11,2377.46405512327,"millions of USD, seasonally adjusted"
exportaciones,2008-12,2779.20246867389,"millions of USD, seasonally adjusted"
exportaciones,2009-01,2776.7655780444397,"millions of USD, seasonally adjusted"
exportaciones,2009-02,2532.4587373283503,"millions of USD, seasonally adjusted"
exportaciones,2009-03,2642.3951783611897,"millions of USD, seasonally adjusted"
exportaciones,2009-04,2456.8581846560796,"millions of USD, seasonally adjusted"
exportaciones,2009-05,2615.94607925703,"millions of USD, seasonally adjusted"
exportaciones,2009-06,2712.56575157448,"millions of USD, seasonally adjusted"
exportaciones,2009-07,2788.9786688144,"millions of USD, seasonally adjusted"
exportaciones,2009-08,2697.24047532031,"millions of USD, seasonally adjusted"
exportaciones,2009-09,2727.6934055182,"millions of USD, seasonally adjusted"
exportaciones,2009-10,2937.3892452588902,"millions of USD, seasonally adjusted"
exportaciones,2009-11,2950.16034252924,"millions of USD, seasonally adjusted"
exportaciones,2009-12,2984.34940074999,"millions of USD, seasonally adjusted"
exportaciones,2010-01,3252.96758276293,"millions of USD, seasonally adjusted"
exportaciones,2010-02,3103.0037431371197,"millions of USD, seasonally adjusted"
exportaciones,2010-03,3263.44120736278,"millions of USD, seasonally adjusted"
exportaciones,2010-04,3457.12268495048,"millions of USD, seasonally adjusted"
exportaciones,2010-05,3348.74617199675,"millions of USD, seasonally adjusted"
exportaciones,2010-06,3036.4781761427203,"millions of USD, seasonally adjusted"
exportaciones,2010-07,3090.21085957045,"millions of USD, seasonally adjusted"
exportaciones,2010-08,3270.68304760092,"millions of USD, seasonally adjusted"
exportaciones,2010-09,3193.58534451783,"millions of USD, seasonally adjusted"
exportaciones,2010-10,3578.2796256554298,"millions of USD, seasonally adjusted"
exportaciones,2010-11,3477.8748744544405,"millions of USD, seasonally adjusted"
exportaciones,2010-12,3604.71160845014,"millions of USD, seasonally adjusted"
exportaciones,2011-01,4197.97468293196,"millions of USD, seasonally adjusted"
exportaciones,2011-02,4279.0088315146695,"millions of USD, seasonally adjusted"
exportaciones,2011-03,4676.6811101578,"millions of USD, seasonally adjusted"
exportaciones,2011-04,4960.26707337693,"millions of USD, seasonally adjusted"
exportaciones,2011-05,4830.91318995753,"millions of USD, seasonally adjusted"
exportaciones,2011-06,4676.248758307921,"millions of USD, seasonally adjusted"
exportaciones,2011-07,4841.74776927345,"millions of USD, seasonally adjusted"
exportaciones,2011-08,4835.00580959595,"millions of USD, seasonally adjusted"
exportaciones,2011-09,4471.50410186332,"millions of USD, seasonally adjusted"
exportaciones,2011-10,4827.14478659675,"millions of USD, seasonally adjusted"
exportaciones,2011-11,5226.692127819269,"millions of USD, seasonally adjusted"
exportaciones,2011-12,5052.50665906513,"millions of USD, seasonally adjusted"
exportaciones,2012-01,5258.62353989237,"millions of USD, seasonally adjusted"
exportaciones,2012-02,5377.86730883358,"millions of USD, seasonally adjusted"
exportaciones,2012-03,5545.682284615889,"millions of USD, seasonally adjusted"
exportaciones,2012-04,5158.9898028676,"millions of USD, seasonally adjusted"
exportaciones,2012-05,4983.21319099699,"millions of USD, seasonally adjusted"
exportaciones,2012-06,4609.42067106797,"millions of USD, seasonally adjusted"
exportaciones,2012-07,4872.73965550121,"millions of USD, seasonally adjusted"
exportaciones,2012-08,4473.616148024471,"millions of USD, seasonally adjusted"
exportaciones,2012-09,4944.44818442052,"millions of USD, seasonally adjusted"
exportaciones,2012-10,5314.78686100531,"millions of USD, seasonally adjusted"
exportaciones,2012-11,4882.754164140851,"millions of USD, seasonally adjusted"
exportaciones,2012-12,4787.15536318307,"millions of USD, seasonally adjusted"
exportaciones,2013-01,5246.36068934616,"millions of USD, seasonally adjusted"
exportaciones,2013-02,5045.59693082234,"millions of USD, seasonally adjusted"
exportaciones,2013-03,4857.94803074609,"millions of USD, seasonally adjusted"
exportaciones,2013-04,4708.70520586863,"millions of USD, seasonally adjusted"
exportaciones,2013-05,4917.86210669954,"millions of USD, seasonally adjusted"
exportaciones,2013-06,5001.74898328903,"millions of USD, seasonally adjusted"
exportaciones,2013-07,4480.49265511224,"millions of USD, seasonally adjusted"
exportaciones,2013-08,4950.59303468355,"millions of USD, seasonally adjusted"
exportaciones,2013-09,4798.15153902328,"millions of USD, seasonally adjusted"
exportaciones,2013-10,4730.375461844829,"millions of USD, seasonally adjusted"
exportaciones,2013-11,5108.10152639553,"millions of USD, seasonally adjusted"
exportaciones,2013-12,5009.767309362031,"millions of USD, seasonally adjusted"
exportaciones,2014-01,5209.83720131462,"millions of USD, seasonally adjusted"
exportaciones,2014-02,4619.08282793162,"millions of USD, seasonally adjusted"
exportaciones,2014-03,4349.679961067461,"millions of USD, seasonally adjusted"
exportaciones,2014-04,4382.49900630007,"millions of USD, seasonally adjusted"
exportaciones,2014-05,5152.83957359142,"millions of USD, seasonally adjusted"
exportaciones,2014-06,4754.30890119286,"millions of USD, seasonally adjusted"
exportaciones,2014-07,4859.599060265909,"millions of USD, seasonally adjusted"
exportaciones,2014-08,4864.09685247397,"millions of USD, seasonally adjusted"
exportaciones,2014-09,4935.8250053601705,"millions of USD, seasonally adjusted"
exportaciones,2014-10,4223.92046937458,"millions of USD, seasonally adjusted"
exportaciones,2014-11,3985.7152208150806,"millions of USD, seasonally adjusted"
exportaciones,2014-12,3543.7092588530595,"millions of USD, seasonally adjusted"
exportaciones,2015-01,3216.94985756659,"millions of USD, seasonally adjusted"
exportaciones,2015-02,3418.54339522018,"millions of USD, seasonally adjusted"
exportaciones,2015-03,3394.81881142079,"millions of USD, seasonally adjusted"
exportaciones,2015-04,3235.34592257349,"millions of USD, seasonally adjusted"
exportaciones,2015-05,3224.46408705947,"millions of USD, seasonally adjusted"
exportaciones,2015-06,3200.6135606353105,"millions of USD, seasonally adjusted"
exportaciones,2015-07,2928.5682888081296,"millions of USD, seasonally adjusted"
exportaciones,2015-08,2900.03796769009,"millions of USD, seasonally adjusted"
exportaciones,2015-09,2816.19905909895,"millions of USD, seasonally adjusted"
exportaciones,2015-10,2795.50353967555,"millions of USD, seasonally adjusted"
exportaciones,2015-11,2477.5534361516097,"millions of USD, seasonally adjusted"
exportaciones,2015-12,2413.6691456866,"millions of USD, seasonally adjusted"
exportaciones,2016-01,2152.27724128441,"millions of USD, seasonally adjusted"
exportaciones,2016-02,2506.23696615784,"millions of USD, seasonally adjusted"
exportaciones,2016-03,2373.92133882868,"millions of USD, seasonally adjusted"
exportaciones,2016-04,2385.7412612481703,"millions of USD, seasonally adjusted"
exportaciones,2016-05,2584.81330157294,"millions of USD, seasonally adjusted"
exportaciones,2016-06,2769.19633074269,"millions of USD, seasonally adjusted"
exportaciones,2016-07,2252.2543761005804,"millions of USD, seasonally adjusted"
exportaciones,2016-08,2982.71673261746,"millions of USD, seasonally adjusted"
exportaciones,2016-09,2718.81296376639,"millions of USD, seasonally adjusted"
exportaciones,2016-10,2795.3416131253502,"millions of USD, seasonally adjusted"
exportaciones,2016-11,2883.57385348506,"millions of USD, seasonally adjusted"
exportaciones,2016-12,3288.56621969221,"millions of USD, seasonally adjusted"
exportaciones,2017-01,3071.5711054733,"millions of USD, seasonally adjusted"
exportaciones,2017-02,2935.54084397918,"millions of USD, seasonally adjusted"
exportaciones,2017-03,3143.5628621557103,"millions of USD, seasonally adjusted"
exportaciones,2017-04,2829.7063614089698,"millions of USD, seasonally adjusted"
exportaciones,2017-05,3244.77503459618,"millions of USD, seasonally adjusted"
exportaciones,2017-06,2888.1105539561,"millions of USD, seasonally adjusted"
exportaciones,2017-07,3101.32433392921,"millions of USD, seasonally adjusted"
exportaciones,2017-08,3132.35654029357,"millions of USD, seasonally adjusted"
exportaciones,2017-09,3349.0904340875504,"millions of USD, seasonally adjusted"
exportaciones,2017-10,3254.72880706612,"millions of USD, seasonally adjusted"
exportaciones,2017-11,3178.26378347833,"millions of USD, seasonally adjusted"
exportaciones,2017-12,3855.8129912659706,"millions of USD, seasonally adjusted"
exportaciones,2018-01,3606.27948232268,"millions of USD, seasonally adjusted"
exportaciones,2018-02,3270.56617478261,"millions of USD, seasonally adjusted"
exportaciones,2018-03,3432.31909311156,"millions of USD, seasonally adjusted"
exportaciones,2018-04,3701.10327865801,"millions of USD, seasonally adjusted"
exportaciones,2018-05,3448.40418618449,"millions of USD, seasonally adjusted"
exportaciones,2018-06,3381.26033112041,"millions of USD, seasonally adjusted"
exportaciones,2018-07,3539.41494524259,"millions of USD, seasonally adjusted"
exportaciones,2018-08,3622.53594236683,"millions of USD, seasonally adjusted"
exportaciones,2018-09,3528.85797431258,"millions of USD, seasonally adjusted"
exportaciones,2018-10,3682.7076200161096,"millions of USD, seasonally adjusted"
exportaciones,2018-11,3403.4928582287403,"millions of USD, seasonally adjusted"
exportaciones,2018-12,3272.54066532097,"millions of USD, seasonally adjusted"
exportaciones,2019-01,3325.17380569622,"millions of USD, seasonally adjusted"
exportaciones,2019-02,3435.6365276983797,"millions of USD, seasonally adjusted"
exportaciones,2019-03,3283.40653197713,"millions of USD, seasonally adjusted"
exportaciones,2019-04,3916.6809486305797,"millions of USD, seasonally adjusted"
exportaciones,2019-05,3481.17979137493,"millions of USD, seasonally adjusted"
exportaciones,2019-06,3195.4480666915497,"millions of USD, seasonally adjusted"
exportaciones,2019-07,3115.49065278933,"millions of USD, seasonally adjusted"
exportaciones,2019-08,3268.2849199369102,"millions of USD, seasonally adjusted"
exportaciones,2019-09,3032.48225567643,"millions of USD, seasonally adjusted"
exportaciones,2019-10,3251.93118553119,"millions of USD, seasonally adjusted"
exportaciones,2019-11,3044.31249167568,"millions of USD, seasonally adjusted"
exportaciones,2019-12,3145.64877657231,"millions of USD, seasonally adjusted"
exportaciones,2020-01,3708.6789094422597,"millions of USD, seasonally adjusted"
exportaciones,2020-02,3211.1266139821,"millions of USD, seasonally adjusted"
exportaciones,2020-03,2352.8395917195903,"millions of USD, seasonally adjusted"
exportaciones,2020-04,1890.61453603995,"millions of USD, seasonally adjusted"
exportaciones,2020-05,2134.99137441173,"millions of USD, seasonally adjusted"
exportaciones,2020-06,2287.8488837372497,"millions of USD, seasonally adjusted"
exportaciones,2020-07,2436.76620188725,"millions of USD, seasonally adjusted"
exportaciones,2020-08,2636.05964668102,"millions of USD, seasonally adjusted"
exportaciones,2020-09,2475.1223134365305,"millions of USD, seasonally adjusted"
exportaciones,2020-10,2629.5708264243494,"millions of USD, seasonally adjusted"
exportaciones,2020-11,2607.55845112174,"millions of USD, seasonally adjusted"
exportaciones,2020-12,2813.8197889019702,"millions of USD, seasonally adjusted"
exportaciones,2021-01,2927.57044452628,"millions of USD, seasonally adjusted"
exportaciones,2021-02,3166.1670625523598,"millions of USD, seasonally adjusted"
exportaciones,2021-03,3278.17466050532,"millions of USD, seasonally adjusted"
exportaciones,2021-04,2953.3803987443703,"millions of USD, seasonally adjusted"
exportaciones,2021-05,2980.98283184181,"millions of USD, seasonally adjusted"
exportaciones,2021-06,3180.1329819777097,"millions of USD, seasonally adjusted"
exportaciones,2021-07,3335.3563826429704,"millions of USD, seasonally adjusted"
exportaciones,2021-08,3485.85895824609,"millions of USD, seasonally adjusted"
exportaciones,2021-09,3687.2802189759204,"millions of USD, seasonally adjusted"
exportaciones,2021-10,3841.71638558381,"millions of USD, seasonally adjusted"
exportaciones,2021-11,4221.42087323789,"millions of USD, seasonally adjusted"
exportaciones,2021-12,4220.76072481255,"millions of USD, seasonally adjusted"
exportaciones,2022-01,4273.50831217694,"millions of USD, seasonally adjusted"
exportaciones,2022-02,4537.360061604631,"millions of USD, seasonally adjusted"
exportaciones,2022-03,4532.71477858842,"millions of USD, seasonally adjusted"
exportaciones,2022-04,5634.78138470193,"millions of USD, seasonally adjusted"
exportaciones,2022-05,4431.770105060741,"millions of USD, seasonally adjusted"
exportaciones,2022-06,5493.63676877015,"millions of USD, seasonally adjusted"
exportaciones,2022-07,5808.92888727678,"millions of USD, seasonally adjusted"
exportaciones,2022-08,4353.36299754406,"millions of USD, seasonally adjusted"
exportaciones,2022-09,4643.69097986115,"millions of USD, seasonally adjusted"
exportaciones,2022-10,4262.10307156044,"millions of USD, seasonally adjusted"
exportaciones,2022-11,4630.66947115117,"millions of USD, seasonally adjusted"
exportaciones,2022-12,4380.6066115967,"millions of USD, seasonally adjusted"
exportaciones,2023-01,4127.73726470922,"millions of USD, seasonally adjusted"
exportaciones,2023-02,4563.425876862159,"millions of USD, seasonally adjusted"
exportaciones,2023-03,4233.97843169781,"millions of USD, seasonally adjusted"
exportaciones,2023-04,3912.59485500326,"millions of USD, seasonally adjusted"
exportaciones,2023-05,4194.1886601958095,"millions of USD, seasonally adjusted"
exportaciones,2023-06,4020.9029434665704,"millions of USD, seasonally adjusted"
exportaciones,2023-07,4089.20630497425,"millions of USD, seasonally adjusted"
exportaciones,2023-08,3918.45152189251,"millions of USD, seasonally adjusted"
exportaciones,2023-09,4113.7352033501,"millions of USD, seasonally adjusted"
exportaciones,2023-10,4132.122367081531,"millions of USD, seasonally adjusted"
exportaciones,2023-11,4254.94611783249,"millions of USD, seasonally adjusted"
exportaciones,2023-12,4264.171262238221,"millions of USD, seasonally adjusted"
exportaciones,2024-01,3941.0918346936596,"millions of USD, seasonally adjusted"
exportaciones,2024-02,4084.12751805221,"millions of USD, seasonally adjusted"
exportaciones,2024-03,4037.23880899233,"millions of USD, seasonally adjusted"
exportaciones,2024-04,4188.57077940895,"millions of USD, seasonally adjusted"
exportaciones,2024-05,4150.3514209206405,"millions of USD, seasonally adjusted"
exportaciones,2024-06,3988.95370282845,"millions of USD, seasonally adjusted"
exportaciones,2024-07,4384.65540263245,"millions of USD, seasonally adjusted"
exportaciones,2024-08,3887.67621914553,"millions of USD, seasonally adjusted"
exportaciones,2024-09,4102.244530632421,"millions of USD, seasonally adjusted"
exportaciones,2024-10,4218.6420562598105,"millions of USD, seasonally adjusted"
exportaciones,2024-11,4253.10552075899,"millions of USD, seasonally adjusted"
exportaciones,2024-12,4225.6907368642305,"millions of USD, seasonally adjusted"
exportaciones,2025-01,4111.08661477792,"millions of USD, seasonally adjusted"
exportaciones,2025-02,4070.72204910732,"millions of USD, seasonally adjusted"
exportaciones,2025-03,4305.72059150681,"millions of USD, seasonally adjusted"
exportaciones,2025-04,4172.10479085732,"millions of USD, seasonally adjusted"
exportaciones,2025-05,4129.95433393081,"millions of USD, seasonally adjusted"
exportaciones,2025-06,4026.0370376751303,"millions of USD, seasonally adjusted"
exportaciones,2025-07,4202.77912197032,"millions of USD, seasonally adjusted"
exportaciones,2025-08,3980.04471842401,"millions of USD, seasonally adjusted"
exportaciones,2025-09,4510.94833611955,"millions of USD, seasonally adjusted"
exportaciones,2025-10,4208.764177782489,"millions of USD, seasonally adjusted"
exportaciones,2025-11,4210.05086440098,"millions of USD, seasonally adjusted"
exportaciones,2025-12,4217.66152760577,"millions of USD, seasonally adjusted"
exportaciones,2026-01,4731.745674057091,"millions of USD, seasonally adjusted"
exportaciones,2026-02,4541.08726631382,"millions of USD, seasonally adjusted"
exportaciones,2026-03,5168.593882145739,"millions of USD, seasonally adjusted"
exportaciones,2026-04,4601.00713347693,"millions of USD, seasonally adjusted"
exportaciones,2026-05,5002.65358837958,"millions of USD, seasonally adjusted"
importaciones,1990-01,502.64502426632794,"millions of USD, seasonally adjusted"
importaciones,1990-02,478.06905838582804,"millions of USD, seasonally adjusted"
importaciones,1990-03,500.46523633191697,"millions of USD, seasonally adjusted"
importaciones,1990-04,484.005506113325,"millions of USD, seasonally adjusted"
importaciones,1990-05,451.886047353926,"millions of USD, seasonally adjusted"
importaciones,1990-06,386.670304682851,"millions of USD, seasonally adjusted"
importaciones,1990-07,417.178664307422,"millions of USD, seasonally adjusted"
importaciones,1990-08,428.20418063308,"millions of USD, seasonally adjusted"
importaciones,1990-09,598.314860391593,"millions of USD, seasonally adjusted"
importaciones,1990-10,479.080447198869,"millions of USD, seasonally adjusted"
importaciones,1990-11,385.086035796329,"millions of USD, seasonally adjusted"
importaciones,1990-12,480.437281221279,"millions of USD, seasonally adjusted"
importaciones,1991-01,413.916681047071,"millions of USD, seasonally adjusted"
importaciones,1991-02,449.522485042444,"millions of USD, seasonally adjusted"
importaciones,1991-03,418.74198110070097,"millions of USD, seasonally adjusted"
importaciones,1991-04,367.460279556593,"millions of USD, seasonally adjusted"
importaciones,1991-05,408.87584071434895,"millions of USD, seasonally adjusted"
importaciones,1991-06,425.266642679328,"millions of USD, seasonally adjusted"
importaciones,1991-07,490.725207781804,"millions of USD, seasonally adjusted"
importaciones,1991-08,436.091525030331,"millions of USD, seasonally adjusted"
importaciones,1991-09,446.32199453974096,"millions of USD, seasonally adjusted"
importaciones,1991-10,417.76153421414296,"millions of USD, seasonally adjusted"
importaciones,1991-11,354.56593676300594,"millions of USD, seasonally adjusted"
importaciones,1991-12,319.631527729169,"millions of USD, seasonally adjusted"
importaciones,1992-01,498.017629838668,"millions of USD, seasonally adjusted"
importaciones,1992-02,531.404612641317,"millions of USD, seasonally adjusted"
importaciones,1992-03,443.09859127658495,"millions of USD, seasonally adjusted"
importaciones,1992-04,523.9564603747659,"millions of USD, seasonally adjusted"
importaciones,1992-05,517.979205012883,"millions of USD, seasonally adjusted"
importaciones,1992-06,512.260733029706,"millions of USD, seasonally adjusted"
importaciones,1992-07,601.985502540733,"millions of USD, seasonally adjusted"
importaciones,1992-08,637.4190291217801,"millions of USD, seasonally adjusted"
importaciones,1992-09,624.9766281532919,"millions of USD, seasonally adjusted"
importaciones,1992-10,601.311180086332,"millions of USD, seasonally adjusted"
importaciones,1992-11,648.045763658965,"millions of USD, seasonally adjusted"
importaciones,1992-12,462.637618087016,"millions of USD, seasonally adjusted"
importaciones,1993-01,672.616340300674,"millions of USD, seasonally adjusted"
importaciones,1993-02,878.3831963879289,"millions of USD, seasonally adjusted"
importaciones,1993-03,886.55852119012,"millions of USD, seasonally adjusted"
importaciones,1993-04,802.1790802311721,"millions of USD, seasonally adjusted"
importaciones,1993-05,869.046133830502,"millions of USD, seasonally adjusted"
importaciones,1993-06,865.941059580029,"millions of USD, seasonally adjusted"
importaciones,1993-07,815.0132341972879,"millions of USD, seasonally adjusted"
importaciones,1993-08,750.6182475822329,"millions of USD, seasonally adjusted"
importaciones,1993-09,758.160669424423,"millions of USD, seasonally adjusted"
importaciones,1993-10,872.819787503051,"millions of USD, seasonally adjusted"
importaciones,1993-11,830.138640929933,"millions of USD, seasonally adjusted"
importaciones,1993-12,803.90840758046,"millions of USD, seasonally adjusted"
importaciones,1994-01,888.386909037205,"millions of USD, seasonally adjusted"
importaciones,1994-02,816.499302774756,"millions of USD, seasonally adjusted"
importaciones,1994-03,901.437544021913,"millions of USD, seasonally adjusted"
importaciones,1994-04,938.761814531513,"millions of USD, seasonally adjusted"
importaciones,1994-05,970.286616446392,"millions of USD, seasonally adjusted"
importaciones,1994-06,1013.8267632006,"millions of USD, seasonally adjusted"
importaciones,1994-07,989.7604490891721,"millions of USD, seasonally adjusted"
importaciones,1994-08,1113.2675749049902,"millions of USD, seasonally adjusted"
importaciones,1994-09,1081.88596515714,"millions of USD, seasonally adjusted"
importaciones,1994-10,1058.1188437446501,"millions of USD, seasonally adjusted"
importaciones,1994-11,1021.4626917966201,"millions of USD, seasonally adjusted"
importaciones,1994-12,1111.5005473157,"millions of USD, seasonally adjusted"
importaciones,1995-01,1014.5670050992699,"millions of USD, seasonally adjusted"
importaciones,1995-02,1074.51865412741,"millions of USD, seasonally adjusted"
importaciones,1995-03,1149.61077332057,"millions of USD, seasonally adjusted"
importaciones,1995-04,1126.86345135165,"millions of USD, seasonally adjusted"
importaciones,1995-05,1184.61146547683,"millions of USD, seasonally adjusted"
importaciones,1995-06,1254.28462341819,"millions of USD, seasonally adjusted"
importaciones,1995-07,1157.44527466251,"millions of USD, seasonally adjusted"
importaciones,1995-08,1125.59315405344,"millions of USD, seasonally adjusted"
importaciones,1995-09,1205.4505974734002,"millions of USD, seasonally adjusted"
importaciones,1995-10,1159.1891074389803,"millions of USD, seasonally adjusted"
importaciones,1995-11,1161.33989057499,"millions of USD, seasonally adjusted"
importaciones,1995-12,1248.2835851718098,"millions of USD, seasonally adjusted"
importaciones,1996-01,1116.87874780448,"millions of USD, seasonally adjusted"
importaciones,1996-02,1165.2631231114701,"millions of USD, seasonally adjusted"
importaciones,1996-03,1113.35902185284,"millions of USD, seasonally adjusted"
importaciones,1996-04,1081.1486834800799,"millions of USD, seasonally adjusted"
importaciones,1996-05,1143.46727518268,"millions of USD, seasonally adjusted"
importaciones,1996-06,1216.5796968492702,"millions of USD, seasonally adjusted"
importaciones,1996-07,1140.5939595372402,"millions of USD, seasonally adjusted"
importaciones,1996-08,1155.25749972754,"millions of USD, seasonally adjusted"
importaciones,1996-09,1078.3982255408,"millions of USD, seasonally adjusted"
importaciones,1996-10,1166.2447111769,"millions of USD, seasonally adjusted"
importaciones,1996-11,1171.5701780391398,"millions of USD, seasonally adjusted"
importaciones,1996-12,1104.0222142334899,"millions of USD, seasonally adjusted"
importaciones,1997-01,1107.86395763842,"millions of USD, seasonally adjusted"
importaciones,1997-02,1128.62129910039,"millions of USD, seasonally adjusted"
importaciones,1997-03,1145.65155390312,"millions of USD, seasonally adjusted"
importaciones,1997-04,1189.5087924183401,"millions of USD, seasonally adjusted"
importaciones,1997-05,1409.40972998327,"millions of USD, seasonally adjusted"
importaciones,1997-06,1236.27563407536,"millions of USD, seasonally adjusted"
importaciones,1997-07,1344.9821236889202,"millions of USD, seasonally adjusted"
importaciones,1997-08,1265.9660310641698,"millions of USD, seasonally adjusted"
importaciones,1997-09,1318.22190298491,"millions of USD, seasonally adjusted"
importaciones,1997-10,1381.2658072548297,"millions of USD, seasonally adjusted"
importaciones,1997-11,1477.31745964572,"millions of USD, seasonally adjusted"
importaciones,1997-12,1304.3641722648101,"millions of USD, seasonally adjusted"
importaciones,1998-01,1406.2271175460098,"millions of USD, seasonally adjusted"
importaciones,1998-02,1343.0239812744,"millions of USD, seasonally adjusted"
importaciones,1998-03,1399.37973545926,"millions of USD, seasonally adjusted"
importaciones,1998-04,1470.9848957087602,"millions of USD, seasonally adjusted"
importaciones,1998-05,1283.51244481357,"millions of USD, seasonally adjusted"
importaciones,1998-06,1227.84502655735,"millions of USD, seasonally adjusted"
importaciones,1998-07,1295.32361062348,"millions of USD, seasonally adjusted"
importaciones,1998-08,1168.10868747694,"millions of USD, seasonally adjusted"
importaciones,1998-09,1104.2121990667802,"millions of USD, seasonally adjusted"
importaciones,1998-10,963.672718487777,"millions of USD, seasonally adjusted"
importaciones,1998-11,1053.08500236863,"millions of USD, seasonally adjusted"
importaciones,1998-12,941.900766515261,"millions of USD, seasonally adjusted"
importaciones,1999-01,879.6944255760669,"millions of USD, seasonally adjusted"
importaciones,1999-02,907.094293065276,"millions of USD, seasonally adjusted"
importaciones,1999-03,861.431617215803,"millions of USD, seasonally adjusted"
importaciones,1999-04,854.284543246323,"millions of USD, seasonally adjusted"
importaciones,1999-05,802.814343723239,"millions of USD, seasonally adjusted"
importaciones,1999-06,900.712616115455,"millions of USD, seasonally adjusted"
importaciones,1999-07,885.0723529559949,"millions of USD, seasonally adjusted"
importaciones,1999-08,769.175576399252,"millions of USD, seasonally adjusted"
importaciones,1999-09,859.238644034328,"millions of USD, seasonally adjusted"
importaciones,1999-10,933.769585385351,"millions of USD, seasonally adjusted"
importaciones,1999-11,990.909820858901,"millions of USD, seasonally adjusted"
importaciones,1999-12,993.579264455717,"millions of USD, seasonally adjusted"
importaciones,2000-01,954.049240153232,"millions of USD, seasonally adjusted"
importaciones,2000-02,928.96804830364,"millions of USD, seasonally adjusted"
importaciones,2000-03,1015.1360989958,"millions of USD, seasonally adjusted"
importaciones,2000-04,941.596994327783,"millions of USD, seasonally adjusted"
importaciones,2000-05,986.4415958472981,"millions of USD, seasonally adjusted"
importaciones,2000-06,976.715809178522,"millions of USD, seasonally adjusted"
importaciones,2000-07,877.9388490239559,"millions of USD, seasonally adjusted"
importaciones,2000-08,959.704920953945,"millions of USD, seasonally adjusted"
importaciones,2000-09,990.7712335091979,"millions of USD, seasonally adjusted"
importaciones,2000-10,930.8707725533629,"millions of USD, seasonally adjusted"
importaciones,2000-11,974.58512994689,"millions of USD, seasonally adjusted"
importaciones,2000-12,1041.2192608740102,"millions of USD, seasonally adjusted"
importaciones,2001-01,994.029803657943,"millions of USD, seasonally adjusted"
importaciones,2001-02,1190.63399426195,"millions of USD, seasonally adjusted"
importaciones,2001-03,1101.95923559854,"millions of USD, seasonally adjusted"
importaciones,2001-04,1201.2620695705098,"millions of USD, seasonally adjusted"
importaciones,2001-05,1069.59667736348,"millions of USD, seasonally adjusted"
importaciones,2001-06,1118.7661407692,"millions of USD, seasonally adjusted"
importaciones,2001-07,1024.3695251495901,"millions of USD, seasonally adjusted"
importaciones,2001-08,1007.54549375845,"millions of USD, seasonally adjusted"
importaciones,2001-09,1104.81920438447,"millions of USD, seasonally adjusted"
importaciones,2001-10,956.8859190897849,"millions of USD, seasonally adjusted"
importaciones,2001-11,1037.0638609359899,"millions of USD, seasonally adjusted"
importaciones,2001-12,1035.4993330387802,"millions of USD, seasonally adjusted"
importaciones,2002-01,998.541408496261,"millions of USD, seasonally adjusted"
importaciones,2002-02,951.283644150429,"millions of USD, seasonally adjusted"
importaciones,2002-03,979.6388156832049,"millions of USD, seasonally adjusted"
importaciones,2002-04,1099.7582139716899,"millions of USD, seasonally adjusted"
importaciones,2002-05,1086.52112143241,"millions of USD, seasonally adjusted"
importaciones,2002-06,1087.4979987692898,"millions of USD, seasonally adjusted"
importaciones,2002-07,993.9996058960909,"millions of USD, seasonally adjusted"
importaciones,2002-08,1130.0900949769798,"millions of USD, seasonally adjusted"
importaciones,2002-09,1043.31979766663,"millions of USD, seasonally adjusted"
importaciones,2002-10,1075.2712533833499,"millions of USD, seasonally adjusted"
importaciones,2002-11,1146.81548403937,"millions of USD, seasonally adjusted"
importaciones,2002-12,1058.54994248541,"millions of USD, seasonally adjusted"
importaciones,2003-01,1250.2879084645901,"millions of USD, seasonally adjusted"
importaciones,2003-02,1109.8707795967,"millions of USD, seasonally adjusted"
importaciones,2003-03,1129.2142308664702,"millions of USD, seasonally adjusted"
importaciones,2003-04,1122.02980578733,"millions of USD, seasonally adjusted"
importaciones,2003-05,1117.57301412112,"millions of USD, seasonally adjusted"
importaciones,2003-06,1093.8093436287302,"millions of USD, seasonally adjusted"
importaciones,2003-07,1162.60791563943,"millions of USD, seasonally adjusted"
importaciones,2003-08,1161.59541414973,"millions of USD, seasonally adjusted"
importaciones,2003-09,1175.1345929031002,"millions of USD, seasonally adjusted"
importaciones,2003-10,1155.5412669305401,"millions of USD, seasonally adjusted"
importaciones,2003-11,1107.13939237168,"millions of USD, seasonally adjusted"
importaciones,2003-12,1274.26373706596,"millions of USD, seasonally adjusted"
importaciones,2004-01,1287.71732928211,"millions of USD, seasonally adjusted"
importaciones,2004-02,1225.0985035652,"millions of USD, seasonally adjusted"
importaciones,2004-03,1234.7772434075302,"millions of USD, seasonally adjusted"
importaciones,2004-04,1353.1599922675498,"millions of USD, seasonally adjusted"
importaciones,2004-05,1397.63995130655,"millions of USD, seasonally adjusted"
importaciones,2004-06,1375.64662930035,"millions of USD, seasonally adjusted"
importaciones,2004-07,1377.14195714481,"millions of USD, seasonally adjusted"
importaciones,2004-08,1434.13096975176,"millions of USD, seasonally adjusted"
importaciones,2004-09,1320.9824264593,"millions of USD, seasonally adjusted"
importaciones,2004-10,1467.54176836689,"millions of USD, seasonally adjusted"
importaciones,2004-11,1508.05155485134,"millions of USD, seasonally adjusted"
importaciones,2004-12,1692.9165780306798,"millions of USD, seasonally adjusted"
importaciones,2005-01,1644.1133012397,"millions of USD, seasonally adjusted"
importaciones,2005-02,1595.98506775866,"millions of USD, seasonally adjusted"
importaciones,2005-03,1651.04902849182,"millions of USD, seasonally adjusted"
importaciones,2005-04,1778.1051667814102,"millions of USD, seasonally adjusted"
importaciones,2005-05,1723.09425683408,"millions of USD, seasonally adjusted"
importaciones,2005-06,1829.76952599557,"millions of USD, seasonally adjusted"
importaciones,2005-07,1700.67536349503,"millions of USD, seasonally adjusted"
importaciones,2005-08,1832.6484166682899,"millions of USD, seasonally adjusted"
importaciones,2005-09,1868.5485396004901,"millions of USD, seasonally adjusted"
importaciones,2005-10,1731.4855096514598,"millions of USD, seasonally adjusted"
importaciones,2005-11,1829.50480967495,"millions of USD, seasonally adjusted"
importaciones,2005-12,2020.2854828517598,"millions of USD, seasonally adjusted"
importaciones,2006-01,1934.12181515936,"millions of USD, seasonally adjusted"
importaciones,2006-02,1854.59830775128,"millions of USD, seasonally adjusted"
importaciones,2006-03,2026.58830499659,"millions of USD, seasonally adjusted"
importaciones,2006-04,2097.72487072354,"millions of USD, seasonally adjusted"
importaciones,2006-05,2089.30190861252,"millions of USD, seasonally adjusted"
importaciones,2006-06,2246.5728509199,"millions of USD, seasonally adjusted"
importaciones,2006-07,2218.0082511491296,"millions of USD, seasonally adjusted"
importaciones,2006-08,2206.54411535684,"millions of USD, seasonally adjusted"
importaciones,2006-09,2309.17794954536,"millions of USD, seasonally adjusted"
importaciones,2006-10,2321.05341832119,"millions of USD, seasonally adjusted"
importaciones,2006-11,2404.5208019351103,"millions of USD, seasonally adjusted"
importaciones,2006-12,2458.50978126474,"millions of USD, seasonally adjusted"
importaciones,2007-01,2377.35679479426,"millions of USD, seasonally adjusted"
importaciones,2007-02,2520.044521598,"millions of USD, seasonally adjusted"
importaciones,2007-03,2719.5383908607005,"millions of USD, seasonally adjusted"
importaciones,2007-04,2566.21127067594,"millions of USD, seasonally adjusted"
importaciones,2007-05,2608.8722186957502,"millions of USD, seasonally adjusted"
importaciones,2007-06,2813.68593957848,"millions of USD, seasonally adjusted"
importaciones,2007-07,2661.33213783136,"millions of USD, seasonally adjusted"
importaciones,2007-08,2793.9128958975703,"millions of USD, seasonally adjusted"
importaciones,2007-09,2845.13374333716,"millions of USD, seasonally adjusted"
importaciones,2007-10,2958.90288081654,"millions of USD, seasonally adjusted"
importaciones,2007-11,2967.5425821957897,"millions of USD, seasonally adjusted"
importaciones,2007-12,2969.12741787121,"millions of USD, seasonally adjusted"
importaciones,2008-01,3026.3432809412598,"millions of USD, seasonally adjusted"
importaciones,2008-02,3314.67513002355,"millions of USD, seasonally adjusted"
importaciones,2008-03,3155.65449666215,"millions of USD, seasonally adjusted"
importaciones,2008-04,3144.8870085481203,"millions of USD, seasonally adjusted"
importaciones,2008-05,3308.64818046447,"millions of USD, seasonally adjusted"
importaciones,2008-06,3476.1626890529,"millions of USD, seasonally adjusted"
importaciones,2008-07,3216.80499037575,"millions of USD, seasonally adjusted"
importaciones,2008-08,3462.70953281766,"millions of USD, seasonally adjusted"
importaciones,2008-09,3646.2878299583404,"millions of USD, seasonally adjusted"
importaciones,2008-10,3457.71692404936,"millions of USD, seasonally adjusted"
importaciones,2008-11,3392.06858839412,"millions of USD, seasonally adjusted"
importaciones,2008-12,2952.3966100175803,"millions of USD, seasonally adjusted"
importaciones,2009-01,2989.3837964391396,"millions of USD, seasonally adjusted"
importaciones,2009-02,2753.3176825496403,"millions of USD, seasonally adjusted"
importaciones,2009-03,2612.41133659258,"millions of USD, seasonally adjusted"
importaciones,2009-04,2662.72634118215,"millions of USD, seasonally adjusted"
importaciones,2009-05,2511.83044251967,"millions of USD, seasonally adjusted"
importaciones,2009-06,2516.00466664572,"millions of USD, seasonally adjusted"
importaciones,2009-07,2966.6226718662,"millions of USD, seasonally adjusted"
importaciones,2009-08,2583.7048723104604,"millions of USD, seasonally adjusted"
importaciones,2009-09,2641.21276076385,"millions of USD, seasonally adjusted"
importaciones,2009-10,2869.91647998642,"millions of USD, seasonally adjusted"
importaciones,2009-11,2782.0948505459196,"millions of USD, seasonally adjusted"
importaciones,2009-12,2948.71903922717,"millions of USD, seasonally adjusted"
importaciones,2010-01,3011.75948534552,"millions of USD, seasonally adjusted"
importaciones,2010-02,3035.73466289858,"millions of USD, seasonally adjusted"
importaciones,2010-03,3171.7255915512,"millions of USD, seasonally adjusted"
importaciones,2010-04,3049.94822261154,"millions of USD, seasonally adjusted"
importaciones,2010-05,3268.0268649310196,"millions of USD, seasonally adjusted"
importaciones,2010-06,3153.05150078322,"millions of USD, seasonally adjusted"
importaciones,2010-07,3347.66120486224,"millions of USD, seasonally adjusted"
importaciones,2010-08,3490.82514132625,"millions of USD, seasonally adjusted"
importaciones,2010-09,3721.3046140576,"millions of USD, seasonally adjusted"
importaciones,2010-10,3649.8323413852504,"millions of USD, seasonally adjusted"
importaciones,2010-11,3589.6015864151,"millions of USD, seasonally adjusted"
importaciones,2010-12,3837.35349624971,"millions of USD, seasonally adjusted"
importaciones,2011-01,4216.738762001851,"millions of USD, seasonally adjusted"
importaciones,2011-02,4105.12224096512,"millions of USD, seasonally adjusted"
importaciones,2011-03,4288.6768699472195,"millions of USD, seasonally adjusted"
importaciones,2011-04,4342.237220992591,"millions of USD, seasonally adjusted"
importaciones,2011-05,4756.85050979915,"millions of USD, seasonally adjusted"
importaciones,2011-06,4576.74038611648,"millions of USD, seasonally adjusted"
importaciones,2011-07,4590.88061410851,"millions of USD, seasonally adjusted"
importaciones,2011-08,4442.7694327747895,"millions of USD, seasonally adjusted"
importaciones,2011-09,4805.05061324563,"millions of USD, seasonally adjusted"
importaciones,2011-10,4823.106040734061,"millions of USD, seasonally adjusted"
importaciones,2011-11,4783.501271266759,"millions of USD, seasonally adjusted"
importaciones,2011-12,4520.896360034859,"millions of USD, seasonally adjusted"
importaciones,2012-01,4766.2276670933,"millions of USD, seasonally adjusted"
importaciones,2012-02,4945.29022308112,"millions of USD, seasonally adjusted"
importaciones,2012-03,4905.99757055359,"millions of USD, seasonally adjusted"
importaciones,2012-04,4618.387234031789,"millions of USD, seasonally adjusted"
importaciones,2012-05,5237.856870522911,"millions of USD, seasonally adjusted"
importaciones,2012-06,5391.81946222631,"millions of USD, seasonally adjusted"
importaciones,2012-07,5059.330954889419,"millions of USD, seasonally adjusted"
importaciones,2012-08,4892.03803226429,"millions of USD, seasonally adjusted"
importaciones,2012-09,4894.022782928139,"millions of USD, seasonally adjusted"
importaciones,2012-10,4826.660794432,"millions of USD, seasonally adjusted"
importaciones,2012-11,4842.97736138348,"millions of USD, seasonally adjusted"
importaciones,2012-12,4761.94147294259,"millions of USD, seasonally adjusted"
importaciones,2013-01,5326.29795195993,"millions of USD, seasonally adjusted"
importaciones,2013-02,4897.345422300939,"millions of USD, seasonally adjusted"
importaciones,2013-03,4939.406390063999,"millions of USD, seasonally adjusted"
importaciones,2013-04,4795.80862071187,"millions of USD, seasonally adjusted"
importaciones,2013-05,4895.16154490554,"millions of USD, seasonally adjusted"
importaciones,2013-06,4756.739890619379,"millions of USD, seasonally adjusted"
importaciones,2013-07,4774.86507945136,"millions of USD, seasonally adjusted"
importaciones,2013-08,4843.71833129293,"millions of USD, seasonally adjusted"
importaciones,2013-09,5163.05847773847,"millions of USD, seasonally adjusted"
importaciones,2013-10,4958.22319029425,"millions of USD, seasonally adjusted"
importaciones,2013-11,4958.2030449558,"millions of USD, seasonally adjusted"
importaciones,2013-12,4959.76306002573,"millions of USD, seasonally adjusted"
importaciones,2014-01,4974.044721120229,"millions of USD, seasonally adjusted"
importaciones,2014-02,5447.88967774802,"millions of USD, seasonally adjusted"
importaciones,2014-03,5024.697561264989,"millions of USD, seasonally adjusted"
importaciones,2014-04,5445.701938730879,"millions of USD, seasonally adjusted"
importaciones,2014-05,5347.7306934078,"millions of USD, seasonally adjusted"
importaciones,2014-06,5211.231464366181,"millions of USD, seasonally adjusted"
importaciones,2014-07,5684.28511071754,"millions of USD, seasonally adjusted"
importaciones,2014-08,4976.25289229714,"millions of USD, seasonally adjusted"
importaciones,2014-09,5570.52808540329,"millions of USD, seasonally adjusted"
importaciones,2014-10,5420.119841967121,"millions of USD, seasonally adjusted"
importaciones,2014-11,5499.13742976707,"millions of USD, seasonally adjusted"
importaciones,2014-12,5287.69023155408,"millions of USD, seasonally adjusted"
importaciones,2015-01,5229.96691851466,"millions of USD, seasonally adjusted"
importaciones,2015-02,4994.44441815218,"millions of USD, seasonally adjusted"
importaciones,2015-03,4606.714238221691,"millions of USD, seasonally adjusted"
importaciones,2015-04,4399.38660539595,"millions of USD, seasonally adjusted"
importaciones,2015-05,4569.0180214212605,"millions of USD, seasonally adjusted"
importaciones,2015-06,4285.64229647303,"millions of USD, seasonally adjusted"
importaciones,2015-07,4642.771707316419,"millions of USD, seasonally adjusted"
importaciones,2015-08,4503.39916816544,"millions of USD, seasonally adjusted"
importaciones,2015-09,4328.7366415323495,"millions of USD, seasonally adjusted"
importaciones,2015-10,4365.713863757471,"millions of USD, seasonally adjusted"
importaciones,2015-11,4176.3720352849,"millions of USD, seasonally adjusted"
importaciones,2015-12,4006.52333265013,"millions of USD, seasonally adjusted"
importaciones,2016-01,3928.95779445615,"millions of USD, seasonally adjusted"
importaciones,2016-02,3726.67344522948,"millions of USD, seasonally adjusted"
importaciones,2016-03,3631.28820058178,"millions of USD, seasonally adjusted"
importaciones,2016-04,3581.5545551672303,"millions of USD, seasonally adjusted"
importaciones,2016-05,3538.54574004867,"millions of USD, seasonally adjusted"
importaciones,2016-06,3744.1096497017297,"millions of USD, seasonally adjusted"
importaciones,2016-07,3411.2431448052203,"millions of USD, seasonally adjusted"
importaciones,2016-08,3931.31542112332,"millions of USD, seasonally adjusted"
importaciones,2016-09,3805.48457297215,"millions of USD, seasonally adjusted"
importaciones,2016-10,3643.3516100174597,"millions of USD, seasonally adjusted"
importaciones,2016-11,3929.04197010148,"millions of USD, seasonally adjusted"
importaciones,2016-12,4060.02098445958,"millions of USD, seasonally adjusted"
importaciones,2017-01,3776.7372529508298,"millions of USD, seasonally adjusted"
importaciones,2017-02,3970.4862433695002,"millions of USD, seasonally adjusted"
importaciones,2017-03,3873.2794369120897,"millions of USD, seasonally adjusted"
importaciones,2017-04,4377.918782318479,"millions of USD, seasonally adjusted"
importaciones,2017-05,3529.36278631468,"millions of USD, seasonally adjusted"
importaciones,2017-06,3839.57419318184,"millions of USD, seasonally adjusted"
importaciones,2017-07,3815.54893395617,"millions of USD, seasonally adjusted"
importaciones,2017-08,3905.80452305091,"millions of USD, seasonally adjusted"
importaciones,2017-09,3750.2604555367197,"millions of USD, seasonally adjusted"
importaciones,2017-10,3809.86159463634,"millions of USD, seasonally adjusted"
importaciones,2017-11,3759.9114346501397,"millions of USD, seasonally adjusted"
importaciones,2017-12,3810.0885378579796,"millions of USD, seasonally adjusted"
importaciones,2018-01,3994.66917357194,"millions of USD, seasonally adjusted"
importaciones,2018-02,3974.8088778392303,"millions of USD, seasonally adjusted"
importaciones,2018-03,4065.7247145795595,"millions of USD, seasonally adjusted"
importaciones,2018-04,4149.74481657231,"millions of USD, seasonally adjusted"
importaciones,2018-05,4274.55438269732,"millions of USD, seasonally adjusted"
importaciones,2018-06,4483.23830370483,"millions of USD, seasonally adjusted"
importaciones,2018-07,4241.30672113979,"millions of USD, seasonally adjusted"
importaciones,2018-08,4267.58531483748,"millions of USD, seasonally adjusted"
importaciones,2018-09,4243.96521399844,"millions of USD, seasonally adjusted"
importaciones,2018-10,4788.396348265541,"millions of USD, seasonally adjusted"
importaciones,2018-11,4220.34576900566,"millions of USD, seasonally adjusted"
importaciones,2018-12,4383.8088040815,"millions of USD, seasonally adjusted"
importaciones,2019-01,4409.67602323755,"millions of USD, seasonally adjusted"
importaciones,2019-02,4302.14333529885,"millions of USD, seasonally adjusted"
importaciones,2019-03,4392.166683294799,"millions of USD, seasonally adjusted"
importaciones,2019-04,4517.3613074122395,"millions of USD, seasonally adjusted"
importaciones,2019-05,4536.78581096822,"millions of USD, seasonally adjusted"
importaciones,2019-06,4407.3431172786095,"millions of USD, seasonally adjusted"
importaciones,2019-07,4270.38616956052,"millions of USD, seasonally adjusted"
importaciones,2019-08,4773.1847369548705,"millions of USD, seasonally adjusted"
importaciones,2019-09,4223.74994782996,"millions of USD, seasonally adjusted"
importaciones,2019-10,4017.3072547827296,"millions of USD, seasonally adjusted"
importaciones,2019-11,4677.461739867329,"millions of USD, seasonally adjusted"
importaciones,2019-12,4097.647567877831,"millions of USD, seasonally adjusted"
importaciones,2020-01,4436.23234784959,"millions of USD, seasonally adjusted"
importaciones,2020-02,4452.77238250912,"millions of USD, seasonally adjusted"
importaciones,2020-03,3511.0730050626003,"millions of USD, seasonally adjusted"
importaciones,2020-04,3089.12088328958,"millions of USD, seasonally adjusted"
importaciones,2020-05,2966.4397321576403,"millions of USD, seasonally adjusted"
importaciones,2020-06,2949.3756365241597,"millions of USD, seasonally adjusted"
importaciones,2020-07,3411.25811872926,"millions of USD, seasonally adjusted"
importaciones,2020-08,3618.64718553524,"millions of USD, seasonally adjusted"
importaciones,2020-09,3351.8820665951303,"millions of USD, seasonally adjusted"
importaciones,2020-10,3583.9667487860297,"millions of USD, seasonally adjusted"
importaciones,2020-11,4117.16965680063,"millions of USD, seasonally adjusted"
importaciones,2020-12,3989.87875583165,"millions of USD, seasonally adjusted"
importaciones,2021-01,4259.50899610012,"millions of USD, seasonally adjusted"
importaciones,2021-02,4250.7594441775,"millions of USD, seasonally adjusted"
importaciones,2021-03,4742.97436008307,"millions of USD, seasonally adjusted"
importaciones,2021-04,4572.01240915943,"millions of USD, seasonally adjusted"
importaciones,2021-05,4508.000253476531,"millions of USD, seasonally adjusted"
importaciones,2021-06,5010.471623429201,"millions of USD, seasonally adjusted"
importaciones,2021-07,4685.760252314841,"millions of USD, seasonally adjusted"
importaciones,2021-08,5195.701368456101,"millions of USD, seasonally adjusted"
importaciones,2021-09,5529.88951149009,"millions of USD, seasonally adjusted"
importaciones,2021-10,5859.8512683995605,"millions of USD, seasonally adjusted"
importaciones,2021-11,6168.80217901361,"millions of USD, seasonally adjusted"
importaciones,2021-12,5980.7464407772595,"millions of USD, seasonally adjusted"
importaciones,2022-01,6742.2498329541295,"millions of USD, seasonally adjusted"
importaciones,2022-02,6343.977167323929,"millions of USD, seasonally adjusted"
importaciones,2022-03,6625.24104596071,"millions of USD, seasonally adjusted"
importaciones,2022-04,6650.592009731839,"millions of USD, seasonally adjusted"
importaciones,2022-05,6726.0340021376305,"millions of USD, seasonally adjusted"
importaciones,2022-06,6482.64996110648,"millions of USD, seasonally adjusted"
importaciones,2022-07,7013.92446628531,"millions of USD, seasonally adjusted"
importaciones,2022-08,6796.45607709783,"millions of USD, seasonally adjusted"
importaciones,2022-09,6459.08212485104,"millions of USD, seasonally adjusted"
importaciones,2022-10,6179.6154221332,"millions of USD, seasonally adjusted"
importaciones,2022-11,5696.58420568453,"millions of USD, seasonally adjusted"
importaciones,2022-12,5877.30886768374,"millions of USD, seasonally adjusted"
importaciones,2023-01,5907.464067794859,"millions of USD, seasonally adjusted"
importaciones,2023-02,5507.20789030645,"millions of USD, seasonally adjusted"
importaciones,2023-03,5493.61592000885,"millions of USD, seasonally adjusted"
importaciones,2023-04,5362.59795516113,"millions of USD, seasonally adjusted"
importaciones,2023-05,5134.667316811149,"millions of USD, seasonally adjusted"
importaciones,2023-06,5106.6351097402,"millions of USD, seasonally adjusted"
importaciones,2023-07,5033.48976681547,"millions of USD, seasonally adjusted"
importaciones,2023-08,4925.23794567424,"millions of USD, seasonally adjusted"
importaciones,2023-09,4975.61430398293,"millions of USD, seasonally adjusted"
importaciones,2023-10,5197.6720126829705,"millions of USD, seasonally adjusted"
importaciones,2023-11,4868.78590198104,"millions of USD, seasonally adjusted"
importaciones,2023-12,5506.1973831878795,"millions of USD, seasonally adjusted"
importaciones,2024-01,5079.37720692114,"millions of USD, seasonally adjusted"
importaciones,2024-02,5185.46350377735,"millions of USD, seasonally adjusted"
importaciones,2024-03,5222.62335946873,"millions of USD, seasonally adjusted"
importaciones,2024-04,5412.88166464304,"millions of USD, seasonally adjusted"
importaciones,2024-05,5245.0311379102095,"millions of USD, seasonally adjusted"
importaciones,2024-06,5163.3053263584,"millions of USD, seasonally adjusted"
importaciones,2024-07,5221.25975621055,"millions of USD, seasonally adjusted"
importaciones,2024-08,5375.0925514316905,"millions of USD, seasonally adjusted"
importaciones,2024-09,5196.14256228951,"millions of USD, seasonally adjusted"
importaciones,2024-10,5312.2624444759,"millions of USD, seasonally adjusted"
importaciones,2024-11,5774.6123997798995,"millions of USD, seasonally adjusted"
importaciones,2024-12,5674.449087847141,"millions of USD, seasonally adjusted"
importaciones,2025-01,5509.8303949844,"millions of USD, seasonally adjusted"
importaciones,2025-02,5798.48734559659,"millions of USD, seasonally adjusted"
importaciones,2025-03,5657.038074461059,"millions of USD, seasonally adjusted"
importaciones,2025-04,5778.31261391242,"millions of USD, seasonally adjusted"
importaciones,2025-05,6063.1251470221005,"millions of USD, seasonally adjusted"
importaciones,2025-06,5669.334021161249,"millions of USD, seasonally adjusted"
importaciones,2025-07,6065.57234251569,"millions of USD, seasonally adjusted"
importaciones,2025-08,5928.19694019704,"millions of USD, seasonally adjusted"
importaciones,2025-09,5913.888602695771,"millions of USD, seasonally adjusted"
importaciones,2025-10,6102.18676580155,"millions of USD, seasonally adjusted"
importaciones,2025-11,6038.908111537529,"millions of USD, seasonally adjusted"
importaciones,2025-12,5825.67613478824,"millions of USD, seasonally adjusted"
importaciones,2026-01,6307.1663884954005,"millions of USD, seasonally adjusted"
importaciones,2026-02,6250.69862286312,"millions of USD, seasonally adjusted"
importaciones,2026-03,6102.063651468809,"millions of USD, seasonally adjusted"
importaciones,2026-04,6609.32543339935,"millions of USD, seasonally adjusted"
importaciones,2026-05,6994.14286791008,"millions of USD, seasonally adjusted"
inflacion,1971-01,12.5,%
inflacion,1971-02,12.5,%
inflacion,1971-03,12.5,%
inflacion,1971-04,5.8823529412,%
inflacion,1971-05,5.8823529412,%
inflacion,1971-06,11.7647058824,%
inflacion,1971-07,11.7647058824,%
inflacion,1971-08,11.7647058824,%
inflacion,1971-09,11.7647058824,%
inflacion,1971-10,11.7647058824,%
inflacion,1971-11,17.6470588235,%
inflacion,1971-12,17.6470588235,%
inflacion,1972-01,11.1111111111,%
inflacion,1972-02,11.1111111111,%
inflacion,1972-03,11.1111111111,%
inflacion,1972-04,16.6666666667,%
inflacion,1972-05,16.6666666667,%
inflacion,1972-06,10.5263157895,%
inflacion,1972-07,10.5263157895,%
inflacion,1972-08,10.5263157895,%
inflacion,1972-09,15.7894736842,%
inflacion,1972-10,15.7894736842,%
inflacion,1972-11,10.0,%
inflacion,1972-12,10.0,%
inflacion,1973-01,15.0,%
inflacion,1973-02,15.0,%
inflacion,1973-03,20.0,%
inflacion,1973-04,19.0476190476,%
inflacion,1973-05,23.8095238095,%
inflacion,1973-06,23.8095238095,%
inflacion,1973-07,28.5714285714,%
inflacion,1973-08,23.8095238095,%
inflacion,1973-09,22.7272727273,%
inflacion,1973-10,22.7272727273,%
inflacion,1973-11,27.2727272727,%
inflacion,1973-12,27.2727272727,%
inflacion,1974-01,26.0869565217,%
inflacion,1974-02,26.0869565217,%
inflacion,1974-03,25.0,%
inflacion,1974-04,24.0,%
inflacion,1974-05,23.0769230769,%
inflacion,1974-06,23.0769230769,%
inflacion,1974-07,18.5185185185,%
inflacion,1974-08,23.0769230769,%
inflacion,1974-09,22.2222222222,%
inflacion,1974-10,25.9259259259,%
inflacion,1974-11,25.0,%
inflacion,1974-12,25.0,%
inflacion,1975-01,24.1379310345,%
inflacion,1975-02,27.5862068966,%
inflacion,1975-03,26.6666666667,%
inflacion,1975-04,25.8064516129,%
inflacion,1975-05,25.0,%
inflacion,1975-06,25.0,%
inflacion,1975-07,25.0,%
inflacion,1975-08,25.0,%
inflacion,1975-09,24.2424242424,%
inflacion,1975-10,20.5882352941,%
inflacion,1975-11,17.1428571429,%
inflacion,1975-12,17.1428571429,%
inflacion,1976-01,16.6666666667,%
inflacion,1976-02,16.2162162162,%
inflacion,1976-03,15.7894736842,%
inflacion,1976-04,15.3846153846,%
inflacion,1976-05,15.0,%
inflacion,1976-06,17.5,%
inflacion,1976-07,20.0,%
inflacion,1976-08,22.5,%
inflacion,1976-09,21.9512195122,%
inflacion,1976-10,21.9512195122,%
inflacion,1976-11,26.8292682927,%
inflacion,1976-12,26.8292682927,%
inflacion,1977-01,26.1904761905,%
inflacion,1977-02,27.9069767442,%
inflacion,1977-03,31.8181818182,%
inflacion,1977-04,37.7777777778,%
inflacion,1977-05,39.1304347826,%
inflacion,1977-06,40.4255319149,%
inflacion,1977-07,39.5833333333,%
inflacion,1977-08,36.7346938776,%
inflacion,1977-09,34.0,%
inflacion,1977-10,34.0,%
inflacion,1977-11,28.8461538462,%
inflacion,1977-12,28.8461538462,%
inflacion,1978-01,28.3018867925,%
inflacion,1978-02,25.4545454545,%
inflacion,1978-03,22.4137931034,%
inflacion,1978-04,16.1290322581,%
inflacion,1978-05,15.625,%
inflacion,1978-06,15.1515151515,%
inflacion,1978-07,13.4328358209,%
inflacion,1978-08,13.4328358209,%
inflacion,1978-09,13.4328358209,%
inflacion,1978-10,16.4179104478,%
inflacion,1978-11,17.9104477612,%
inflacion,1978-12,19.4029850746,%
inflacion,1979-01,20.5882352941,%
inflacion,1979-02,21.7391304348,%
inflacion,1979-03,22.5352112676,%
inflacion,1979-04,23.6111111111,%
inflacion,1979-05,22.972972973,%
inflacion,1979-06,21.0526315789,%
inflacion,1979-07,22.3684210526,%
inflacion,1979-08,25.0,%
inflacion,1979-09,27.6315789474,%
inflacion,1979-10,25.641025641,%
inflacion,1979-11,27.8481012658,%
inflacion,1979-12,27.5,%
inflacion,1980-01,28.0487804878,%
inflacion,1980-02,26.1904761905,%
inflacion,1980-03,24.1379310345,%
inflacion,1980-04,25.8426966292,%
inflacion,1980-05,27.4725274725,%
inflacion,1980-06,28.2608695652,%
inflacion,1980-07,27.9569892473,%
inflacion,1980-08,26.3157894737,%
inflacion,1980-09,25.7731958763,%
inflacion,1980-10,26.5306122449,%
inflacion,1980-11,25.7425742574,%
inflacion,1980-12,26.4705882353,%
inflacion,1981-01,25.7142857143,%
inflacion,1981-02,28.3018867925,%
inflacion,1981-03,28.7037037037,%
inflacion,1981-04,27.6785714286,%
inflacion,1981-05,25.8620689655,%
inflacion,1981-06,27.1186440678,%
inflacion,1981-07,28.5714285714,%
inflacion,1981-08,29.1666666667,%
inflacion,1981-09,27.868852459,%
inflacion,1981-10,27.4193548387,%
inflacion,1981-11,26.7716535433,%
inflacion,1981-12,26.3565891473,%
inflacion,1982-01,25.7575757576,%
inflacion,1982-02,25.0,%
inflacion,1982-03,25.1798561151,%
inflacion,1982-04,24.4755244755,%
inflacion,1982-05,25.3424657534,%
inflacion,1982-06,24.6666666667,%
inflacion,1982-07,23.5294117647,%
inflacion,1982-08,23.8709677419,%
inflacion,1982-09,25.0,%
inflacion,1982-10,25.3164556962,%
inflacion,1982-11,24.8447204969,%
inflacion,1982-12,23.9263803681,%
inflacion,1983-01,22.8915662651,%
inflacion,1983-02,21.7647058824,%
inflacion,1983-03,21.2643678161,%
inflacion,1983-04,22.4719101124,%
inflacion,1983-05,21.8579234973,%
inflacion,1983-06,20.320855615,%
inflacion,1983-07,20.1058201058,%
inflacion,1983-08,18.2291666667,%
inflacion,1983-09,16.9230769231,%
inflacion,1983-10,17.1717171717,%
inflacion,1983-11,16.9154228856,%
inflacion,1983-12,16.8316831683,%
inflacion,1984-01,17.1568627451,%
inflacion,1984-02,16.9082125604,%
inflacion,1984-03,17.0616113744,%
inflacion,1984-04,15.5963302752,%
inflacion,1984-05,14.3497757848,%
inflacion,1984-06,15.1111111111,%
inflacion,1984-07,15.4185022026,%
inflacion,1984-08,15.859030837,%
inflacion,1984-09,16.6666666667,%
inflacion,1984-10,15.5172413793,%
inflacion,1984-11,16.170212766,%
inflacion,1984-12,18.2203389831,%
inflacion,1985-01,19.2468619247,%
inflacion,1985-02,21.4876033058,%
inflacion,1985-03,22.6720647773,%
inflacion,1985-04,23.4126984127,%
inflacion,1985-05,27.8431372549,%
inflacion,1985-06,28.1853281853,%
inflacion,1985-07,25.9541984733,%
inflacion,1985-08,24.7148288973,%
inflacion,1985-09,24.4360902256,%
inflacion,1985-10,24.6268656716,%
inflacion,1985-11,23.4432234432,%
inflacion,1985-12,22.5806451613,%
inflacion,1986-01,23.5087719298,%
inflacion,1986-02,23.4693877551,%
inflacion,1986-03,22.7722772277,%
inflacion,1986-04,22.8295819936,%
inflacion,1986-05,16.2576687117,%
inflacion,1986-06,13.2530120482,%
inflacion,1986-07,13.9393939394,%
inflacion,1986-08,16.1585365854,%
inflacion,1986-09,16.918429003,%
inflacion,1986-10,18.2634730539,%
inflacion,1986-11,19.5845697329,%
inflacion,1986-12,20.7602339181,%
inflacion,1987-01,21.3068181818,%
inflacion,1987-02,19.8347107438,%
inflacion,1987-03,20.1612903226,%
inflacion,1987-04,19.6335078534,%
inflacion,1987-05,22.691292876,%
inflacion,1987-06,24.7340425532,%
inflacion,1987-07,26.5957446809,%
inflacion,1987-08,25.4593175853,%
inflacion,1987-09,25.0645994832,%
inflacion,1987-10,24.8101265823,%
inflacion,1987-11,24.8138957816,%
inflacion,1987-12,23.9709443099,%
inflacion,1988-01,23.6533957845,%
inflacion,1988-02,26.2068965517,%
inflacion,1988-03,26.3982102908,%
inflacion,1988-04,28.4463894967,%
inflacion,1988-05,28.3870967742,%
inflacion,1988-06,30.4904051173,%
inflacion,1988-07,30.2521008403,%
inflacion,1988-08,29.4979079498,%
inflacion,1988-09,28.9256198347,%
inflacion,1988-10,28.3975659229,%
inflacion,1988-11,27.634194831,%
inflacion,1988-12,28.3203125,%
inflacion,1989-01,27.8409090909,%
inflacion,1989-02,27.1402550091,%
inflacion,1989-03,26.5486725664,%
inflacion,1989-04,24.8722316865,%
inflacion,1989-05,24.9581239531,%
inflacion,1989-06,23.5294117647,%
inflacion,1989-07,23.8709677419,%
inflacion,1989-08,25.6865912763,%
inflacion,1989-09,26.4423076923,%
inflacion,1989-10,26.6982622433,%
inflacion,1989-11,27.1028037383,%
inflacion,1989-12,26.0273972603,%
inflacion,1990-01,26.6666666667,%
inflacion,1990-02,27.0773638968,%
inflacion,1990-03,27.6923076923,%
inflacion,1990-04,27.9672578445,%
inflacion,1990-05,28.2841823056,%
inflacion,1990-06,28.9682539683,%
inflacion,1990-07,28.6458333333,%
inflacion,1990-08,29.0488431877,%
inflacion,1990-09,30.2915082383,%
inflacion,1990-10,30.6733167082,%
inflacion,1990-11,31.0049019608,%
inflacion,1990-12,32.3671497585,%
inflacion,1991-01,32.0467836257,%
inflacion,1991-02,31.6798196167,%
inflacion,1991-03,31.1062431544,%
inflacion,1991-04,31.236673774,%
inflacion,1991-05,31.4524555904,%
inflacion,1991-06,31.0769230769,%
inflacion,1991-07,31.6801619433,%
inflacion,1991-08,31.1752988048,%
inflacion,1991-09,30.0583657588,%
inflacion,1991-10,29.1984732824,%
inflacion,1991-11,28.2507015903,%
inflacion,1991-12,26.8248175182,%
inflacion,1992-01,27.4579273694,%
inflacion,1992-02,27.3116438356,%
inflacion,1992-03,27.0676691729,%
inflacion,1992-04,27.1324126726,%
inflacion,1992-05,27.2655007949,%
inflacion,1992-06,28.0907668232,%
inflacion,1992-07,28.3627978478,%
inflacion,1992-08,27.7145026576,%
inflacion,1992-09,26.8511593119,%
inflacion,1992-10,26.3663220089,%
inflacion,1992-11,25.6746900073,%
inflacion,1992-12,25.1798561151,%
inflacion,1993-01,24.808895066,%
inflacion,1993-02,24.6805648958,%
inflacion,1993-03,24.19460881,%
inflacion,1993-04,23.0670926518,%
inflacion,1993-05,22.236102436,%
inflacion,1993-06,21.3805742211,%
inflacion,1993-07,20.4790419162,%
inflacion,1993-08,21.1058263971,%
inflacion,1993-09,21.4622641509,%
inflacion,1993-10,21.6832261835,%
inflacion,1993-11,22.4027858387,%
inflacion,1993-12,22.5862068966,%
inflacion,1994-01,22.4944320713,%
inflacion,1994-02,23.0312837109,%
inflacion,1994-03,23.4515616728,%
inflacion,1994-04,23.9356178609,%
inflacion,1994-05,23.8630556975,%
inflacion,1994-06,23.1001509814,%
inflacion,1994-07,22.6640159046,%
inflacion,1994-08,22.3367697595,%
inflacion,1994-09,22.3300970874,%
inflacion,1994-10,22.3823246878,%
inflacion,1994-11,22.1431958274,%
inflacion,1994-12,22.5972808251,%
inflacion,1995-01,21.0454545455,%
inflacion,1995-02,20.8680403332,%
inflacion,1995-03,21.3121783877,%
inflacion,1995-04,21.1562630917,%
inflacion,1995-05,21.2871287129,%
inflacion,1995-06,21.6680294358,%
inflacion,1995-07,21.5153970827,%
inflacion,1995-08,21.1075441413,%
inflacion,1995-09,20.7936507937,%
inflacion,1995-10,20.5259026688,%
inflacion,1995-11,20.147515528,%
inflacion,1995-12,19.4646271511,%
inflacion,1996-01,20.2403304544,%
inflacion,1996-02,20.8197315923,%
inflacion,1996-03,20.2191587133,%
inflacion,1996-04,19.9170124481,%
inflacion,1996-05,19.7959183673,%
inflacion,1996-06,19.6908602151,%
inflacion,1996-07,20.5735245082,%
inflacion,1996-08,21.1398277005,%
inflacion,1996-09,21.5505913272,%
inflacion,1996-10,21.8495604038,%
inflacion,1996-11,21.8739903069,%
inflacion,1996-12,21.6389244558,%
inflacion,1997-01,20.6433479076,%
inflacion,1997-02,19.5737015911,%
inflacion,1997-03,18.9356071744,%
inflacion,1997-04,18.5409457901,%
inflacion,1997-05,18.5973878478,%
inflacion,1997-06,18.6973610331,%
inflacion,1997-07,17.892699115,%
inflacion,1997-08,17.943107221,%
inflacion,1997-09,18.0,%
inflacion,1997-10,17.7979690005,%
inflacion,1997-11,17.8154825027,%
inflacion,1997-12,17.6842105263,%
inflacion,1998-01,17.8358788506,%
inflacion,1998-02,18.0266131057,%
inflacion,1998-03,19.2583436341,%
inflacion,1998-04,20.7492094381,%
inflacion,1998-05,20.6847019392,%
inflacion,1998-06,20.6953642384,%
inflacion,1998-07,20.2674173118,%
inflacion,1998-08,18.9471243043,%
inflacion,1998-09,17.8195144297,%
inflacion,1998-10,17.1052631579,%
inflacion,1998-11,16.3591359136,%
inflacion,1998-12,16.6815742397,%
inflacion,1999-01,17.1792618629,%
inflacion,1999-02,15.3797064454,%
inflacion,1999-03,13.4950248756,%
inflacion,1999-04,11.1603545528,%
inflacion,1999-05,9.9980162666,%
inflacion,1999-06,8.9555163629,%
inflacion,1999-07,8.7770626097,%
inflacion,1999-08,9.280561513,%
inflacion,1999-09,9.3312597201,%
inflacion,1999-10,9.3180937621,%
inflacion,1999-11,9.6499709921,%
inflacion,1999-12,9.2372556535,%
inflacion,2000-01,8.2489688789,%
inflacion,2000-02,8.9048672566,%
inflacion,2000-03,9.7351598174,%
inflacion,2000-04,9.9673794853,%
inflacion,2000-05,9.9909828674,%
inflacion,2000-06,9.6762589928,%
inflacion,2000-07,9.3060785368,%
inflacion,2000-08,9.0990187333,%
inflacion,2000-09,9.192745377,%
inflacion,2000-10,8.9845826688,%
inflacion,2000-11,8.835978836,%
inflacion,2000-12,8.7543859649,%
inflacion,2001-01,8.4863179771,%
inflacion,2001-02,8.0582359912,%
inflacion,2001-03,7.8062583222,%
inflacion,2001-04,7.9597890574,%
inflacion,2001-05,7.8701426463,%
inflacion,2001-06,7.9370285339,%
inflacion,2001-07,8.0872703412,%
inflacion,2001-08,8.0294358136,%
inflacion,2001-09,7.9628724963,%
inflacion,2001-10,8.0162601626,%
inflacion,2001-11,7.7621131097,%
inflacion,2001-12,7.6463945798,%
inflacion,2002-01,7.3754789272,%
inflacion,2002-02,6.7053109823,%
inflacion,2002-03,5.8977921877,%
inflacion,2002-04,5.6632575179,%
inflacion,2002-05,5.836753306,%
inflacion,2002-06,6.2443026436,%
inflacion,2002-07,6.146607983,%
inflacion,2002-08,5.9794126552,%
inflacion,2002-09,5.9728506787,%
inflacion,2002-10,6.3676049977,%
inflacion,2002-11,7.0676691729,%
inflacion,2002-12,6.998351566,%
inflacion,2003-01,7.3892358014,%
inflacion,2003-02,7.2382909999,%
inflacion,2003-03,7.5958594547,%
inflacion,2003-04,7.8445535972,%
inflacion,2003-05,7.726554646,%
inflacion,2003-06,7.2072072072,%
inflacion,2003-07,7.0346010866,%
inflacion,2003-08,7.2703899443,%
inflacion,2003-09,7.1164247082,%
inflacion,2003-10,6.5808095103,%
inflacion,2003-11,6.1376404494,%
inflacion,2003-12,6.4845938375,%
inflacion,2004-01,6.1885643085,%
inflacion,2004-02,6.2705366922,%
inflacion,2004-03,6.2195121951,%
inflacion,2004-04,5.4789015405,%
inflacion,2004-05,5.3726169844,%
inflacion,2004-06,6.0690943044,%
inflacion,2004-07,6.1982367085,%
inflacion,2004-08,5.8854860186,%
inflacion,2004-09,5.9792718576,%
inflacion,2004-10,5.8956313903,%
inflacion,2004-11,5.8224163028,%
inflacion,2004-12,5.497829804,%
inflacion,2005-01,5.4367666232,%
inflacion,2005-02,5.2563772224,%
inflacion,2005-03,5.0261512948,%
inflacion,2005-04,5.016510033,%
inflacion,2005-05,5.0480769231,%
inflacion,2005-06,4.8289738431,%
inflacion,2005-07,4.9056603774,%
inflacion,2005-08,4.8792756539,%
inflacion,2005-09,5.0150451354,%
inflacion,2005-10,5.2664576803,%
inflacion,2005-11,5.1019132175,%
inflacion,2005-12,4.8497693554,%
inflacion,2006-01,4.5628786942,%
inflacion,2006-02,4.1738066095,%
inflacion,2006-03,4.1054293696,%
inflacion,2006-04,4.123836014,%
inflacion,2006-05,4.034686258,%
inflacion,2006-06,3.9347408829,%
inflacion,2006-07,4.3165467626,%
inflacion,2006-08,4.7242206235,%
inflacion,2006-09,4.5725883477,%
inflacion,2006-10,4.1810601549,%
inflacion,2006-11,4.3069601428,%
inflacion,2006-12,4.4827586207,%
inflacion,2007-01,4.7067171239,%
inflacion,2007-02,5.2520267889,%
inflacion,2007-03,5.7869560145,%
inflacion,2007-04,6.2485481998,%
inflacion,2007-05,6.2282935865,%
inflacion,2007-06,6.0364727608,%
inflacion,2007-07,5.7701149425,%
inflacion,2007-08,5.2209754981,%
inflacion,2007-09,5.0005708414,%
inflacion,2007-10,5.1680768351,%
inflacion,2007-11,5.4180449413,%
inflacion,2007-12,5.6902241948,%
inflacion,2008-01,5.9972893607,%
inflacion,2008-02,6.3518642554,%
inflacion,2008-03,5.9225763759,%
inflacion,2008-04,5.7280279843,%
inflacion,2008-05,6.3862249346,%
inflacion,2008-06,7.1840644389,%
inflacion,2008-07,7.5201043251,%
inflacion,2008-08,7.8672470076,%
inflacion,2008-09,7.5785582255,%
inflacion,2008-10,7.9365079365,%
inflacion,2008-11,7.7256005194,%
inflacion,2008-12,7.6773985141,%
inflacion,2009-01,7.1816728823,%
inflacion,2009-02,6.4658339456,%
inflacion,2009-03,6.143273636,%
inflacion,2009-04,5.7278742763,%
inflacion,2009-05,4.7736119648,%
inflacion,2009-06,3.8082664771,%
inflacion,2009-07,3.2747119466,%
inflacion,2009-08,3.1272066983,%
inflacion,2009-09,3.2140691328,%
inflacion,2009-10,2.7195809831,%
inflacion,2009-11,2.3704298915,%
inflacion,2009-12,2.0,%
inflacion,2010-01,2.0976240183,%
inflacion,2010-02,2.0901114069,%
inflacion,2010-03,1.8344123995,%
inflacion,2010-04,1.985135928,%
inflacion,2010-05,2.0727414939,%
inflacion,2010-06,2.2500489141,%
inflacion,2010-07,2.2411430808,%
inflacion,2010-08,2.3085200039,%
inflacion,2010-09,2.2816294555,%
inflacion,2010-10,2.3337909394,%
inflacion,2010-11,2.590266876,%
inflacion,2010-12,3.1764705882,%
inflacion,2011-01,3.3982473223,%
inflacion,2011-02,3.1675519073,%
inflacion,2011-03,3.1885174839,%
inflacion,2011-04,2.8382395244,%
inflacion,2011-05,3.0172413793,%
inflacion,2011-06,3.2338308458,%
inflacion,2011-07,3.426821097,%
inflacion,2011-08,3.2699110814,%
inflacion,2011-09,3.7338439445,%
inflacion,2011-10,4.014948256,%
inflacion,2011-11,3.9594491201,%
inflacion,2011-12,3.7248194603,%
inflacion,2012-01,3.5502401356,%
inflacion,2012-02,3.5570532622,%
inflacion,2012-03,3.3980582524,%
inflacion,2012-04,3.4219114219,%
inflacion,2012-05,3.440260344,%
inflacion,2012-06,3.1974050046,%
inflacion,2012-07,3.0263766775,%
inflacion,2012-08,3.1108230719,%
inflacion,2012-09,3.0826026765,%
inflacion,2012-10,3.0584983878,%
inflacion,2012-11,2.7782888684,%
inflacion,2012-12,2.436790033,%
inflacion,2013-01,1.9916333212,%
inflacion,2013-02,1.8259061737,%
inflacion,2013-03,1.9140483929,%
inflacion,2013-04,2.0194734944,%
inflacion,2013-05,2.004494382,%
inflacion,2013-06,2.1553659632,%
inflacion,2013-07,2.227811714,%
inflacion,2013-08,2.2627278441,%
inflacion,2013-09,2.2741516698,%
inflacion,2013-10,1.8414230804,%
inflacion,2013-11,1.7543859649,%
inflacion,2013-12,1.9316759077,%
inflacion,2014-01,2.1310744539,%
inflacion,2014-02,2.3169107856,%
inflacion,2014-03,2.5070871722,%
inflacion,2014-04,2.7218098268,%
inflacion,2014-05,2.9344377864,%
inflacion,2014-06,2.778021978,%
inflacion,2014-07,2.8910369069,%
inflacion,2014-08,3.020458337,%
inflacion,2014-09,2.853891272,%
inflacion,2014-10,3.2914947775,%
inflacion,2014-11,3.6593947924,%
inflacion,2014-12,3.6585365854,%
inflacion,2015-01,3.8152610442,%
inflacion,2015-02,4.3553704668,%
inflacion,2015-03,4.5544896725,%
inflacion,2015-04,4.6369580179,%
inflacion,2015-05,4.4003081928,%
inflacion,2015-06,4.422205115,%
inflacion,2015-07,4.4581091468,%
inflacion,2015-08,4.7472939572,%
inflacion,2015-09,5.3536471189,%
inflacion,2015-10,5.8973487424,%
inflacion,2015-11,6.3900203666,%
inflacion,2015-12,6.7710537452,%
inflacion,2016-01,7.4594230931,%
inflacion,2016-02,7.5906218823,%
inflacion,2016-03,7.9765250455,%
inflacion,2016-04,7.933897887,%
inflacion,2016-05,8.2000820008,%
inflacion,2016-06,8.6009174312,%
inflacion,2016-07,8.9608372169,%
inflacion,2016-08,8.0960130187,%
inflacion,2016-09,7.2709646146,%
inflacion,2016-10,6.4837104799,%
inflacion,2016-11,5.9663396347,%
inflacion,2016-12,5.7471264368,%
inflacion,2017-01,5.4703396463,%
inflacion,2017-02,5.1850707055,%
inflacion,2017-03,4.6926433438,%
inflacion,2017-04,4.6617915905,%
inflacion,2017-05,4.3652898825,%
inflacion,2017-06,3.9900437472,%
inflacion,2017-07,3.3991145794,%
inflacion,2017-08,3.8690252164,%
inflacion,2017-09,3.9689712306,%
inflacion,2017-10,4.0467219292,%
inflacion,2017-11,4.117425668,%
inflacion,2017-12,4.0854572714,%
inflacion,2018-01,3.6729242413,%
inflacion,2018-02,3.3720246841,%
inflacion,2018-03,3.1368821293,%
inflacion,2018-04,3.1295487627,%
inflacion,2018-05,3.1588119962,%
inflacion,2018-06,3.1986654094,%
inflacion,2018-07,3.1204644412,%
inflacion,2018-08,3.1016740344,%
inflacion,2018-09,3.2234697573,%
inflacion,2018-10,3.3316433693,%
inflacion,2018-11,3.2677848467,%
inflacion,2018-12,3.1832913216,%
inflacion,2019-01,3.1545474398,%
inflacion,2019-02,3.0175046983,%
inflacion,2019-03,3.21550639,%
inflacion,2019-04,3.2515607776,%
inflacion,2019-05,3.3139855802,%
inflacion,2019-06,3.4299817365,%
inflacion,2019-07,3.7878204786,%
inflacion,2019-08,3.7515240419,%
inflacion,2019-09,3.8207259823,%
inflacion,2019-10,3.8614788433,%
inflacion,2019-11,3.8467371825,%
inflacion,2019-12,3.8043016711,%
inflacion,2020-01,3.622283695,%
inflacion,2020-02,3.7200521963,%
inflacion,2020-03,3.8554822919,%
inflacion,2020-04,3.5051722008,%
inflacion,2020-05,2.8518951789,%
inflacion,2020-06,2.1918106713,%
inflacion,2020-07,1.9699219411,%
inflacion,2020-08,1.8781034585,%
inflacion,2020-09,1.9674222042,%
inflacion,2020-10,1.7481368865,%
inflacion,2020-11,1.4894733108,%
inflacion,2020-12,1.6104491469,%
inflacion,2021-01,1.5972068136,%
inflacion,2021-02,1.5631013316,%
inflacion,2021-03,1.5065503012,%
inflacion,2021-04,1.9477773144,%
inflacion,2021-05,3.29566354,%
inflacion,2021-06,3.6347619566,%
inflacion,2021-07,3.9700921872,%
inflacion,2021-08,4.4410224394,%
inflacion,2021-09,4.5101732371,%
inflacion,2021-10,4.5835413699,%
inflacion,2021-11,5.2589443487,%
inflacion,2021-12,5.6226697584,%
inflacion,2022-01,6.9446017324,%
inflacion,2022-02,8.0051946535,%
inflacion,2022-03,8.5278742298,%
inflacion,2022-04,9.234100272,%
inflacion,2022-05,9.0667765203,%
inflacion,2022-06,9.6738327407,%
inflacion,2022-07,10.2058214976,%
inflacion,2022-08,10.8359751623,%
inflacion,2022-09,11.4398864336,%
inflacion,2022-10,12.2217461232,%
inflacion,2022-11,12.5314621804,%
inflacion,2022-12,13.1224684816,%
inflacion,2023-01,13.2519770729,%
inflacion,2023-02,13.2790169918,%
inflacion,2023-03,13.3443303431,%
inflacion,2023-04,12.8228710957,%
inflacion,2023-05,12.3602564606,%
inflacion,2023-06,12.1296181519,%
inflacion,2023-07,11.7849198084,%
inflacion,2023-08,11.4273409207,%
inflacion,2023-09,10.9943243322,%
inflacion,2023-10,10.4786275455,%
inflacion,2023-11,10.1486342635,%
inflacion,2023-12,9.2760549777,%
inflacion,2024-01,8.3465670025,%
inflacion,2024-02,7.7373824775,%
inflacion,2024-03,7.3626847125,%
inflacion,2024-04,7.1632812367,%
inflacion,2024-05,7.1569236939,%
inflacion,2024-06,7.1824654001,%
inflacion,2024-07,6.8600408853,%
inflacion,2024-08,6.1204508799,%
inflacion,2024-09,5.8087773542,%
inflacion,2024-10,5.4061283305,%
inflacion,2024-11,5.1973626603,%
inflacion,2024-12,5.2030631084,%
inflacion,2025-01,5.2229795251,%
inflacion,2025-02,5.276586914,%
inflacion,2025-03,5.0899963361,%
inflacion,2025-04,5.1622920682,%
inflacion,2025-05,5.0521088151,%
inflacion,2025-06,4.8200675099,%
inflacion,2025-07,4.9004657531,%
inflacion,2025-08,5.0955768985,%
inflacion,2025-09,5.1767391781,%
inflacion,2025-10,5.5122282582,%
inflacion,2025-11,5.3010710084,%
inflacion,2025-12,5.0998841116,%
inflacion,2026-01,5.3536013746,%
inflacion,2026-02,5.2900323765,%
inflacion,2026-03,5.5589107792,%
inflacion,2026-04,5.68131085787789,%
inflacion,2026-05,5.84207897679492,%
inflacion,2026-06,6.14275127675967,%
ipc,1970-01,0.130527,index (2015=100)
ipc,1970-02,0.130527,index (2015=100)
ipc,1970-03,0.130527,index (2015=100)
ipc,1970-04,0.13868494,index (2015=100)
ipc,1970-05,0.13868494,index (2015=100)
ipc,1970-06,0.13868494,index (2015=100)
ipc,1970-07,0.13868494,index (2015=100)
ipc,1970-08,0.13868494,index (2015=100)
ipc,1970-09,0.13868494,index (2015=100)
ipc,1970-10,0.13868494,index (2015=100)
ipc,1970-11,0.13868494,index (2015=100)
ipc,1970-12,0.13868494,index (2015=100)
ipc,1971-01,0.14684287999999998,index (2015=100)
ipc,1971-02,0.14684287999999998,index (2015=100)
ipc,1971-03,0.14684287999999998,index (2015=100)
ipc,1971-04,0.14684287999999998,index (2015=100)
ipc,1971-05,0.14684287999999998,index (2015=100)
ipc,1971-06,0.15500081999999998,index (2015=100)
ipc,1971-07,0.15500081999999998,index (2015=100)
ipc,1971-08,0.15500081999999998,index (2015=100)
ipc,1971-09,0.15500081999999998,index (2015=100)
ipc,1971-10,0.15500081999999998,index (2015=100)
ipc,1971-11,0.16315875,index (2015=100)
ipc,1971-12,0.16315875,index (2015=100)
ipc,1972-01,0.16315875,index (2015=100)
ipc,1972-02,0.16315875,index (2015=100)
ipc,1972-03,0.16315875,index (2015=100)
ipc,1972-04,0.17131669,index (2015=100)
ipc,1972-05,0.17131669,index (2015=100)
ipc,1972-06,0.17131669,index (2015=100)
ipc,1972-07,0.17131669,index (2015=100)
ipc,1972-08,0.17131669,index (2015=100)
ipc,1972-09,0.17947463,index (2015=100)
ipc,1972-10,0.17947463,index (2015=100)
ipc,1972-11,0.17947463,index (2015=100)
ipc,1972-12,0.17947463,index (2015=100)
ipc,1973-01,0.18763257,index (2015=100)
ipc,1973-02,0.18763257,index (2015=100)
ipc,1973-03,0.19579049999999998,index (2015=100)
ipc,1973-04,0.20394843999999998,index (2015=100)
ipc,1973-05,0.21210638,index (2015=100)
ipc,1973-06,0.21210638,index (2015=100)
ipc,1973-07,0.22026431999999999,index (2015=100)
ipc,1973-08,0.21210638,index (2015=100)
ipc,1973-09,0.22026431999999999,index (2015=100)
ipc,1973-10,0.22026431999999999,index (2015=100)
ipc,1973-11,0.22842225,index (2015=100)
ipc,1973-12,0.22842225,index (2015=100)
ipc,1974-01,0.23658019000000002,index (2015=100)
ipc,1974-02,0.23658019000000002,index (2015=100)
ipc,1974-03,0.24473812999999997,index (2015=100)
ipc,1974-04,0.25289607,index (2015=100)
ipc,1974-05,0.26105401,index (2015=100)
ipc,1974-06,0.26105401,index (2015=100)
ipc,1974-07,0.26105401,index (2015=100)
ipc,1974-08,0.26105401,index (2015=100)
ipc,1974-09,0.26921194,index (2015=100)
ipc,1974-10,0.27736988,index (2015=100)
ipc,1974-11,0.28552782,index (2015=100)
ipc,1974-12,0.28552782,index (2015=100)
ipc,1975-01,0.29368575999999996,index (2015=100)
ipc,1975-02,0.30184369,index (2015=100)
ipc,1975-03,0.31000163,index (2015=100)
ipc,1975-04,0.31815957,index (2015=100)
ipc,1975-05,0.32631751000000003,index (2015=100)
ipc,1975-06,0.32631751000000003,index (2015=100)
ipc,1975-07,0.32631751000000003,index (2015=100)
ipc,1975-08,0.32631751000000003,index (2015=100)
ipc,1975-09,0.33447543999999996,index (2015=100)
ipc,1975-10,0.33447543999999996,index (2015=100)
ipc,1975-11,0.33447543999999996,index (2015=100)
ipc,1975-12,0.33447543999999996,index (2015=100)
ipc,1976-01,0.34263338,index (2015=100)
ipc,1976-02,0.35079132,index (2015=100)
ipc,1976-03,0.35894926,index (2015=100)
ipc,1976-04,0.3671072,index (2015=100)
ipc,1976-05,0.37526513,index (2015=100)
ipc,1976-06,0.38342307,index (2015=100)
ipc,1976-07,0.39158101,index (2015=100)
ipc,1976-08,0.39973895000000004,index (2015=100)
ipc,1976-09,0.40789687999999996,index (2015=100)
ipc,1976-10,0.40789687999999996,index (2015=100)
ipc,1976-11,0.42421276,index (2015=100)
ipc,1976-12,0.42421276,index (2015=100)
ipc,1977-01,0.43237070000000005,index (2015=100)
ipc,1977-02,0.44868657,index (2015=100)
ipc,1977-03,0.47316039,index (2015=100)
ipc,1977-04,0.50579214,index (2015=100)
ipc,1977-05,0.52210801,index (2015=100)
ipc,1977-06,0.53842389,index (2015=100)
ipc,1977-07,0.54658182,index (2015=100)
ipc,1977-08,0.54658182,index (2015=100)
ipc,1977-09,0.54658182,index (2015=100)
ipc,1977-10,0.54658182,index (2015=100)
ipc,1977-11,0.54658182,index (2015=100)
ipc,1977-12,0.54658182,index (2015=100)
ipc,1978-01,0.55473976,index (2015=100)
ipc,1978-02,0.5628977000000001,index (2015=100)
ipc,1978-03,0.57921357,index (2015=100)
ipc,1978-04,0.58737151,index (2015=100)
ipc,1978-05,0.6036873899999999,index (2015=100)
ipc,1978-06,0.62000326,index (2015=100)
ipc,1978-07,0.62000326,index (2015=100)
ipc,1978-08,0.62000326,index (2015=100)
ipc,1978-09,0.62000326,index (2015=100)
ipc,1978-10,0.63631914,index (2015=100)
ipc,1978-11,0.64447708,index (2015=100)
ipc,1978-12,0.65263501,index (2015=100)
ipc,1979-01,0.66895089,index (2015=100)
ipc,1979-02,0.68526676,index (2015=100)
ipc,1979-03,0.70974058,index (2015=100)
ipc,1979-04,0.72605645,index (2015=100)
ipc,1979-05,0.7423723299999999,index (2015=100)
ipc,1979-06,0.7505302699999999,index (2015=100)
ipc,1979-07,0.7586881999999999,index (2015=100)
ipc,1979-08,0.77500408,index (2015=100)
ipc,1979-09,0.7913199500000001,index (2015=100)
ipc,1979-10,0.7994778899999999,index (2015=100)
ipc,1979-11,0.8239517,index (2015=100)
ipc,1979-12,0.83210964,index (2015=100)
ipc,1980-01,0.8565834600000001,index (2015=100)
ipc,1980-02,0.8647413899999999,index (2015=100)
ipc,1980-03,0.88105727,index (2015=100)
ipc,1980-04,0.9136890199999999,index (2015=100)
ipc,1980-05,0.94632077,index (2015=100)
ipc,1980-06,0.96263665,index (2015=100)
ipc,1980-07,0.97079458,index (2015=100)
ipc,1980-08,0.9789525199999999,index (2015=100)
ipc,1980-09,0.9952683999999999,index (2015=100)
ipc,1980-10,1.01158427,index (2015=100)
ipc,1980-11,1.0360580799999999,index (2015=100)
ipc,1980-12,1.05237396,index (2015=100)
ipc,1981-01,1.0768477699999999,index (2015=100)
ipc,1981-02,1.10947952,index (2015=100)
ipc,1981-03,1.1339533400000001,index (2015=100)
ipc,1981-04,1.1665850899999999,index (2015=100)
ipc,1981-05,1.1910588999999998,index (2015=100)
ipc,1981-06,1.22369065,index (2015=100)
ipc,1981-07,1.24816446,index (2015=100)
ipc,1981-08,1.26448034,index (2015=100)
ipc,1981-09,1.27263828,index (2015=100)
ipc,1981-10,1.2889541500000001,index (2015=100)
ipc,1981-11,1.31342797,index (2015=100)
ipc,1981-12,1.32974384,index (2015=100)
ipc,1982-01,1.3542176499999998,index (2015=100)
ipc,1982-02,1.3868494,index (2015=100)
ipc,1982-03,1.41948116,index (2015=100)
ipc,1982-04,1.45211291,index (2015=100)
ipc,1982-05,1.49290259,index (2015=100)
ipc,1982-06,1.5255343399999999,index (2015=100)
ipc,1982-07,1.54185022,index (2015=100)
ipc,1982-08,1.5663240299999999,index (2015=100)
ipc,1982-09,1.59079785,index (2015=100)
ipc,1982-10,1.6152716599999999,index (2015=100)
ipc,1982-11,1.63974547,index (2015=100)
ipc,1982-12,1.64790341,index (2015=100)
ipc,1983-01,1.6642192900000001,index (2015=100)
ipc,1983-02,1.6886931,index (2015=100)
ipc,1983-03,1.72132485,index (2015=100)
ipc,1983-04,1.77843041,index (2015=100)
ipc,1983-05,1.8192201000000001,index (2015=100)
ipc,1983-06,1.8355359799999997,index (2015=100)
ipc,1983-07,1.85185185,index (2015=100)
ipc,1983-08,1.85185185,index (2015=100)
ipc,1983-09,1.86000979,index (2015=100)
ipc,1983-10,1.89264154,index (2015=100)
ipc,1983-11,1.91711535,index (2015=100)
ipc,1983-12,1.92527329,index (2015=100)
ipc,1984-01,1.9497471,index (2015=100)
ipc,1984-02,1.9742209199999998,index (2015=100)
ipc,1984-03,2.01501061,index (2015=100)
ipc,1984-04,2.05580029,index (2015=100)
ipc,1984-05,2.08027411,index (2015=100)
ipc,1984-06,2.11290586,index (2015=100)
ipc,1984-07,2.13737967,index (2015=100)
ipc,1984-08,2.14553761,index (2015=100)
ipc,1984-09,2.17001142,index (2015=100)
ipc,1984-10,2.1863273,index (2015=100)
ipc,1984-11,2.22711698,index (2015=100)
ipc,1984-12,2.27606461,index (2015=100)
ipc,1985-01,2.32501224,index (2015=100)
ipc,1985-02,2.3984336799999997,index (2015=100)
ipc,1985-03,2.47185511,index (2015=100)
ipc,1985-04,2.5371186199999998,index (2015=100)
ipc,1985-05,2.65948768,index (2015=100)
ipc,1985-06,2.70843531,index (2015=100)
ipc,1985-07,2.69211943,index (2015=100)
ipc,1985-08,2.67580356,index (2015=100)
ipc,1985-09,2.70027737,index (2015=100)
ipc,1985-10,2.7247511799999997,index (2015=100)
ipc,1985-11,2.749225,index (2015=100)
ipc,1985-12,2.79001468,index (2015=100)
ipc,1986-01,2.87159406,index (2015=100)
ipc,1986-02,2.96133138,index (2015=100)
ipc,1986-03,3.03475281,index (2015=100)
ipc,1986-04,3.1163321899999996,index (2015=100)
ipc,1986-05,3.09185838,index (2015=100)
ipc,1986-06,3.06738457,index (2015=100)
ipc,1986-07,3.06738457,index (2015=100)
ipc,1986-08,3.10817425,index (2015=100)
ipc,1986-09,3.15712188,index (2015=100)
ipc,1986-10,3.22238538,index (2015=100)
ipc,1986-11,3.28764888,index (2015=100)
ipc,1986-12,3.36922826,index (2015=100)
ipc,1987-01,3.4834393900000005,index (2015=100)
ipc,1987-02,3.54870289,index (2015=100)
ipc,1987-03,3.64659814,index (2015=100)
ipc,1987-04,3.72817752,index (2015=100)
ipc,1987-05,3.7934410199999995,index (2015=100)
ipc,1987-06,3.8260727699999997,index (2015=100)
ipc,1987-07,3.88317833,index (2015=100)
ipc,1987-08,3.89949421,index (2015=100)
ipc,1987-09,3.9484418299999997,index (2015=100)
ipc,1987-10,4.02186327,index (2015=100)
ipc,1987-11,4.10344265,index (2015=100)
ipc,1987-12,4.17686409,index (2015=100)
ipc,1988-01,4.307391089999999,index (2015=100)
ipc,1988-02,4.47870778,index (2015=100)
ipc,1988-03,4.6092347899999995,index (2015=100)
ipc,1988-04,4.78870941,index (2015=100)
ipc,1988-05,4.87028879,index (2015=100)
ipc,1988-06,4.99265786,index (2015=100)
ipc,1988-07,5.05792136,index (2015=100)
ipc,1988-08,5.049763420000001,index (2015=100)
ipc,1988-09,5.09055311,index (2015=100)
ipc,1988-10,5.16397455,index (2015=100)
ipc,1988-11,5.2373959900000004,index (2015=100)
ipc,1988-12,5.35976505,index (2015=100)
ipc,1989-01,5.50660793,index (2015=100)
ipc,1989-02,5.6942405,index (2015=100)
ipc,1989-03,5.83292544,index (2015=100)
ipc,1989-04,5.97976831,index (2015=100)
ipc,1989-05,6.0858215,index (2015=100)
ipc,1989-06,6.16740088,index (2015=100)
ipc,1989-07,6.26529613,index (2015=100)
ipc,1989-08,6.346875509999999,index (2015=100)
ipc,1989-09,6.43661282,index (2015=100)
ipc,1989-10,6.5426660100000005,index (2015=100)
ipc,1989-11,6.656877140000001,index (2015=100)
ipc,1989-12,6.754772389999999,index (2015=100)
ipc,1990-01,6.97503671,index (2015=100)
ipc,1990-02,7.23609072,index (2015=100)
ipc,1990-03,7.448197099999999,index (2015=100)
ipc,1990-04,7.652145539999999,index (2015=100)
ipc,1990-05,7.807146349999999,index (2015=100)
ipc,1990-06,7.9539892299999995,index (2015=100)
ipc,1990-07,8.06004242,index (2015=100)
ipc,1990-08,8.190569420000001,index (2015=100)
ipc,1990-09,8.38635993,index (2015=100)
ipc,1990-10,8.54951868,index (2015=100)
ipc,1990-11,8.72083537,index (2015=100)
ipc,1990-12,8.94109969,index (2015=100)
ipc,1991-01,9.21031163,index (2015=100)
ipc,1991-02,9.528471199999998,index (2015=100)
ipc,1991-03,9.76505139,index (2015=100)
ipc,1991-04,10.04242128,index (2015=100)
ipc,1991-05,10.262685589999998,index (2015=100)
ipc,1991-06,10.42584435,index (2015=100)
ipc,1991-07,10.61347691,index (2015=100)
ipc,1991-08,10.74400392,index (2015=100)
ipc,1991-09,10.90716267,index (2015=100)
ipc,1991-10,11.04584761,index (2015=100)
ipc,1991-11,11.18453255,index (2015=100)
ipc,1991-12,11.33953337,index (2015=100)
ipc,1992-01,11.73927231,index (2015=100)
ipc,1992-02,12.13085332,index (2015=100)
ipc,1992-03,12.4082232,index (2015=100)
ipc,1992-04,12.767172460000001,index (2015=100)
ipc,1992-05,13.060858210000001,index (2015=100)
ipc,1992-06,13.354543969999998,index (2015=100)
ipc,1992-07,13.623755909999998,index (2015=100)
ipc,1992-08,13.721651169999998,index (2015=100)
ipc,1992-09,13.83586229,index (2015=100)
ipc,1992-10,13.958231360000001,index (2015=100)
ipc,1992-11,14.05612661,index (2015=100)
ipc,1992-12,14.194811549999999,index (2015=100)
ipc,1993-01,14.65165606,index (2015=100)
ipc,1993-02,15.12481645,index (2015=100)
ipc,1993-03,15.41034426,index (2015=100)
ipc,1993-04,15.712187959999998,index (2015=100)
ipc,1993-05,15.965084030000002,index (2015=100)
ipc,1993-06,16.20982216,index (2015=100)
ipc,1993-07,16.4137706,index (2015=100)
ipc,1993-08,16.61771904,index (2015=100)
ipc,1993-09,16.80535161,index (2015=100)
ipc,1993-10,16.98482623,index (2015=100)
ipc,1993-11,17.205090549999998,index (2015=100)
ipc,1993-12,17.40088106,index (2015=100)
ipc,1994-01,17.94746288,index (2015=100)
ipc,1994-02,18.60825583,index (2015=100)
ipc,1994-03,19.02431065,index (2015=100)
ipc,1994-04,19.47299723,index (2015=100)
ipc,1994-05,19.77484092,index (2015=100)
ipc,1994-06,19.95431555,index (2015=100)
ipc,1994-07,20.13379018,index (2015=100)
ipc,1994-08,20.32958068,index (2015=100)
ipc,1994-09,20.55800294,index (2015=100)
ipc,1994-10,20.78642519,index (2015=100)
ipc,1994-11,21.014847449999998,index (2015=100)
ipc,1994-12,21.33300701,index (2015=100)
ipc,1995-01,21.72458802,index (2015=100)
ipc,1995-02,22.49143416,index (2015=100)
ipc,1995-03,23.07880568,index (2015=100)
ipc,1995-04,23.59275575,index (2015=100)
ipc,1995-05,23.984336759999998,index (2015=100)
ipc,1995-06,24.27802251,index (2015=100)
ipc,1995-07,24.46565508,index (2015=100)
ipc,1995-08,24.6206559,index (2015=100)
ipc,1995-09,24.83276228,index (2015=100)
ipc,1995-10,25.053026589999998,index (2015=100)
ipc,1995-11,25.248817099999997,index (2015=100)
ipc,1995-12,25.485397289999998,index (2015=100)
ipc,1996-01,26.121716430000003,index (2015=100)
ipc,1996-02,27.17409039,index (2015=100)
ipc,1996-03,27.74514603,index (2015=100)
ipc,1996-04,28.291727849999997,index (2015=100)
ipc,1996-05,28.73225648,index (2015=100)
ipc,1996-06,29.058573989999996,index (2015=100)
ipc,1996-07,29.49910263,index (2015=100)
ipc,1996-08,29.82542013,index (2015=100)
ipc,1996-09,30.184369389999997,index (2015=100)
ipc,1996-10,30.52700277,index (2015=100)
ipc,1996-11,30.771740899999998,index (2015=100)
ipc,1996-12,31.00016316,index (2015=100)
ipc,1997-01,31.51411323,index (2015=100)
ipc,1997-02,32.49306575,index (2015=100)
ipc,1997-03,32.99885789,index (2015=100)
ipc,1997-04,33.53728177,index (2015=100)
ipc,1997-05,34.07570566,index (2015=100)
ipc,1997-06,34.491760479999996,index (2015=100)
ipc,1997-07,34.777288299999995,index (2015=100)
ipc,1997-08,35.177027249999995,index (2015=100)
ipc,1997-09,35.61755588,index (2015=100)
ipc,1997-10,35.96018926,index (2015=100)
ipc,1997-11,36.253875019999995,index (2015=100)
ipc,1997-12,36.482297270000004,index (2015=100)
ipc,1998-01,37.13493229,index (2015=100)
ipc,1998-02,38.350465,index (2015=100)
ipc,1998-03,39.35389133,index (2015=100)
ipc,1998-04,40.49600261,index (2015=100)
ipc,1998-05,41.12416381,index (2015=100)
ipc,1998-06,41.62995594,index (2015=100)
ipc,1998-07,41.82574645,index (2015=100)
ipc,1998-08,41.84206232,index (2015=100)
ipc,1998-09,41.96443139,index (2015=100)
ipc,1998-10,42.111274269999996,index (2015=100)
ipc,1998-11,42.18469571,index (2015=100)
ipc,1998-12,42.56811878,index (2015=100)
ipc,1999-01,43.51443955,index (2015=100)
ipc,1999-02,44.24865394,index (2015=100)
ipc,1999-03,44.664708759999996,index (2015=100)
ipc,1999-04,45.015500079999995,index (2015=100)
ipc,1999-05,45.2357644,index (2015=100)
ipc,1999-06,45.35813346,index (2015=100)
ipc,1999-07,45.4968184,index (2015=100)
ipc,1999-08,45.72524066,index (2015=100)
ipc,1999-09,45.88024147,index (2015=100)
ipc,1999-10,46.03524229,index (2015=100)
ipc,1999-11,46.255506610000005,index (2015=100)
ipc,1999-12,46.50024474,index (2015=100)
ipc,2000-01,47.10393212,index (2015=100)
ipc,2000-02,48.18893783,index (2015=100)
ipc,2000-03,49.012889539999996,index (2015=100)
ipc,2000-04,49.5023658,index (2015=100)
ipc,2000-05,49.75526187,index (2015=100)
ipc,2000-06,49.747103929999994,index (2015=100)
ipc,2000-07,49.73078805,index (2015=100)
ipc,2000-08,49.88578887,index (2015=100)
ipc,2000-09,50.09789525,index (2015=100)
ipc,2000-10,50.17131669,index (2015=100)
ipc,2000-11,50.34263338,index (2015=100)
ipc,2000-12,50.57105563,index (2015=100)
ipc,2001-01,51.101321580000004,index (2015=100)
ipc,2001-02,52.07211617,index (2015=100)
ipc,2001-03,52.83896231,index (2015=100)
ipc,2001-04,53.4426497,index (2015=100)
ipc,2001-05,53.671071950000005,index (2015=100)
ipc,2001-06,53.695545759999995,index (2015=100)
ipc,2001-07,53.75265133,index (2015=100)
ipc,2001-08,53.89133627,index (2015=100)
ipc,2001-09,54.087126770000005,index (2015=100)
ipc,2001-10,54.19317996,index (2015=100)
ipc,2001-11,54.25028552,index (2015=100)
ipc,2001-12,54.437918090000004,index (2015=100)
ipc,2002-01,54.87028879,index (2015=100)
ipc,2002-02,55.56371349,index (2015=100)
ipc,2002-03,55.955294499999994,index (2015=100)
ipc,2002-04,56.46924457,index (2015=100)
ipc,2002-05,56.80372002,index (2015=100)
ipc,2002-06,57.04845815,index (2015=100)
ipc,2002-07,57.05661608,index (2015=100)
ipc,2002-08,57.11372165,index (2015=100)
ipc,2002-09,57.31767008999999,index (2015=100)
ipc,2002-10,57.6439876,index (2015=100)
ipc,2002-11,58.084516230000006,index (2015=100)
ipc,2002-12,58.24767498,index (2015=100)
ipc,2003-01,58.92478381,index (2015=100)
ipc,2003-02,59.58557676,index (2015=100)
ipc,2003-03,60.20558003000001,index (2015=100)
ipc,2003-04,60.899004729999994,index (2015=100)
ipc,2003-05,61.192690479999996,index (2015=100)
ipc,2003-06,61.160058729999996,index (2015=100)
ipc,2003-07,61.07032141999999,index (2015=100)
ipc,2003-08,61.26611192,index (2015=100)
ipc,2003-09,61.39663893,index (2015=100)
ipc,2003-10,61.43742861,index (2015=100)
ipc,2003-11,61.64953499,index (2015=100)
ipc,2003-12,62.02480013,index (2015=100)
ipc,2004-01,62.57138195,index (2015=100)
ipc,2004-02,63.321912219999994,index (2015=100)
ipc,2004-03,63.950073419999995,index (2015=100)
ipc,2004-04,64.23560124,index (2015=100)
ipc,2004-05,64.48033937,index (2015=100)
ipc,2004-06,64.87192037,index (2015=100)
ipc,2004-07,64.8556045,index (2015=100)
ipc,2004-08,64.87192037,index (2015=100)
ipc,2004-09,65.06771087999999,index (2015=100)
ipc,2004-10,65.05955294,index (2015=100)
ipc,2004-11,65.23902756999999,index (2015=100)
ipc,2004-12,65.43481807,index (2015=100)
ipc,2005-01,65.97324196,index (2015=100)
ipc,2005-02,66.65035079,index (2015=100)
ipc,2005-03,67.16430086,index (2015=100)
ipc,2005-04,67.45798662,index (2015=100)
ipc,2005-05,67.7353565,index (2015=100)
ipc,2005-06,68.00456844,index (2015=100)
ipc,2005-07,68.03720019000001,index (2015=100)
ipc,2005-08,68.03720019000001,index (2015=100)
ipc,2005-09,68.33088595,index (2015=100)
ipc,2005-10,68.48588676,index (2015=100)
ipc,2005-11,68.56746614,index (2015=100)
ipc,2005-12,68.60825582999999,index (2015=100)
ipc,2006-01,68.98352095999999,index (2015=100)
ipc,2006-02,69.43220753,index (2015=100)
ipc,2006-03,69.92168379,index (2015=100)
ipc,2006-04,70.23984336,index (2015=100)
ipc,2006-05,70.46826562,index (2015=100)
ipc,2006-06,70.680372,index (2015=100)
ipc,2006-07,70.97405775,index (2015=100)
ipc,2006-08,71.25142764,index (2015=100)
ipc,2006-09,71.45537608,index (2015=100)
ipc,2006-10,71.34932289,index (2015=100)
ipc,2006-11,71.52063958,index (2015=100)
ipc,2006-12,71.68379833,index (2015=100)
ipc,2007-01,72.23038016,index (2015=100)
ipc,2007-02,73.07880567,index (2015=100)
ipc,2007-03,73.96802088,index (2015=100)
ipc,2007-04,74.62881383,index (2015=100)
ipc,2007-05,74.85723609,index (2015=100)
ipc,2007-06,74.9469734,index (2015=100)
ipc,2007-07,75.06934247,index (2015=100)
ipc,2007-08,74.97144721,index (2015=100)
ipc,2007-09,75.02855278,index (2015=100)
ipc,2007-10,75.03671072,index (2015=100)
ipc,2007-11,75.39565997,index (2015=100)
ipc,2007-12,75.76276717,index (2015=100)
ipc,2008-01,76.56224506,index (2015=100)
ipc,2008-02,77.72067220999999,index (2015=100)
ipc,2008-03,78.34883341,index (2015=100)
ipc,2008-04,78.90357317,index (2015=100)
ipc,2008-05,79.63778755999999,index (2015=100)
ipc,2008-06,80.33121226,index (2015=100)
ipc,2008-07,80.71463534,index (2015=100)
ipc,2008-08,80.86963615,index (2015=100)
ipc,2008-09,80.71463534,index (2015=100)
ipc,2008-10,80.99200522,index (2015=100)
ipc,2008-11,81.22042747,index (2015=100)
ipc,2008-12,81.57937672999999,index (2015=100)
ipc,2009-01,82.06069504999999,index (2015=100)
ipc,2009-02,82.74596182,index (2015=100)
ipc,2009-03,83.16201664,index (2015=100)
ipc,2009-04,83.42307063999999,index (2015=100)
ipc,2009-05,83.43938652,index (2015=100)
ipc,2009-06,83.39043889,index (2015=100)
ipc,2009-07,83.35780713999999,index (2015=100)
ipc,2009-08,83.39859683,index (2015=100)
ipc,2009-09,83.30885952,index (2015=100)
ipc,2009-10,83.19464839,index (2015=100)
ipc,2009-11,83.14570076,index (2015=100)
ipc,2009-12,83.21096426,index (2015=100)
ipc,2010-01,83.78201990000001,index (2015=100)
ipc,2010-02,84.4754446,index (2015=100)
ipc,2010-03,84.68755098,index (2015=100)
ipc,2010-04,85.07913199,index (2015=100)
ipc,2010-05,85.1688693,index (2015=100)
ipc,2010-06,85.26676456,index (2015=100)
ipc,2010-07,85.22597487,index (2015=100)
ipc,2010-08,85.32387012,index (2015=100)
ipc,2010-09,85.20965899000001,index (2015=100)
ipc,2010-10,85.13623755,index (2015=100)
ipc,2010-11,85.29939630999999,index (2015=100)
ipc,2010-12,85.85413607,index (2015=100)
ipc,2011-01,86.62914015,index (2015=100)
ipc,2011-02,87.15124816000001,index (2015=100)
ipc,2011-03,87.38782834999999,index (2015=100)
ipc,2011-04,87.49388153999999,index (2015=100)
ipc,2011-05,87.73861966999999,index (2015=100)
ipc,2011-06,88.02414749,index (2015=100)
ipc,2011-07,88.14651656,index (2015=100)
ipc,2011-08,88.1138848,index (2015=100)
ipc,2011-09,88.39125469,index (2015=100)
ipc,2011-10,88.55441344,index (2015=100)
ipc,2011-11,88.67678249999999,index (2015=100)
ipc,2011-12,89.05204764,index (2015=100)
ipc,2012-01,89.70468265,index (2015=100)
ipc,2012-02,90.25126448,index (2015=100)
ipc,2012-03,90.35731766,index (2015=100)
ipc,2012-04,90.48784466999999,index (2015=100)
ipc,2012-05,90.75705660999999,index (2015=100)
ipc,2012-06,90.83863599,index (2015=100)
ipc,2012-07,90.81416217,index (2015=100)
ipc,2012-08,90.85495186,index (2015=100)
ipc,2012-09,91.11600587000001,index (2015=100)
ipc,2012-10,91.26284875,index (2015=100)
ipc,2012-11,91.14047968,index (2015=100)
ipc,2012-12,91.22205906,index (2015=100)
ipc,2013-01,91.491271,index (2015=100)
ipc,2013-02,91.89916789,index (2015=100)
ipc,2013-03,92.08680045,index (2015=100)
ipc,2013-04,92.31522271,index (2015=100)
ipc,2013-05,92.57627671,index (2015=100)
ipc,2013-06,92.79654103,index (2015=100)
ipc,2013-07,92.83733072,index (2015=100)
ipc,2013-08,92.91075216,index (2015=100)
ipc,2013-09,93.18812204,index (2015=100)
ipc,2013-10,92.94338391,index (2015=100)
ipc,2013-11,92.73943546999999,index (2015=100)
ipc,2013-12,92.98417359999999,index (2015=100)
ipc,2014-01,93.44101810999999,index (2015=100)
ipc,2014-02,94.02838962,index (2015=100)
ipc,2014-03,94.39549681,index (2015=100)
ipc,2014-04,94.82786750999999,index (2015=100)
ipc,2014-05,95.29286996,index (2015=100)
ipc,2014-06,95.37444933,index (2015=100)
ipc,2014-07,95.52129221,index (2015=100)
ipc,2014-08,95.71708272,index (2015=100)
ipc,2014-09,95.84760972000001,index (2015=100)
ipc,2014-10,96.00261053,index (2015=100)
ipc,2014-11,96.13313754,index (2015=100)
ipc,2014-12,96.38603361,index (2015=100)
ipc,2015-01,97.00603687,index (2015=100)
ipc,2015-02,98.12367433,index (2015=100)
ipc,2015-03,98.69472997,index (2015=100)
ipc,2015-04,99.22499592,index (2015=100)
ipc,2015-05,99.48604992,index (2015=100)
ipc,2015-06,99.59210311,index (2015=100)
ipc,2015-07,99.77973568,index (2015=100)
ipc,2015-08,100.261054,index (2015=100)
ipc,2015-09,100.97895251999999,index (2015=100)
ipc,2015-10,101.66421928,index (2015=100)
ipc,2015-11,102.27606461,index (2015=100)
ipc,2015-12,102.91238374,index (2015=100)
ipc,2016-01,104.24212758,index (2015=100)
ipc,2016-02,105.57187142,index (2015=100)
ipc,2016-03,106.56713982,index (2015=100)
ipc,2016-04,107.09740577,index (2015=100)
ipc,2016-05,107.64398759,index (2015=100)
ipc,2016-06,108.15793767,index (2015=100)
ipc,2016-07,108.72083536999999,index (2015=100)
ipc,2016-08,108.37820198000001,index (2015=100)
ipc,2016-09,108.32109642,index (2015=100)
ipc,2016-10,108.25583292,index (2015=100)
ipc,2016-11,108.37820198000001,index (2015=100)
ipc,2016-12,108.82688856,index (2015=100)
ipc,2017-01,109.94452602,index (2015=100)
ipc,2017-02,111.0458476,index (2015=100)
ipc,2017-03,111.56795560999998,index (2015=100)
ipc,2017-04,112.09006363,index (2015=100)
ipc,2017-05,112.34295969000001,index (2015=100)
ipc,2017-06,112.4734867,index (2015=100)
ipc,2017-07,112.41638113,index (2015=100)
ipc,2017-08,112.57138195,index (2015=100)
ipc,2017-09,112.62032957000001,index (2015=100)
ipc,2017-10,112.63664545,index (2015=100)
ipc,2017-11,112.84059389000001,index (2015=100)
ipc,2017-12,113.27296459,index (2015=100)
ipc,2018-01,113.98270517,index (2015=100)
ipc,2018-02,114.790341,index (2015=100)
ipc,2018-03,115.06771088,index (2015=100)
ipc,2018-04,115.59797681999999,index (2015=100)
ipc,2018-05,115.89166258,index (2015=100)
ipc,2018-06,116.07113720999999,index (2015=100)
ipc,2018-07,115.92429433,index (2015=100)
ipc,2018-08,116.06297927,index (2015=100)
ipc,2018-09,116.25061184,index (2015=100)
ipc,2018-10,116.38929678000001,index (2015=100)
ipc,2018-11,116.52798172,index (2015=100)
ipc,2018-12,116.87877304,index (2015=100)
ipc,2019-01,117.57834367,index (2015=100)
ipc,2019-02,118.25414493,index (2015=100)
ipc,2019-03,118.76772046999999,index (2015=100)
ipc,2019-04,119.3567153,index (2015=100)
ipc,2019-05,119.73229557,index (2015=100)
ipc,2019-06,120.05235601999999,index (2015=100)
ipc,2019-07,120.31529849,index (2015=100)
ipc,2019-08,120.41710984,index (2015=100)
ipc,2019-09,120.69222916999999,index (2015=100)
ipc,2019-10,120.88364485,index (2015=100)
ipc,2019-11,121.01050692,index (2015=100)
ipc,2019-12,121.32519416000001,index (2015=100)
ipc,2020-01,121.83736484,index (2015=100)
ipc,2020-02,122.65326083999999,index (2015=100)
ipc,2020-03,123.34678889999999,index (2015=100)
ipc,2020-04,123.54037369999999,index (2015=100)
ipc,2020-05,123.14693512999999,index (2015=100)
ipc,2020-06,122.68367636999999,index (2015=100)
ipc,2020-07,122.68541596,index (2015=100)
ipc,2020-08,122.67866775,index (2015=100)
ipc,2020-09,123.06675489,index (2015=100)
ipc,2020-10,122.99685644,index (2015=100)
ipc,2020-11,122.81292612000001,index (2015=100)
ipc,2020-12,123.27907470999999,index (2015=100)
ipc,2021-01,123.78335953999999,index (2015=100)
ipc,2021-02,124.57045559999999,index (2015=100)
ipc,2021-03,125.20507031999999,index (2015=100)
ipc,2021-04,125.94666508,index (2015=100)
ipc,2021-05,127.20544377,index (2015=100)
ipc,2021-06,127.14293595999999,index (2015=100)
ipc,2021-07,127.55614007,index (2015=100)
ipc,2021-08,128.12685491,index (2015=100)
ipc,2021-09,128.61727872999998,index (2015=100)
ipc,2021-10,128.63446822999998,index (2015=100)
ipc,2021-11,129.27158956,index (2015=100)
ipc,2021-12,130.21064996,index (2015=100)
ipc,2022-01,132.37962087,index (2015=100)
ipc,2022-02,134.54256305,index (2015=100)
ipc,2022-03,135.88240125,index (2015=100)
ipc,2022-04,137.57670642,index (2015=100)
ipc,2022-05,138.73887707999998,index (2015=100)
ipc,2022-06,139.44253093,index (2015=100)
ipc,2022-07,140.57429203,index (2015=100)
ipc,2022-08,142.01064909000002,index (2015=100)
ipc,2022-09,143.33094935,index (2015=100)
ipc,2022-10,144.35584637,index (2015=100)
ipc,2022-11,145.47120992,index (2015=100)
ipc,2022-12,147.29750146,index (2015=100)
ipc,2023-01,149.92253788,index (2015=100)
ipc,2023-02,152.40849286,index (2015=100)
ipc,2023-03,154.01499775,index (2015=100)
ipc,2023-04,155.21799013999998,index (2015=100)
ipc,2023-05,155.8873581,index (2015=100)
ipc,2023-06,156.35637746999998,index (2015=100)
ipc,2023-07,157.14085962,index (2015=100)
ipc,2023-08,158.23869009999999,index (2015=100)
ipc,2023-09,159.08921879,index (2015=100)
ipc,2023-10,159.48235785,index (2015=100)
ipc,2023-11,160.23455097,index (2015=100)
ipc,2023-12,160.96089868,index (2015=100)
ipc,2024-01,162.43592295,index (2015=100)
ipc,2024-02,164.20092087999998,index (2015=100)
ipc,2024-03,165.35463645,index (2015=100)
ipc,2024-04,166.33669129999998,index (2015=100)
ipc,2024-05,167.04409737,index (2015=100)
ipc,2024-06,167.58662019,index (2015=100)
ipc,2024-07,167.92078684,index (2015=100)
ipc,2024-08,167.9236114,index (2015=100)
ipc,2024-09,168.3303573,index (2015=100)
ipc,2024-10,168.10417877999998,index (2015=100)
ipc,2024-11,168.56252168999998,index (2015=100)
ipc,2024-12,169.33579582,index (2015=100)
ipc,2025-01,170.91991795,index (2015=100)
ipc,2025-02,172.86512517999998,index (2015=100)
ipc,2025-03,173.77118138,index (2015=100)
ipc,2025-04,174.92347713,index (2015=100)
ipc,2025-05,175.48334694,index (2015=100)
ipc,2025-06,175.66440842,index (2015=100)
ipc,2025-07,176.14968749,index (2015=100)
ipc,2025-08,176.48028815,index (2015=100)
ipc,2025-09,177.04438086,index (2015=100)
ipc,2025-10,177.37046483,index (2015=100)
ipc,2025-11,177.49814066,index (2015=100)
ipc,2025-12,177.97172515999998,index (2015=100)
ipc,2026-01,180.07028902,index (2015=100)
ipc,2026-02,182.00974627,index (2015=100)
ipc,2026-03,183.43096631,index (2015=100)
ipc,2026-04,184.861423635781,index (2015=100)
ipc,2026-05,185.735222666906,index (2015=100)
ipc,2026-06,186.455036118306,index (2015=100)
produccion_industrial,1990-01,71.0416377093371,"index (2015=100), seasonally adjusted"
produccion_industrial,1990-02,72.3481074014455,"index (2015=100), seasonally adjusted"
produccion_industrial,1990-03,73.9877949390319,"index (2015=100), seasonally adjusted"
produccion_industrial,1990-04,74.9882546697512,"index (2015=100), seasonally adjusted"
produccion_industrial,1990-05,72.9453651689373,"index (2015=100), seasonally adjusted"
produccion_industrial,1990-06,72.4597657577187,"index (2015=100), seasonally adjusted"
produccion_industrial,1990-07,71.2569275141647,"index (2015=100), seasonally adjusted"
produccion_industrial,1990-08,72.3174487528175,"index (2015=100), seasonally adjusted"
produccion_industrial,1990-09,70.4682959703553,"index (2015=100), seasonally adjusted"
produccion_industrial,1990-10,70.1157087482749,"index (2015=100), seasonally adjusted"
produccion_industrial,1990-11,70.3380460854316,"index (2015=100), seasonally adjusted"
produccion_industrial,1990-12,71.4216988404562,"index (2015=100), seasonally adjusted"
produccion_industrial,1991-01,70.40366238537999,"index (2015=100), seasonally adjusted"
produccion_industrial,1991-02,70.611983747476,"index (2015=100), seasonally adjusted"
produccion_industrial,1991-03,71.26768609737731,"index (2015=100), seasonally adjusted"
produccion_industrial,1991-04,71.6865253772295,"index (2015=100), seasonally adjusted"
produccion_industrial,1991-05,69.7248399663559,"index (2015=100), seasonally adjusted"
produccion_industrial,1991-06,71.9157670062979,"index (2015=100), seasonally adjusted"
produccion_industrial,1991-07,71.5992085419348,"index (2015=100), seasonally adjusted"
produccion_industrial,1991-08,72.9815409678411,"index (2015=100), seasonally adjusted"
produccion_industrial,1991-09,71.52652406437579,"index (2015=100), seasonally adjusted"
produccion_industrial,1991-10,72.1439276846349,"index (2015=100), seasonally adjusted"
produccion_industrial,1991-11,73.24724093998431,"index (2015=100), seasonally adjusted"
produccion_industrial,1991-12,73.51459630973879,"index (2015=100), seasonally adjusted"
produccion_industrial,1992-01,73.7184687987796,"index (2015=100), seasonally adjusted"
produccion_industrial,1992-02,76.7830637135329,"index (2015=100), seasonally adjusted"
produccion_industrial,1992-03,74.15063238004889,"index (2015=100), seasonally adjusted"
produccion_industrial,1992-04,74.2284189974916,"index (2015=100), seasonally adjusted"
produccion_industrial,1992-05,76.7973437008049,"index (2015=100), seasonally adjusted"
produccion_industrial,1992-06,76.77029710222641,"index (2015=100), seasonally adjusted"
produccion_industrial,1992-07,78.46129902851439,"index (2015=100), seasonally adjusted"
produccion_industrial,1992-08,76.9146355941388,"index (2015=100), seasonally adjusted"
produccion_industrial,1992-09,78.7613260881111,"index (2015=100), seasonally adjusted"
produccion_industrial,1992-10,78.43588481106511,"index (2015=100), seasonally adjusted"
produccion_industrial,1992-11,78.0587878850414,"index (2015=100), seasonally adjusted"
produccion_industrial,1992-12,77.87128292041821,"index (2015=100), seasonally adjusted"
produccion_industrial,1993-01,78.9063176991869,"index (2015=100), seasonally adjusted"
produccion_industrial,1993-02,78.72777428694219,"index (2015=100), seasonally adjusted"
produccion_industrial,1993-03,77.48875692416159,"index (2015=100), seasonally adjusted"
produccion_industrial,1993-04,78.0265219561971,"index (2015=100), seasonally adjusted"
produccion_industrial,1993-05,79.3345886893438,"index (2015=100), seasonally adjusted"
produccion_industrial,1993-06,79.3669674342616,"index (2015=100), seasonally adjusted"
produccion_industrial,1993-07,78.18512595243931,"index (2015=100), seasonally adjusted"
produccion_industrial,1993-08,78.2198047779651,"index (2015=100), seasonally adjusted"
produccion_industrial,1993-09,79.8903214102715,"index (2015=100), seasonally adjusted"
produccion_industrial,1993-10,80.7005370298798,"index (2015=100), seasonally adjusted"
produccion_industrial,1993-11,79.8961464549497,"index (2015=100), seasonally adjusted"
produccion_industrial,1993-12,77.3874936822202,"index (2015=100), seasonally adjusted"
produccion_industrial,1994-01,80.9525293044377,"index (2015=100), seasonally adjusted"
produccion_industrial,1994-02,79.3184898917177,"index (2015=100), seasonally adjusted"
produccion_industrial,1994-03,77.493822568315,"index (2015=100), seasonally adjusted"
produccion_industrial,1994-04,84.7593478751547,"index (2015=100), seasonally adjusted"
produccion_industrial,1994-05,80.959436881361,"index (2015=100), seasonally adjusted"
produccion_industrial,1994-06,81.2382071293595,"index (2015=100), seasonally adjusted"
produccion_industrial,1994-07,82.6341742646008,"index (2015=100), seasonally adjusted"
produccion_industrial,1994-08,86.0864862162552,"index (2015=100), seasonally adjusted"
produccion_industrial,1994-09,82.61550856638,"index (2015=100), seasonally adjusted"
produccion_industrial,1994-10,81.6449197534811,"index (2015=100), seasonally adjusted"
produccion_industrial,1994-11,81.8999361808515,"index (2015=100), seasonally adjusted"
produccion_industrial,1994-12,81.5180640731144,"index (2015=100), seasonally adjusted"
produccion_industrial,1995-01,81.8945255034736,"index (2015=100), seasonally adjusted"
produccion_industrial,1995-02,82.37430934304591,"index (2015=100), seasonally adjusted"
produccion_industrial,1995-03,83.45648635635409,"index (2015=100), seasonally adjusted"
produccion_industrial,1995-04,82.3434337584564,"index (2015=100), seasonally adjusted"
produccion_industrial,1995-05,82.5620895798731,"index (2015=100), seasonally adjusted"
produccion_industrial,1995-06,81.6320306176611,"index (2015=100), seasonally adjusted"
produccion_industrial,1995-07,82.2449700355242,"index (2015=100), seasonally adjusted"
produccion_industrial,1995-08,83.5701210280535,"index (2015=100), seasonally adjusted"
produccion_industrial,1995-09,84.7136962665375,"index (2015=100), seasonally adjusted"
produccion_industrial,1995-10,86.18510644377551,"index (2015=100), seasonally adjusted"
produccion_industrial,1995-11,86.1269744382476,"index (2015=100), seasonally adjusted"
produccion_industrial,1995-12,85.4194400449445,"index (2015=100), seasonally adjusted"
produccion_industrial,1996-01,79.5366779146383,"index (2015=100), seasonally adjusted"
produccion_industrial,1996-02,85.1652885290343,"index (2015=100), seasonally adjusted"
produccion_industrial,1996-03,84.37068331891639,"index (2015=100), seasonally adjusted"
produccion_industrial,1996-04,83.52072645578839,"index (2015=100), seasonally adjusted"
produccion_industrial,1996-05,82.6569426898146,"index (2015=100), seasonally adjusted"
produccion_industrial,1996-06,82.97466556988519,"index (2015=100), seasonally adjusted"
produccion_industrial,1996-07,81.29677740252001,"index (2015=100), seasonally adjusted"
produccion_industrial,1996-08,80.9559443147817,"index (2015=100), seasonally adjusted"
produccion_industrial,1996-09,78.7936417222844,"index (2015=100), seasonally adjusted"
produccion_industrial,1996-10,77.7358426507823,"index (2015=100), seasonally adjusted"
produccion_industrial,1996-11,77.5667063947181,"index (2015=100), seasonally adjusted"
produccion_industrial,1996-12,78.9803392396101,"index (2015=100), seasonally adjusted"
produccion_industrial,1997-01,79.64359559894079,"index (2015=100), seasonally adjusted"
produccion_industrial,1997-02,80.2057921602034,"index (2015=100), seasonally adjusted"
produccion_industrial,1997-03,81.0520744489172,"index (2015=100), seasonally adjusted"
produccion_industrial,1997-04,80.54393197819289,"index (2015=100), seasonally adjusted"
produccion_industrial,1997-05,83.3023835739956,"index (2015=100), seasonally adjusted"
produccion_industrial,1997-06,82.759864497745,"index (2015=100), seasonally adjusted"
produccion_industrial,1997-07,85.35531265672009,"index (2015=100), seasonally adjusted"
produccion_industrial,1997-08,81.43401428460571,"index (2015=100), seasonally adjusted"
produccion_industrial,1997-09,83.9066590305024,"index (2015=100), seasonally adjusted"
produccion_industrial,1997-10,85.8808273785533,"index (2015=100), seasonally adjusted"
produccion_industrial,1997-11,87.27946005676131,"index (2015=100), seasonally adjusted"
produccion_industrial,1997-12,86.4080123832736,"index (2015=100), seasonally adjusted"
produccion_industrial,1998-01,85.7259379118829,"index (2015=100), seasonally adjusted"
produccion_industrial,1998-02,87.0139041810646,"index (2015=100), seasonally adjusted"
produccion_industrial,1998-03,86.6220363736081,"index (2015=100), seasonally adjusted"
produccion_industrial,1998-04,87.35224551579171,"index (2015=100), seasonally adjusted"
produccion_industrial,1998-05,85.5352516103861,"index (2015=100), seasonally adjusted"
produccion_industrial,1998-06,82.504325633682,"index (2015=100), seasonally adjusted"
produccion_industrial,1998-07,81.7471325157278,"index (2015=100), seasonally adjusted"
produccion_industrial,1998-08,79.2826497760606,"index (2015=100), seasonally adjusted"
produccion_industrial,1998-09,78.7400261465572,"index (2015=100), seasonally adjusted"
produccion_industrial,1998-10,80.14091438972059,"index (2015=100), seasonally adjusted"
produccion_industrial,1998-11,76.3770852809495,"index (2015=100), seasonally adjusted"
produccion_industrial,1998-12,71.5314225346085,"index (2015=100), seasonally adjusted"
produccion_industrial,1999-01,73.3488847852988,"index (2015=100), seasonally adjusted"
produccion_industrial,1999-02,71.4802238896,"index (2015=100), seasonally adjusted"
produccion_industrial,1999-03,67.07681998899109,"index (2015=100), seasonally adjusted"
produccion_industrial,1999-04,69.97476769135929,"index (2015=100), seasonally adjusted"
produccion_industrial,1999-05,68.33636167211951,"index (2015=100), seasonally adjusted"
produccion_industrial,1999-06,70.349400855453,"index (2015=100), seasonally adjusted"
produccion_industrial,1999-07,68.76107504497661,"index (2015=100), seasonally adjusted"
produccion_industrial,1999-08,71.0218475623369,"index (2015=100), seasonally adjusted"
produccion_industrial,1999-09,71.6087042232934,"index (2015=100), seasonally adjusted"
produccion_industrial,1999-10,72.1859140409947,"index (2015=100), seasonally adjusted"
produccion_industrial,1999-11,71.5778099087873,"index (2015=100), seasonally adjusted"
produccion_industrial,1999-12,74.7259463137471,"index (2015=100), seasonally adjusted"
produccion_industrial,2000-01,75.4603081803726,"index (2015=100), seasonally adjusted"
produccion_industrial,2000-02,75.1104562344585,"index (2015=100), seasonally adjusted"
produccion_industrial,2000-03,74.3892023806605,"index (2015=100), seasonally adjusted"
produccion_industrial,2000-04,75.4974571709261,"index (2015=100), seasonally adjusted"
produccion_industrial,2000-05,75.2143949396737,"index (2015=100), seasonally adjusted"
produccion_industrial,2000-06,79.0947670907422,"index (2015=100), seasonally adjusted"
produccion_industrial,2000-07,79.4463863483006,"index (2015=100), seasonally adjusted"
produccion_industrial,2000-08,81.42313314798871,"index (2015=100), seasonally adjusted"
produccion_industrial,2000-09,79.646342173621,"index (2015=100), seasonally adjusted"
produccion_industrial,2000-10,79.2054894423394,"index (2015=100), seasonally adjusted"
produccion_industrial,2000-11,81.13017889711989,"index (2015=100), seasonally adjusted"
produccion_industrial,2000-12,79.3269070759383,"index (2015=100), seasonally adjusted"
produccion_industrial,2001-01,71.6256684491979,"index (2015=100), seasonally adjusted"
produccion_industrial,2001-02,72.0106951871658,"index (2015=100), seasonally adjusted"
produccion_industrial,2001-03,71.64705882352939,"index (2015=100), seasonally adjusted"
produccion_industrial,2001-04,74.25668449197859,"index (2015=100), seasonally adjusted"
produccion_industrial,2001-05,72.49197860962569,"index (2015=100), seasonally adjusted"
produccion_industrial,2001-06,72.7700534759358,"index (2015=100), seasonally adjusted"
produccion_industrial,2001-07,73.1122994652406,"index (2015=100), seasonally adjusted"
produccion_industrial,2001-08,72.2994652406417,"index (2015=100), seasonally adjusted"
produccion_industrial,2001-09,73.1016042780749,"index (2015=100), seasonally adjusted"
produccion_industrial,2001-10,71.6577540106952,"index (2015=100), seasonally adjusted"
produccion_industrial,2001-11,71.6577540106952,"index (2015=100), seasonally adjusted"
produccion_industrial,2001-12,72.4598930481283,"index (2015=100), seasonally adjusted"
produccion_industrial,2002-01,71.6577540106952,"index (2015=100), seasonally adjusted"
produccion_industrial,2002-02,72.36363636363639,"index (2015=100), seasonally adjusted"
produccion_industrial,2002-03,71.6577540106952,"index (2015=100), seasonally adjusted"
produccion_industrial,2002-04,71.6577540106952,"index (2015=100), seasonally adjusted"
produccion_industrial,2002-05,71.6577540106952,"index (2015=100), seasonally adjusted"
produccion_industrial,2002-06,73.1657754010695,"index (2015=100), seasonally adjusted"
produccion_industrial,2002-07,71.6577540106952,"index (2015=100), seasonally adjusted"
produccion_industrial,2002-08,72.5347593582888,"index (2015=100), seasonally adjusted"
produccion_industrial,2002-09,71.75401069518719,"index (2015=100), seasonally adjusted"
produccion_industrial,2002-10,72.56684491978609,"index (2015=100), seasonally adjusted"
produccion_industrial,2002-11,71.3368983957219,"index (2015=100), seasonally adjusted"
produccion_industrial,2002-12,72.5454545454545,"index (2015=100), seasonally adjusted"
produccion_industrial,2003-01,72.72727272727269,"index (2015=100), seasonally adjusted"
produccion_industrial,2003-02,72.72727272727269,"index (2015=100), seasonally adjusted"
produccion_industrial,2003-03,73.4010695187166,"index (2015=100), seasonally adjusted"
produccion_industrial,2003-04,72.72727272727269,"index (2015=100), seasonally adjusted"
produccion_industrial,2003-05,73.54010695187169,"index (2015=100), seasonally adjusted"
produccion_industrial,2003-06,71.6363636363636,"index (2015=100), seasonally adjusted"
produccion_industrial,2003-07,73.20855614973259,"index (2015=100), seasonally adjusted"
produccion_industrial,2003-08,72.72727272727269,"index (2015=100), seasonally adjusted"
produccion_industrial,2003-09,74.04278074866309,"index (2015=100), seasonally adjusted"
produccion_industrial,2003-10,73.668449197861,"index (2015=100), seasonally adjusted"
produccion_industrial,2003-11,75.93582887700529,"index (2015=100), seasonally adjusted"
produccion_industrial,2003-12,74.8663101604278,"index (2015=100), seasonally adjusted"
produccion_industrial,2004-01,75.2941176470588,"index (2015=100), seasonally adjusted"
produccion_industrial,2004-02,76.0106951871658,"index (2015=100), seasonally adjusted"
produccion_industrial,2004-03,76.99465240641709,"index (2015=100), seasonally adjusted"
produccion_industrial,2004-04,76.2352941176471,"index (2015=100), seasonally adjusted"
produccion_industrial,2004-05,77.5294117647059,"index (2015=100), seasonally adjusted"
produccion_industrial,2004-06,77.83957219251339,"index (2015=100), seasonally adjusted"
produccion_industrial,2004-07,78.07486631016039,"index (2015=100), seasonally adjusted"
produccion_industrial,2004-08,78.2566844919786,"index (2015=100), seasonally adjusted"
produccion_industrial,2004-09,75.93582887700529,"index (2015=100), seasonally adjusted"
produccion_industrial,2004-10,79.2941176470588,"index (2015=100), seasonally adjusted"
produccion_industrial,2004-11,79.9893048128342,"index (2015=100), seasonally adjusted"
produccion_industrial,2004-12,80.2566844919786,"index (2015=100), seasonally adjusted"
produccion_industrial,2005-01,80.2139037433155,"index (2015=100), seasonally adjusted"
produccion_industrial,2005-02,80.2139037433155,"index (2015=100), seasonally adjusted"
produccion_industrial,2005-03,80.2139037433155,"index (2015=100), seasonally adjusted"
produccion_industrial,2005-04,81.28342245989299,"index (2015=100), seasonally adjusted"
produccion_industrial,2005-05,79.35828877005349,"index (2015=100), seasonally adjusted"
produccion_industrial,2005-06,81.2299465240642,"index (2015=100), seasonally adjusted"
produccion_industrial,2005-07,80.2139037433155,"index (2015=100), seasonally adjusted"
produccion_industrial,2005-08,81.4010695187166,"index (2015=100), seasonally adjusted"
produccion_industrial,2005-09,80.2673796791444,"index (2015=100), seasonally adjusted"
produccion_industrial,2005-10,81.25133689839569,"index (2015=100), seasonally adjusted"
produccion_industrial,2005-11,81.1550802139037,"index (2015=100), seasonally adjusted"
produccion_industrial,2005-12,81.1229946524064,"index (2015=100), seasonally adjusted"
produccion_industrial,2006-01,82.3529411764706,"index (2015=100), seasonally adjusted"
produccion_industrial,2006-02,84.3743315508021,"index (2015=100), seasonally adjusted"
produccion_industrial,2006-03,84.9732620320856,"index (2015=100), seasonally adjusted"
produccion_industrial,2006-04,86.64171122994651,"index (2015=100), seasonally adjusted"
produccion_industrial,2006-05,87.70053475935829,"index (2015=100), seasonally adjusted"
produccion_industrial,2006-06,88.7700534759358,"index (2015=100), seasonally adjusted"
produccion_industrial,2006-07,91.27272727272731,"index (2015=100), seasonally adjusted"
produccion_industrial,2006-08,92.2887700534759,"index (2015=100), seasonally adjusted"
produccion_industrial,2006-09,93.5401069518716,"index (2015=100), seasonally adjusted"
produccion_industrial,2006-10,94.2139037433155,"index (2015=100), seasonally adjusted"
produccion_industrial,2006-11,94.22459893048129,"index (2015=100), seasonally adjusted"
produccion_industrial,2006-12,93.04812834224599,"index (2015=100), seasonally adjusted"
produccion_industrial,2007-01,91.9786096256684,"index (2015=100), seasonally adjusted"
produccion_industrial,2007-02,94.1176470588235,"index (2015=100), seasonally adjusted"
produccion_industrial,2007-03,97.1657754010695,"index (2015=100), seasonally adjusted"
produccion_industrial,2007-04,95.807486631016,"index (2015=100), seasonally adjusted"
produccion_industrial,2007-05,96.8770053475936,"index (2015=100), seasonally adjusted"
produccion_industrial,2007-06,99.668449197861,"index (2015=100), seasonally adjusted"
produccion_industrial,2007-07,98.2459893048128,"index (2015=100), seasonally adjusted"
produccion_industrial,2007-08,99.5614973262032,"index (2015=100), seasonally adjusted"
produccion_industrial,2007-09,100.310160427807,"index (2015=100), seasonally adjusted"
produccion_industrial,2007-10,99.46524064171119,"index (2015=100), seasonally adjusted"
produccion_industrial,2007-11,101.604278074866,"index (2015=100), seasonally adjusted"
produccion_industrial,2007-12,101.550802139037,"index (2015=100), seasonally adjusted"
produccion_industrial,2008-01,97.3262032085562,"index (2015=100), seasonally adjusted"
produccion_industrial,2008-02,99.2941176470588,"index (2015=100), seasonally adjusted"
produccion_industrial,2008-03,97.3903743315508,"index (2015=100), seasonally adjusted"
produccion_industrial,2008-04,97.6256684491979,"index (2015=100), seasonally adjusted"
produccion_industrial,2008-05,94.0320855614973,"index (2015=100), seasonally adjusted"
produccion_industrial,2008-06,95.5294117647059,"index (2015=100), seasonally adjusted"
produccion_industrial,2008-07,94.5989304812834,"index (2015=100), seasonally adjusted"
produccion_industrial,2008-08,93.25133689839569,"index (2015=100), seasonally adjusted"
produccion_industrial,2008-09,94.1176470588235,"index (2015=100), seasonally adjusted"
produccion_industrial,2008-10,90.90909090909089,"index (2015=100), seasonally adjusted"
produccion_industrial,2008-11,89.83957219251339,"index (2015=100), seasonally adjusted"
produccion_industrial,2008-12,91.19786096256679,"index (2015=100), seasonally adjusted"
produccion_industrial,2009-01,90.9839572192513,"index (2015=100), seasonally adjusted"
produccion_industrial,2009-02,90.9411764705882,"index (2015=100), seasonally adjusted"
produccion_industrial,2009-03,90.3529411764706,"index (2015=100), seasonally adjusted"
produccion_industrial,2009-04,88.8342245989305,"index (2015=100), seasonally adjusted"
produccion_industrial,2009-05,90.331550802139,"index (2015=100), seasonally adjusted"
produccion_industrial,2009-06,88.5026737967914,"index (2015=100), seasonally adjusted"
produccion_industrial,2009-07,90.1497326203209,"index (2015=100), seasonally adjusted"
produccion_industrial,2009-08,90.1176470588235,"index (2015=100), seasonally adjusted"
produccion_industrial,2009-09,89.7967914438503,"index (2015=100), seasonally adjusted"
produccion_industrial,2009-10,89.5828877005348,"index (2015=100), seasonally adjusted"
produccion_industrial,2009-11,91.4010695187166,"index (2015=100), seasonally adjusted"
produccion_industrial,2009-12,91.9572192513369,"index (2015=100), seasonally adjusted"
produccion_industrial,2010-01,90.90909090909089,"index (2015=100), seasonally adjusted"
produccion_industrial,2010-02,93.1657754010695,"index (2015=100), seasonally adjusted"
produccion_industrial,2010-03,92.78074866310159,"index (2015=100), seasonally adjusted"
produccion_industrial,2010-04,95.1871657754011,"index (2015=100), seasonally adjusted"
produccion_industrial,2010-05,94.1176470588235,"index (2015=100), seasonally adjusted"
produccion_industrial,2010-06,94.1176470588235,"index (2015=100), seasonally adjusted"
produccion_industrial,2010-07,91.7647058823529,"index (2015=100), seasonally adjusted"
produccion_industrial,2010-08,93.04812834224599,"index (2015=100), seasonally adjusted"
produccion_industrial,2010-09,93.4545454545455,"index (2015=100), seasonally adjusted"
produccion_industrial,2010-10,95.1016042780749,"index (2015=100), seasonally adjusted"
produccion_industrial,2010-11,94.94117647058819,"index (2015=100), seasonally adjusted"
produccion_industrial,2010-12,95.5828877005348,"index (2015=100), seasonally adjusted"
produccion_industrial,2011-01,98.1069518716577,"index (2015=100), seasonally adjusted"
produccion_industrial,2011-02,96.5133689839572,"index (2015=100), seasonally adjusted"
produccion_industrial,2011-03,100.27807486630999,"index (2015=100), seasonally adjusted"
produccion_industrial,2011-04,97.09090909090911,"index (2015=100), seasonally adjusted"
produccion_industrial,2011-05,97.91443850267379,"index (2015=100), seasonally adjusted"
produccion_industrial,2011-06,96.6844919786096,"index (2015=100), seasonally adjusted"
produccion_industrial,2011-07,97.8716577540107,"index (2015=100), seasonally adjusted"
produccion_industrial,2011-08,99.19786096256679,"index (2015=100), seasonally adjusted"
produccion_industrial,2011-09,97.88235294117649,"index (2015=100), seasonally adjusted"
produccion_industrial,2011-10,99.0374331550802,"index (2015=100), seasonally adjusted"
produccion_industrial,2011-11,100.534759358289,"index (2015=100), seasonally adjusted"
produccion_industrial,2011-12,97.41176470588239,"index (2015=100), seasonally adjusted"
produccion_industrial,2012-01,97.2727272727273,"index (2015=100), seasonally adjusted"
produccion_industrial,2012-02,97.6149732620321,"index (2015=100), seasonally adjusted"
produccion_industrial,2012-03,100.08556149732598,"index (2015=100), seasonally adjusted"
produccion_industrial,2012-04,95.4973262032086,"index (2015=100), seasonally adjusted"
produccion_industrial,2012-05,98.25668449197859,"index (2015=100), seasonally adjusted"
produccion_industrial,2012-06,100.609625668449,"index (2015=100), seasonally adjusted"
produccion_industrial,2012-07,99.2192513368984,"index (2015=100), seasonally adjusted"
produccion_industrial,2012-08,98.1818181818182,"index (2015=100), seasonally adjusted"
produccion_industrial,2012-09,99.2941176470588,"index (2015=100), seasonally adjusted"
produccion_industrial,2012-10,97.379679144385,"index (2015=100), seasonally adjusted"
produccion_industrial,2012-11,95.1871657754011,"index (2015=100), seasonally adjusted"
produccion_industrial,2012-12,97.2941176470588,"index (2015=100), seasonally adjusted"
produccion_industrial,2013-01,96.25668449197859,"index (2015=100), seasonally adjusted"
produccion_industrial,2013-02,95.6363636363636,"index (2015=100), seasonally adjusted"
produccion_industrial,2013-03,96.0641711229946,"index (2015=100), seasonally adjusted"
produccion_industrial,2013-04,96.4385026737968,"index (2015=100), seasonally adjusted"
produccion_industrial,2013-05,96.2994652406417,"index (2015=100), seasonally adjusted"
produccion_industrial,2013-06,97.3689839572193,"index (2015=100), seasonally adjusted"
produccion_industrial,2013-07,97.6363636363636,"index (2015=100), seasonally adjusted"
produccion_industrial,2013-08,95.4973262032086,"index (2015=100), seasonally adjusted"
produccion_industrial,2013-09,97.4652406417112,"index (2015=100), seasonally adjusted"
produccion_industrial,2013-10,97.7005347593583,"index (2015=100), seasonally adjusted"
produccion_industrial,2013-11,97.41176470588239,"index (2015=100), seasonally adjusted"
produccion_industrial,2013-12,96.8021390374332,"index (2015=100), seasonally adjusted"
produccion_industrial,2014-01,97.3262032085562,"index (2015=100), seasonally adjusted"
produccion_industrial,2014-02,99.3903743315508,"index (2015=100), seasonally adjusted"
produccion_industrial,2014-03,99.48663101604281,"index (2015=100), seasonally adjusted"
produccion_industrial,2014-04,99.46524064171119,"index (2015=100), seasonally adjusted"
produccion_industrial,2014-05,99.379679144385,"index (2015=100), seasonally adjusted"
produccion_industrial,2014-06,96.25668449197859,"index (2015=100), seasonally adjusted"
produccion_industrial,2014-07,97.3262032085562,"index (2015=100), seasonally adjusted"
produccion_industrial,2014-08,97.9572192513369,"index (2015=100), seasonally adjusted"
produccion_industrial,2014-09,97.54010695187169,"index (2015=100), seasonally adjusted"
produccion_industrial,2014-10,98.14973262032089,"index (2015=100), seasonally adjusted"
produccion_industrial,2014-11,97.903743315508,"index (2015=100), seasonally adjusted"
produccion_industrial,2014-12,99.2085561497326,"index (2015=100), seasonally adjusted"
produccion_industrial,2015-01,97.3262032085562,"index (2015=100), seasonally adjusted"
produccion_industrial,2015-02,99.6363636363636,"index (2015=100), seasonally adjusted"
produccion_industrial,2015-03,97.3262032085562,"index (2015=100), seasonally adjusted"
produccion_industrial,2015-04,99.46524064171119,"index (2015=100), seasonally adjusted"
produccion_industrial,2015-05,99.46524064171119,"index (2015=100), seasonally adjusted"
produccion_industrial,2015-06,99.3475935828877,"index (2015=100), seasonally adjusted"
produccion_industrial,2015-07,99.46524064171119,"index (2015=100), seasonally adjusted"
produccion_industrial,2015-08,100.919786096257,"index (2015=100), seasonally adjusted"
produccion_industrial,2015-09,100.641711229947,"index (2015=100), seasonally adjusted"
produccion_industrial,2015-10,101.679144385027,"index (2015=100), seasonally adjusted"
produccion_industrial,2015-11,104.256684491979,"index (2015=100), seasonally adjusted"
produccion_industrial,2015-12,103.04812834224599,"index (2015=100), seasonally adjusted"
produccion_industrial,2016-01,105.88235294117601,"index (2015=100), seasonally adjusted"
produccion_industrial,2016-02,103.31550802139,"index (2015=100), seasonally adjusted"
produccion_industrial,2016-03,103.73262032085599,"index (2015=100), seasonally adjusted"
produccion_industrial,2016-04,102.67379679144399,"index (2015=100), seasonally adjusted"
produccion_industrial,2016-05,102.67379679144399,"index (2015=100), seasonally adjusted"
produccion_industrial,2016-06,105.336898395722,"index (2015=100), seasonally adjusted"
produccion_industrial,2016-07,97.0588235294118,"index (2015=100), seasonally adjusted"
produccion_industrial,2016-08,106.40641711229898,"index (2015=100), seasonally adjusted"
produccion_industrial,2016-09,105.16577540107,"index (2015=100), seasonally adjusted"
produccion_industrial,2016-10,103.743315508021,"index (2015=100), seasonally adjusted"
produccion_industrial,2016-11,104.534759358289,"index (2015=100), seasonally adjusted"
produccion_industrial,2016-12,105.67914438502699,"index (2015=100), seasonally adjusted"
produccion_industrial,2017-01,104.449197860963,"index (2015=100), seasonally adjusted"
produccion_industrial,2017-02,103.31550802139,"index (2015=100), seasonally adjusted"
produccion_industrial,2017-03,103.16577540107,"index (2015=100), seasonally adjusted"
produccion_industrial,2017-04,102.79144385026699,"index (2015=100), seasonally adjusted"
produccion_industrial,2017-05,103.09090909090901,"index (2015=100), seasonally adjusted"
produccion_industrial,2017-06,103.92513368984,"index (2015=100), seasonally adjusted"
produccion_industrial,2017-07,104.38502673796799,"index (2015=100), seasonally adjusted"
produccion_industrial,2017-08,102.67379679144399,"index (2015=100), seasonally adjusted"
produccion_industrial,2017-09,103.89304812834199,"index (2015=100), seasonally adjusted"
produccion_industrial,2017-10,103.614973262032,"index (2015=100), seasonally adjusted"
produccion_industrial,2017-11,104.139037433155,"index (2015=100), seasonally adjusted"
produccion_industrial,2017-12,106.951871657754,"index (2015=100), seasonally adjusted"
produccion_industrial,2018-01,104.66310160427801,"index (2015=100), seasonally adjusted"
produccion_industrial,2018-02,104.866310160428,"index (2015=100), seasonally adjusted"
produccion_industrial,2018-03,109.090909090909,"index (2015=100), seasonally adjusted"
produccion_industrial,2018-04,104.81283422459899,"index (2015=100), seasonally adjusted"
produccion_industrial,2018-05,106.021390374332,"index (2015=100), seasonally adjusted"
produccion_industrial,2018-06,105.88235294117601,"index (2015=100), seasonally adjusted"
produccion_industrial,2018-07,105.88235294117601,"index (2015=100), seasonally adjusted"
produccion_industrial,2018-08,108.320855614973,"index (2015=100), seasonally adjusted"
produccion_industrial,2018-09,108.96256684492,"index (2015=100), seasonally adjusted"
produccion_industrial,2018-10,108.06417112299499,"index (2015=100), seasonally adjusted"
produccion_industrial,2018-11,109.219251336898,"index (2015=100), seasonally adjusted"
produccion_industrial,2018-12,107.262032085562,"index (2015=100), seasonally adjusted"
produccion_industrial,2019-01,107.080213903743,"index (2015=100), seasonally adjusted"
produccion_industrial,2019-02,107.83957219251299,"index (2015=100), seasonally adjusted"
produccion_industrial,2019-03,107.20855614973298,"index (2015=100), seasonally adjusted"
produccion_industrial,2019-04,108.54545454545499,"index (2015=100), seasonally adjusted"
produccion_industrial,2019-05,109.572192513369,"index (2015=100), seasonally adjusted"
produccion_industrial,2019-06,107.91443850267399,"index (2015=100), seasonally adjusted"
produccion_industrial,2019-07,108.021390374332,"index (2015=100), seasonally adjusted"
produccion_industrial,2019-08,108.83422459892999,"index (2015=100), seasonally adjusted"
produccion_industrial,2019-09,109.36898395721899,"index (2015=100), seasonally adjusted"
produccion_industrial,2019-10,109.967914438503,"index (2015=100), seasonally adjusted"
produccion_industrial,2019-11,108.14973262032099,"index (2015=100), seasonally adjusted"
produccion_industrial,2019-12,109.31550802139,"index (2015=100), seasonally adjusted"
produccion_industrial,2020-01,110.42780748663098,"index (2015=100), seasonally adjusted"
produccion_industrial,2020-02,110.395721925134,"index (2015=100), seasonally adjusted"
produccion_industrial,2020-03,96.25668449197859,"index (2015=100), seasonally adjusted"
produccion_industrial,2020-04,70.94117647058819,"index (2015=100), seasonally adjusted"
produccion_industrial,2020-05,83.0160427807487,"index (2015=100), seasonally adjusted"
produccion_industrial,2020-06,95.1871657754011,"index (2015=100), seasonally adjusted"
produccion_industrial,2020-07,99.048128342246,"index (2015=100), seasonally adjusted"
produccion_industrial,2020-08,99.54010695187169,"index (2015=100), seasonally adjusted"
produccion_industrial,2020-09,103.743315508021,"index (2015=100), seasonally adjusted"
produccion_industrial,2020-10,107.572192513369,"index (2015=100), seasonally adjusted"
produccion_industrial,2020-11,109.122994652406,"index (2015=100), seasonally adjusted"
produccion_industrial,2020-12,110.78074866310199,"index (2015=100), seasonally adjusted"
produccion_industrial,2021-01,111.97860962566799,"index (2015=100), seasonally adjusted"
produccion_industrial,2021-02,113.069518716578,"index (2015=100), seasonally adjusted"
produccion_industrial,2021-03,113.43315508021401,"index (2015=100), seasonally adjusted"
produccion_industrial,2021-04,114.38502673796799,"index (2015=100), seasonally adjusted"
produccion_industrial,2021-05,89.3262032085561,"index (2015=100), seasonally adjusted"
produccion_industrial,2021-06,114.60962566844898,"index (2015=100), seasonally adjusted"
produccion_industrial,2021-07,120.909090909091,"index (2015=100), seasonally adjusted"
produccion_industrial,2021-08,121.561497326203,"index (2015=100), seasonally adjusted"
produccion_industrial,2021-09,121.14438502673801,"index (2015=100), seasonally adjusted"
produccion_industrial,2021-10,121.893048128342,"index (2015=100), seasonally adjusted"
produccion_industrial,2021-11,123.133689839572,"index (2015=100), seasonally adjusted"
produccion_industrial,2021-12,124.748663101604,"index (2015=100), seasonally adjusted"
produccion_industrial,2022-01,126.20320855614999,"index (2015=100), seasonally adjusted"
produccion_industrial,2022-02,124.06417112299499,"index (2015=100), seasonally adjusted"
produccion_industrial,2022-03,128.042780748663,"index (2015=100), seasonally adjusted"
produccion_industrial,2022-04,128.663101604278,"index (2015=100), seasonally adjusted"
produccion_industrial,2022-05,127.625668449198,"index (2015=100), seasonally adjusted"
produccion_industrial,2022-06,128.24598930481298,"index (2015=100), seasonally adjusted"
produccion_industrial,2022-07,128.93048128342198,"index (2015=100), seasonally adjusted"
produccion_industrial,2022-08,130.524064171123,"index (2015=100), seasonally adjusted"
produccion_industrial,2022-09,129.411764705882,"index (2015=100), seasonally adjusted"
produccion_industrial,2022-10,128.34224598930498,"index (2015=100), seasonally adjusted"
produccion_industrial,2022-11,128.34224598930498,"index (2015=100), seasonally adjusted"
produccion_industrial,2022-12,125.625668449198,"index (2015=100), seasonally adjusted"
produccion_industrial,2023-01,124.67379679144399,"index (2015=100), seasonally adjusted"
produccion_industrial,2023-02,124.770053475936,"index (2015=100), seasonally adjusted"
produccion_industrial,2023-03,125.133689839572,"index (2015=100), seasonally adjusted"
produccion_industrial,2023-04,122.65240641711199,"index (2015=100), seasonally adjusted"
produccion_industrial,2023-05,123.02673796791399,"index (2015=100), seasonally adjusted"
produccion_industrial,2023-06,121.647058823529,"index (2015=100), seasonally adjusted"
produccion_industrial,2023-07,120.299465240642,"index (2015=100), seasonally adjusted"
produccion_industrial,2023-08,118.716577540107,"index (2015=100), seasonally adjusted"
produccion_industrial,2023-09,121.668449197861,"index (2015=100), seasonally adjusted"
produccion_industrial,2023-10,120.0,"index (2015=100), seasonally adjusted"
produccion_industrial,2023-11,119.668449197861,"index (2015=100), seasonally adjusted"
produccion_industrial,2023-12,120.55614973262001,"index (2015=100), seasonally adjusted"
produccion_industrial,2024-01,119.41176470588199,"index (2015=100), seasonally adjusted"
produccion_industrial,2024-02,118.86631016042799,"index (2015=100), seasonally adjusted"
produccion_industrial,2024-03,119.326203208556,"index (2015=100), seasonally adjusted"
produccion_industrial,2024-04,118.994652406417,"index (2015=100), seasonally adjusted"
produccion_industrial,2024-05,117.967914438503,"index (2015=100), seasonally adjusted"
produccion_industrial,2024-06,118.70588235294099,"index (2015=100), seasonally adjusted"
produccion_industrial,2024-07,119.090909090909,"index (2015=100), seasonally adjusted"
produccion_industrial,2024-08,118.22459893048101,"index (2015=100), seasonally adjusted"
produccion_industrial,2024-09,117.72192513369,"index (2015=100), seasonally adjusted"
produccion_industrial,2024-10,119.272727272727,"index (2015=100), seasonally adjusted"
produccion_industrial,2024-11,119.272727272727,"index (2015=100), seasonally adjusted"
produccion_industrial,2024-12,120.55614973262001,"index (2015=100), seasonally adjusted"
produccion_industrial,2025-01,121.08021390374299,"index (2015=100), seasonally adjusted"
produccion_industrial,2025-02,120.855614973262,"index (2015=100), seasonally adjusted"
produccion_industrial,2025-03,119.55080213903699,"index (2015=100), seasonally adjusted"
produccion_industrial,2025-04,120.588235294118,"index (2015=100), seasonally adjusted"
produccion_industrial,2025-05,122.88770053475899,"index (2015=100), seasonally adjusted"
produccion_industrial,2025-06,120.56684491978599,"index (2015=100), seasonally adjusted"
produccion_industrial,2025-07,124.823529411765,"index (2015=100), seasonally adjusted"
produccion_industrial,2025-08,122.22459893048101,"index (2015=100), seasonally adjusted"
produccion_industrial,2025-09,122.02139037433199,"index (2015=100), seasonally adjusted"
produccion_industrial,2025-10,120.855614973262,"index (2015=100), seasonally adjusted"
produccion_industrial,2025-11,120.855614973262,"index (2015=100), seasonally adjusted"
produccion_industrial,2025-12,120.0,"index (2015=100), seasonally adjusted"
produccion_industrial,2026-01,121.78609625668399,"index (2015=100), seasonally adjusted"
produccion_industrial,2026-02,122.20320855614999,"index (2015=100), seasonally adjusted"
produccion_industrial,2026-03,121.92513368984,"index (2015=100), seasonally adjusted"
produccion_industrial,2026-04,124.096256684492,"index (2015=100), seasonally adjusted"
produccion_industrial,2026-05,122.994652406417,"index (2015=100), seasonally adjusted"
trm,1957-01,2.51,COP per USD (monthly average)
trm,1957-02,2.51,COP per USD (monthly average)
trm,1957-03,2.51,COP per USD (monthly average)
trm,1957-04,2.51,COP per USD (monthly average)
trm,1957-05,2.51,COP per USD (monthly average)
trm,1957-06,2.51,COP per USD (monthly average)
trm,1957-07,4.81,COP per USD (monthly average)
trm,1957-08,4.9,COP per USD (monthly average)
trm,1957-09,5.12,COP per USD (monthly average)
trm,1957-10,5.1,COP per USD (monthly average)
trm,1957-11,5.2,COP per USD (monthly average)
trm,1957-12,5.38,COP per USD (monthly average)
trm,1958-01,5.61,COP per USD (monthly average)
trm,1958-02,6.01,COP per USD (monthly average)
trm,1958-03,6.11,COP per USD (monthly average)
trm,1958-04,6.64,COP per USD (monthly average)
trm,1958-05,6.77,COP per USD (monthly average)
trm,1958-06,6.8,COP per USD (monthly average)
trm,1958-07,6.74,COP per USD (monthly average)
trm,1958-08,6.52,COP per USD (monthly average)
trm,1958-09,6.38,COP per USD (monthly average)
trm,1958-10,6.4,COP per USD (monthly average)
trm,1958-11,6.42,COP per USD (monthly average)
trm,1958-12,6.4,COP per USD (monthly average)
trm,1959-01,6.4,COP per USD (monthly average)
trm,1959-02,6.4,COP per USD (monthly average)
trm,1959-03,6.4,COP per USD (monthly average)
trm,1959-04,6.4,COP per USD (monthly average)
trm,1959-05,6.4,COP per USD (monthly average)
trm,1959-06,6.4,COP per USD (monthly average)
trm,1959-07,6.4,COP per USD (monthly average)
trm,1959-08,6.4,COP per USD (monthly average)
trm,1959-09,6.4,COP per USD (monthly average)
trm,1959-10,6.4,COP per USD (monthly average)
trm,1959-11,6.4,COP per USD (monthly average)
trm,1959-12,6.4,COP per USD (monthly average)
trm,1960-01,6.4,COP per USD (monthly average)
trm,1960-02,6.4,COP per USD (monthly average)
trm,1960-03,6.52,COP per USD (monthly average)
trm,1960-04,6.7,COP per USD (monthly average)
trm,1960-05,6.7,COP per USD (monthly average)
trm,1960-06,6.7,COP per USD (monthly average)
trm,1960-07,6.7,COP per USD (monthly average)
trm,1960-08,6.7,COP per USD (monthly average)
trm,1960-09,6.7,COP per USD (monthly average)
trm,1960-10,6.7,COP per USD (monthly average)
trm,1960-11,6.7,COP per USD (monthly average)
trm,1960-12,6.7,COP per USD (monthly average)
trm,1961-01,6.7,COP per USD (monthly average)
trm,1961-02,6.7,COP per USD (monthly average)
trm,1961-03,6.7,COP per USD (monthly average)
trm,1961-04,6.7,COP per USD (monthly average)
trm,1961-05,6.7,COP per USD (monthly average)
trm,1961-06,6.7,COP per USD (monthly average)
trm,1961-07,6.7,COP per USD (monthly average)
trm,1961-08,6.7,COP per USD (monthly average)
trm,1961-09,6.7,COP per USD (monthly average)
trm,1961-10,6.7,COP per USD (monthly average)
trm,1961-11,6.7,COP per USD (monthly average)
trm,1961-12,6.7,COP per USD (monthly average)
trm,1962-01,6.7,COP per USD (monthly average)
trm,1962-02,6.7,COP per USD (monthly average)
trm,1962-03,6.7,COP per USD (monthly average)
trm,1962-04,6.7,COP per USD (monthly average)
trm,1962-05,6.7,COP per USD (monthly average)
trm,1962-06,6.7,COP per USD (monthly average)
trm,1962-07,6.7,COP per USD (monthly average)
trm,1962-08,6.7,COP per USD (monthly average)
trm,1962-09,6.7,COP per USD (monthly average)
trm,1962-10,6.7,COP per USD (monthly average)
trm,1962-11,6.8145,COP per USD (monthly average)
trm,1962-12,9.0,COP per USD (monthly average)
trm,1963-01,9.0,COP per USD (monthly average)
trm,1963-02,9.0,COP per USD (monthly average)
trm,1963-03,9.0,COP per USD (monthly average)
trm,1963-04,9.0,COP per USD (monthly average)
trm,1963-05,9.0,COP per USD (monthly average)
trm,1963-06,9.0,COP per USD (monthly average)
trm,1963-07,9.0,COP per USD (monthly average)
trm,1963-08,9.0,COP per USD (monthly average)
trm,1963-09,9.0,COP per USD (monthly average)
trm,1963-10,9.0,COP per USD (monthly average)
trm,1963-11,9.0,COP per USD (monthly average)
trm,1963-12,9.0,COP per USD (monthly average)
trm,1964-01,9.0,COP per USD (monthly average)
trm,1964-02,9.0,COP per USD (monthly average)
trm,1964-03,9.0,COP per USD (monthly average)
trm,1964-04,9.0,COP per USD (monthly average)
trm,1964-05,9.0,COP per USD (monthly average)
trm,1964-06,9.0,COP per USD (monthly average)
trm,1964-07,9.0,COP per USD (monthly average)
trm,1964-08,9.0,COP per USD (monthly average)
trm,1964-09,9.0,COP per USD (monthly average)
trm,1964-10,9.0,COP per USD (monthly average)
trm,1964-11,9.0,COP per USD (monthly average)
trm,1964-12,9.0,COP per USD (monthly average)
trm,1965-01,9.0,COP per USD (monthly average)
trm,1965-02,9.0,COP per USD (monthly average)
trm,1965-03,9.0,COP per USD (monthly average)
trm,1965-04,9.0,COP per USD (monthly average)
trm,1965-05,9.0,COP per USD (monthly average)
trm,1965-06,9.0,COP per USD (monthly average)
trm,1965-07,9.0,COP per USD (monthly average)
trm,1965-08,9.0,COP per USD (monthly average)
trm,1965-09,13.2,COP per USD (monthly average)
trm,1965-10,13.5,COP per USD (monthly average)
trm,1965-11,13.5,COP per USD (monthly average)
trm,1965-12,13.5,COP per USD (monthly average)
trm,1966-01,13.5,COP per USD (monthly average)
trm,1966-02,13.5,COP per USD (monthly average)
trm,1966-03,13.5,COP per USD (monthly average)
trm,1966-04,13.5,COP per USD (monthly average)
trm,1966-05,13.5,COP per USD (monthly average)
trm,1966-06,13.5,COP per USD (monthly average)
trm,1966-07,13.5,COP per USD (monthly average)
trm,1966-08,13.5,COP per USD (monthly average)
trm,1966-09,13.5,COP per USD (monthly average)
trm,1966-10,13.5,COP per USD (monthly average)
trm,1966-11,13.5,COP per USD (monthly average)
trm,1966-12,13.5,COP per USD (monthly average)
trm,1967-01,13.5,COP per USD (monthly average)
trm,1967-02,13.5,COP per USD (monthly average)
trm,1967-03,13.529,COP per USD (monthly average)
trm,1967-04,13.7987,COP per USD (monthly average)
trm,1967-05,14.043,COP per USD (monthly average)
trm,1967-06,14.377,COP per USD (monthly average)
trm,1967-07,14.584,COP per USD (monthly average)
trm,1967-08,14.836,COP per USD (monthly average)
trm,1967-09,15.134,COP per USD (monthly average)
trm,1967-10,15.402,COP per USD (monthly average)
trm,1967-11,15.63,COP per USD (monthly average)
trm,1967-12,15.743,COP per USD (monthly average)
trm,1968-01,15.7729,COP per USD (monthly average)
trm,1968-02,15.8355,COP per USD (monthly average)
trm,1968-03,15.9419,COP per USD (monthly average)
trm,1968-04,16.0553,COP per USD (monthly average)
trm,1968-05,16.1868,COP per USD (monthly average)
trm,1968-06,16.2693,COP per USD (monthly average)
trm,1968-07,16.3113,COP per USD (monthly average)
trm,1968-08,16.39,COP per USD (monthly average)
trm,1968-09,16.49,COP per USD (monthly average)
trm,1968-10,16.6174,COP per USD (monthly average)
trm,1968-11,16.756,COP per USD (monthly average)
trm,1968-12,16.8616,COP per USD (monthly average)
trm,1969-01,16.8826,COP per USD (monthly average)
trm,1969-02,16.9376,COP per USD (monthly average)
trm,1969-03,17.0426,COP per USD (monthly average)
trm,1969-04,17.1257,COP per USD (monthly average)
trm,1969-05,17.1677,COP per USD (monthly average)
trm,1969-06,17.2657,COP per USD (monthly average)
trm,1969-07,17.3319,COP per USD (monthly average)
trm,1969-08,17.4368,COP per USD (monthly average)
trm,1969-09,17.5487,COP per USD (monthly average)
trm,1969-10,17.6152,COP per USD (monthly average)
trm,1969-11,17.6907,COP per USD (monthly average)
trm,1969-12,17.7965,COP per USD (monthly average)
trm,1970-01,17.8984,COP per USD (monthly average)
trm,1970-02,17.9971,COP per USD (monthly average)
trm,1970-03,18.0939,COP per USD (monthly average)
trm,1970-04,18.199,COP per USD (monthly average)
trm,1970-05,18.2842,COP per USD (monthly average)
trm,1970-06,18.3777,COP per USD (monthly average)
trm,1970-07,18.4771,COP per USD (monthly average)
trm,1970-08,18.5465,COP per USD (monthly average)
trm,1970-09,18.6847,COP per USD (monthly average)
trm,1970-10,18.8171,COP per USD (monthly average)
trm,1970-11,18.9157,COP per USD (monthly average)
trm,1970-12,19.0258,COP per USD (monthly average)
trm,1971-01,19.1465,COP per USD (monthly average)
trm,1971-02,19.2793,COP per USD (monthly average)
trm,1971-03,19.409,COP per USD (monthly average)
trm,1971-04,19.5563,COP per USD (monthly average)
trm,1971-05,19.6803,COP per USD (monthly average)
trm,1971-06,19.7967,COP per USD (monthly average)
trm,1971-07,19.9684,COP per USD (monthly average)
trm,1971-08,20.1448,COP per USD (monthly average)
trm,1971-09,20.3073,COP per USD (monthly average)
trm,1971-10,20.4597,COP per USD (monthly average)
trm,1971-11,20.6297,COP per USD (monthly average)
trm,1971-12,20.8052,COP per USD (monthly average)
trm,1972-01,20.9923,COP per USD (monthly average)
trm,1972-02,21.1652,COP per USD (monthly average)
trm,1972-03,21.3323,COP per USD (monthly average)
trm,1972-04,21.499,COP per USD (monthly average)
trm,1972-05,21.6671,COP per USD (monthly average)
trm,1972-06,21.82,COP per USD (monthly average)
trm,1972-07,21.9571,COP per USD (monthly average)
trm,1972-08,22.0884,COP per USD (monthly average)
trm,1972-09,22.2487,COP per USD (monthly average)
trm,1972-10,22.3939,COP per USD (monthly average)
trm,1972-11,22.5263,COP per USD (monthly average)
trm,1972-12,22.6974,COP per USD (monthly average)
trm,1973-01,22.8826,COP per USD (monthly average)
trm,1973-02,23.0179,COP per USD (monthly average)
trm,1973-03,23.1329,COP per USD (monthly average)
trm,1973-04,23.2497,COP per USD (monthly average)
trm,1973-05,23.3613,COP per USD (monthly average)
trm,1973-06,23.4703,COP per USD (monthly average)
trm,1973-07,23.5952,COP per USD (monthly average)
trm,1973-08,23.7648,COP per USD (monthly average)
trm,1973-09,23.9667,COP per USD (monthly average)
trm,1973-10,24.1781,COP per USD (monthly average)
trm,1973-11,24.3743,COP per USD (monthly average)
trm,1973-12,24.65,COP per USD (monthly average)
trm,1974-01,24.9471,COP per USD (monthly average)
trm,1974-02,25.2218,COP per USD (monthly average)
trm,1974-03,25.4216,COP per USD (monthly average)
trm,1974-04,25.5001,COP per USD (monthly average)
trm,1974-05,25.5403,COP per USD (monthly average)
trm,1974-06,25.5793,COP per USD (monthly average)
trm,1974-07,25.6377,COP per USD (monthly average)
trm,1974-08,25.8084,COP per USD (monthly average)
trm,1974-09,26.2763,COP per USD (monthly average)
trm,1974-10,27.011,COP per USD (monthly average)
trm,1974-11,27.5633,COP per USD (monthly average)
trm,1974-12,28.2626,COP per USD (monthly average)
trm,1975-01,28.8716,COP per USD (monthly average)
trm,1975-02,29.2429,COP per USD (monthly average)
trm,1975-03,29.6555,COP per USD (monthly average)
trm,1975-04,30.0503,COP per USD (monthly average)
trm,1975-05,30.4232,COP per USD (monthly average)
trm,1975-06,30.8233,COP per USD (monthly average)
trm,1975-07,31.181,COP per USD (monthly average)
trm,1975-08,31.5229,COP per USD (monthly average)
trm,1975-09,31.8523,COP per USD (monthly average)
trm,1975-10,32.1687,COP per USD (monthly average)
trm,1975-11,32.5137,COP per USD (monthly average)
trm,1975-12,32.8419,COP per USD (monthly average)
trm,1976-01,33.0958,COP per USD (monthly average)
trm,1976-02,33.489,COP per USD (monthly average)
trm,1976-03,33.7919,COP per USD (monthly average)
trm,1976-04,34.1023,COP per USD (monthly average)
trm,1976-05,34.4535,COP per USD (monthly average)
trm,1976-06,34.65,COP per USD (monthly average)
trm,1976-07,34.8877,COP per USD (monthly average)
trm,1976-08,35.1971,COP per USD (monthly average)
trm,1976-09,35.2467,COP per USD (monthly average)
trm,1976-10,35.41,COP per USD (monthly average)
trm,1976-11,35.8063,COP per USD (monthly average)
trm,1976-12,36.1968,COP per USD (monthly average)
trm,1977-01,36.3775,COP per USD (monthly average)
trm,1977-02,36.38,COP per USD (monthly average)
trm,1977-03,36.46,COP per USD (monthly average)
trm,1977-04,36.5321,COP per USD (monthly average)
trm,1977-05,36.5,COP per USD (monthly average)
trm,1977-06,36.5,COP per USD (monthly average)
trm,1977-07,36.51,COP per USD (monthly average)
trm,1977-08,36.6714,COP per USD (monthly average)
trm,1977-09,36.9755,COP per USD (monthly average)
trm,1977-10,37.2295,COP per USD (monthly average)
trm,1977-11,37.455,COP per USD (monthly average)
trm,1977-12,37.7074,COP per USD (monthly average)
trm,1978-01,38.0324,COP per USD (monthly average)
trm,1978-02,38.141,COP per USD (monthly average)
trm,1978-03,38.3262,COP per USD (monthly average)
trm,1978-04,38.4925,COP per USD (monthly average)
trm,1978-05,38.6576,COP per USD (monthly average)
trm,1978-06,38.81,COP per USD (monthly average)
trm,1978-07,38.9535,COP per USD (monthly average)
trm,1978-08,39.1086,COP per USD (monthly average)
trm,1978-09,39.4481,COP per USD (monthly average)
trm,1978-10,39.9757,COP per USD (monthly average)
trm,1978-11,40.4048,COP per USD (monthly average)
trm,1978-12,40.7853,COP per USD (monthly average)
trm,1979-01,41.1464,COP per USD (monthly average)
trm,1979-02,41.439,COP per USD (monthly average)
trm,1979-03,41.791,COP per USD (monthly average)
trm,1979-04,42.2147,COP per USD (monthly average)
trm,1979-05,42.5648,COP per USD (monthly average)
trm,1979-06,42.6924,COP per USD (monthly average)
trm,1979-07,42.7429,COP per USD (monthly average)
trm,1979-08,42.7986,COP per USD (monthly average)
trm,1979-09,42.892,COP per USD (monthly average)
trm,1979-10,43.1391,COP per USD (monthly average)
trm,1979-11,43.3838,COP per USD (monthly average)
trm,1979-12,43.7926,COP per USD (monthly average)
trm,1980-01,44.1636,COP per USD (monthly average)
trm,1980-02,44.681,COP per USD (monthly average)
trm,1980-03,45.3235,COP per USD (monthly average)
trm,1980-04,45.8245,COP per USD (monthly average)
trm,1980-05,46.438,COP per USD (monthly average)
trm,1980-06,47.1042,COP per USD (monthly average)
trm,1980-07,47.5217,COP per USD (monthly average)
trm,1980-08,48.0247,COP per USD (monthly average)
trm,1980-09,48.5591,COP per USD (monthly average)
trm,1980-10,49.2287,COP per USD (monthly average)
trm,1980-11,49.93,COP per USD (monthly average)
trm,1980-12,50.5647,COP per USD (monthly average)
trm,1981-01,51.0825,COP per USD (monthly average)
trm,1981-02,51.71,COP per USD (monthly average)
trm,1981-03,52.2395,COP per USD (monthly average)
trm,1981-04,52.7145,COP per USD (monthly average)
trm,1981-05,53.2395,COP per USD (monthly average)
trm,1981-06,53.9044,COP per USD (monthly average)
trm,1981-07,54.5723,COP per USD (monthly average)
trm,1981-08,55.3025,COP per USD (monthly average)
trm,1981-09,56.0309,COP per USD (monthly average)
trm,1981-10,56.791,COP per USD (monthly average)
trm,1981-11,57.661,COP per USD (monthly average)
trm,1981-12,58.6385,COP per USD (monthly average)
trm,1982-01,59.4984,COP per USD (monthly average)
trm,1982-02,60.2395,COP per USD (monthly average)
trm,1982-03,60.9932,COP per USD (monthly average)
trm,1982-04,61.8155,COP per USD (monthly average)
trm,1982-05,62.626,COP per USD (monthly average)
trm,1982-06,63.5156,COP per USD (monthly average)
trm,1982-07,64.2519,COP per USD (monthly average)
trm,1982-08,65.1782,COP per USD (monthly average)
trm,1982-09,65.9814,COP per USD (monthly average)
trm,1982-10,66.9865,COP per USD (monthly average)
trm,1982-11,68.3415,COP per USD (monthly average)
trm,1982-12,69.5889,COP per USD (monthly average)
trm,1983-01,70.8645,COP per USD (monthly average)
trm,1983-02,72.062,COP per USD (monthly average)
trm,1983-03,73.475,COP per USD (monthly average)
trm,1983-04,74.89,COP per USD (monthly average)
trm,1983-05,76.3643,COP per USD (monthly average)
trm,1983-06,77.7821,COP per USD (monthly average)
trm,1983-07,79.2175,COP per USD (monthly average)
trm,1983-08,80.88,COP per USD (monthly average)
trm,1983-09,82.5177,COP per USD (monthly average)
trm,1983-10,84.262,COP per USD (monthly average)
trm,1983-11,86.106,COP per USD (monthly average)
trm,1983-12,87.8305,COP per USD (monthly average)
trm,1984-01,89.7895,COP per USD (monthly average)
trm,1984-02,91.5738,COP per USD (monthly average)
trm,1984-03,93.4633,COP per USD (monthly average)
trm,1984-04,95.4211,COP per USD (monthly average)
trm,1984-05,97.4582,COP per USD (monthly average)
trm,1984-06,99.399,COP per USD (monthly average)
trm,1984-07,101.73,COP per USD (monthly average)
trm,1984-08,103.73,COP per USD (monthly average)
trm,1984-09,105.926,COP per USD (monthly average)
trm,1984-10,108.133,COP per USD (monthly average)
trm,1984-11,110.426,COP per USD (monthly average)
trm,1984-12,112.757,COP per USD (monthly average)
trm,1985-01,115.17,COP per USD (monthly average)
trm,1985-02,118.25,COP per USD (monthly average)
trm,1985-03,123.152,COP per USD (monthly average)
trm,1985-04,129.619,COP per USD (monthly average)
trm,1985-05,135.947,COP per USD (monthly average)
trm,1985-06,140.725,COP per USD (monthly average)
trm,1985-07,145.509,COP per USD (monthly average)
trm,1985-08,150.034,COP per USD (monthly average)
trm,1985-09,155.3,COP per USD (monthly average)
trm,1985-10,160.264,COP per USD (monthly average)
trm,1985-11,164.58,COP per USD (monthly average)
trm,1985-12,169.19,COP per USD (monthly average)
trm,1986-01,173.696,COP per USD (monthly average)
trm,1986-02,176.595,COP per USD (monthly average)
trm,1986-03,179.741,COP per USD (monthly average)
trm,1986-04,184.432,COP per USD (monthly average)
trm,1986-05,188.535,COP per USD (monthly average)
trm,1986-06,192.353,COP per USD (monthly average)
trm,1986-07,195.795,COP per USD (monthly average)
trm,1986-08,199.165,COP per USD (monthly average)
trm,1986-09,203.237,COP per USD (monthly average)
trm,1986-10,208.052,COP per USD (monthly average)
trm,1986-11,212.562,COP per USD (monthly average)
trm,1986-12,216.974,COP per USD (monthly average)
trm,1987-01,221.03,COP per USD (monthly average)
trm,1987-02,224.823,COP per USD (monthly average)
trm,1987-03,229.021,COP per USD (monthly average)
trm,1987-04,233.17,COP per USD (monthly average)
trm,1987-05,237.444,COP per USD (monthly average)
trm,1987-06,241.387,COP per USD (monthly average)
trm,1987-07,245.55,COP per USD (monthly average)
trm,1987-08,249.354,COP per USD (monthly average)
trm,1987-09,252.842,COP per USD (monthly average)
trm,1987-10,255.851,COP per USD (monthly average)
trm,1987-11,258.741,COP per USD (monthly average)
trm,1987-12,262.077,COP per USD (monthly average)
trm,1988-01,265.821,COP per USD (monthly average)
trm,1988-02,270.912,COP per USD (monthly average)
trm,1988-03,276.923,COP per USD (monthly average)
trm,1988-04,283.445,COP per USD (monthly average)
trm,1988-05,289.958,COP per USD (monthly average)
trm,1988-06,296.365,COP per USD (monthly average)
trm,1988-07,302.359,COP per USD (monthly average)
trm,1988-08,308.403,COP per USD (monthly average)
trm,1988-09,314.845,COP per USD (monthly average)
trm,1988-10,321.073,COP per USD (monthly average)
trm,1988-11,327.008,COP per USD (monthly average)
trm,1988-12,332.974,COP per USD (monthly average)
trm,1989-01,339.622,COP per USD (monthly average)
trm,1989-02,346.828,COP per USD (monthly average)
trm,1989-03,354.122,COP per USD (monthly average)
trm,1989-04,361.834,COP per USD (monthly average)
trm,1989-05,369.93,COP per USD (monthly average)
trm,1989-06,377.923,COP per USD (monthly average)
trm,1989-07,385.71,COP per USD (monthly average)
trm,1989-08,393.429,COP per USD (monthly average)
trm,1989-09,401.804,COP per USD (monthly average)
trm,1989-10,410.554,COP per USD (monthly average)
trm,1989-11,419.763,COP per USD (monthly average)
trm,1989-12,429.298,COP per USD (monthly average)
trm,1990-01,440.084,COP per USD (monthly average)
trm,1990-02,451.718,COP per USD (monthly average)
trm,1990-03,463.398,COP per USD (monthly average)
trm,1990-04,474.617,COP per USD (monthly average)
trm,1990-05,485.988,COP per USD (monthly average)
trm,1990-06,497.305,COP per USD (monthly average)
trm,1990-07,508.35,COP per USD (monthly average)
trm,1990-08,519.941,COP per USD (monthly average)
trm,1990-09,530.544,COP per USD (monthly average)
trm,1990-10,540.456,COP per USD (monthly average)
trm,1990-11,551.334,COP per USD (monthly average)
trm,1990-12,563.376,COP per USD (monthly average)
trm,1991-01,574.089,COP per USD (monthly average)
trm,1991-02,584.069,COP per USD (monthly average)
trm,1991-03,593.751,COP per USD (monthly average)
trm,1991-04,603.725,COP per USD (monthly average)
trm,1991-05,613.762,COP per USD (monthly average)
trm,1991-06,624.15,COP per USD (monthly average)
trm,1991-07,634.396,COP per USD (monthly average)
trm,1991-08,645.563,COP per USD (monthly average)
trm,1991-09,660.515,COP per USD (monthly average)
trm,1991-10,673.84,COP per USD (monthly average)
trm,1991-11,687.588,COP per USD (monthly average)
trm,1991-12,701.094,COP per USD (monthly average)
trm,1992-01,711.878,COP per USD (monthly average)
trm,1992-02,721.249,COP per USD (monthly average)
trm,1992-03,729.41,COP per USD (monthly average)
trm,1992-04,737.626,COP per USD (monthly average)
trm,1992-05,745.96,COP per USD (monthly average)
trm,1992-06,754.539,COP per USD (monthly average)
trm,1992-07,763.123,COP per USD (monthly average)
trm,1992-08,771.697,COP per USD (monthly average)
trm,1992-09,780.541,COP per USD (monthly average)
trm,1992-10,789.476,COP per USD (monthly average)
trm,1992-11,798.241,COP per USD (monthly average)
trm,1992-12,807.644,COP per USD (monthly average)
trm,1993-01,816.172,COP per USD (monthly average)
trm,1993-02,824.559,COP per USD (monthly average)
trm,1993-03,832.899,COP per USD (monthly average)
trm,1993-04,841.592,COP per USD (monthly average)
trm,1993-05,846.454,COP per USD (monthly average)
trm,1993-06,858.734,COP per USD (monthly average)
trm,1993-07,867.658,COP per USD (monthly average)
trm,1993-08,876.476,COP per USD (monthly average)
trm,1993-09,885.441,COP per USD (monthly average)
trm,1993-10,894.525,COP per USD (monthly average)
trm,1993-11,899.391,COP per USD (monthly average)
trm,1993-12,912.875,COP per USD (monthly average)
trm,1994-01,921.201,COP per USD (monthly average)
trm,1994-02,929.73,COP per USD (monthly average)
trm,1994-03,819.76,COP per USD (monthly average)
trm,1994-04,832.156,COP per USD (monthly average)
trm,1994-05,841.386,COP per USD (monthly average)
trm,1994-06,830.881,COP per USD (monthly average)
trm,1994-07,819.121,COP per USD (monthly average)
trm,1994-08,814.823,COP per USD (monthly average)
trm,1994-09,830.063,COP per USD (monthly average)
trm,1994-10,839.542,COP per USD (monthly average)
trm,1994-11,830.025,COP per USD (monthly average)
trm,1994-12,829.344,COP per USD (monthly average)
trm,1995-01,846.199090909091,COP per USD (monthly average)
trm,1995-02,850.8995,COP per USD (monthly average)
trm,1995-03,865.742608695652,COP per USD (monthly average)
trm,1995-04,872.6775,COP per USD (monthly average)
trm,1995-05,876.802608695652,COP per USD (monthly average)
trm,1995-06,874.760454545455,COP per USD (monthly average)
trm,1995-07,892.675714285714,COP per USD (monthly average)
trm,1995-08,934.785652173913,COP per USD (monthly average)
trm,1995-09,964.171904761905,COP per USD (monthly average)
trm,1995-10,985.053636363636,COP per USD (monthly average)
trm,1995-11,1000.44909090909,COP per USD (monthly average)
trm,1995-12,987.329523809524,COP per USD (monthly average)
trm,1996-01,1009.55347826087,COP per USD (monthly average)
trm,1996-02,1029.63714285714,COP per USD (monthly average)
trm,1996-03,1045.12523809524,COP per USD (monthly average)
trm,1996-04,1050.56818181818,COP per USD (monthly average)
trm,1996-05,1066.04565217391,COP per USD (monthly average)
trm,1996-06,1071.987,COP per USD (monthly average)
trm,1996-07,1064.31695652174,COP per USD (monthly average)
trm,1996-08,1045.18727272727,COP per USD (monthly average)
trm,1996-09,1040.83571428571,COP per USD (monthly average)
trm,1996-10,1015.74608695652,COP per USD (monthly average)
trm,1996-11,998.386666666667,COP per USD (monthly average)
trm,1996-12,1000.94772727273,COP per USD (monthly average)
trm,1997-01,1025.67260869565,COP per USD (monthly average)
trm,1997-02,1074.2425,COP per USD (monthly average)
trm,1997-03,1061.84,COP per USD (monthly average)
trm,1997-04,1060.64909090909,COP per USD (monthly average)
trm,1997-05,1074.75454545455,COP per USD (monthly average)
trm,1997-06,1082.14333333333,COP per USD (monthly average)
trm,1997-07,1102.39608695652,COP per USD (monthly average)
trm,1997-08,1131.69523809524,COP per USD (monthly average)
trm,1997-09,1222.49181818182,COP per USD (monthly average)
trm,1997-10,1262.99347826087,COP per USD (monthly average)
trm,1997-11,1294.2345,COP per USD (monthly average)
trm,1997-12,1295.55695652174,COP per USD (monthly average)
trm,1998-01,1321.47318181818,COP per USD (monthly average)
trm,1998-02,1346.12,COP per USD (monthly average)
trm,1998-03,1357.31454545455,COP per USD (monthly average)
trm,1998-04,1360.32818181818,COP per USD (monthly average)
trm,1998-05,1385.60523809524,COP per USD (monthly average)
trm,1998-06,1385.63363636364,COP per USD (monthly average)
trm,1998-07,1371.97913043478,COP per USD (monthly average)
trm,1998-08,1389.02904761905,COP per USD (monthly average)
trm,1998-09,1520.51772727273,COP per USD (monthly average)
trm,1998-10,1587.52636363636,COP per USD (monthly average)
trm,1998-11,1564.16619047619,COP per USD (monthly average)
trm,1998-12,1522.15826086957,COP per USD (monthly average)
trm,1999-01,1567.06285714286,COP per USD (monthly average)
trm,1999-02,1567.0675,COP per USD (monthly average)
trm,1999-03,1550.0,COP per USD (monthly average)
trm,1999-04,1570.91,COP per USD (monthly average)
trm,1999-05,1641.27571428571,COP per USD (monthly average)
trm,1999-06,1691.62727272727,COP per USD (monthly average)
trm,1999-07,1815.76590909091,COP per USD (monthly average)
trm,1999-08,1877.03272727273,COP per USD (monthly average)
trm,1999-09,1975.63636363636,COP per USD (monthly average)
trm,1999-10,1978.63380952381,COP per USD (monthly average)
trm,1999-11,1946.64409090909,COP per USD (monthly average)
trm,1999-12,1887.8452173913,COP per USD (monthly average)
trm,2000-01,1922.45857142857,COP per USD (monthly average)
trm,2000-02,1950.63952380952,COP per USD (monthly average)
trm,2000-03,1956.11217391304,COP per USD (monthly average)
trm,2000-04,1987.6965,COP per USD (monthly average)
trm,2000-05,2053.46652173913,COP per USD (monthly average)
trm,2000-06,2120.27045454545,COP per USD (monthly average)
trm,2000-07,2160.57380952381,COP per USD (monthly average)
trm,2000-08,2186.89391304348,COP per USD (monthly average)
trm,2000-09,2213.76095238095,COP per USD (monthly average)
trm,2000-10,2176.79636363636,COP per USD (monthly average)
trm,2000-11,2136.28545454545,COP per USD (monthly average)
trm,2000-12,2186.08904761905,COP per USD (monthly average)
trm,2001-01,2240.94695652174,COP per USD (monthly average)
trm,2001-02,2243.4245,COP per USD (monthly average)
trm,2001-03,2278.97136363636,COP per USD (monthly average)
trm,2001-04,2322.23952380952,COP per USD (monthly average)
trm,2001-05,2346.37347826087,COP per USD (monthly average)
trm,2001-06,2305.21666666667,COP per USD (monthly average)
trm,2001-07,2303.91136363636,COP per USD (monthly average)
trm,2001-08,2288.8452173913,COP per USD (monthly average)
trm,2001-09,2328.2325,COP per USD (monthly average)
trm,2001-10,2320.3952173913,COP per USD (monthly average)
trm,2001-11,2310.11045454545,COP per USD (monthly average)
trm,2001-12,2306.45428571429,COP per USD (monthly average)
trm,2002-01,2276.55869565217,COP per USD (monthly average)
trm,2002-02,2286.704,COP per USD (monthly average)
trm,2002-03,2279.94666666667,COP per USD (monthly average)
trm,2002-04,2263.105,COP per USD (monthly average)
trm,2002-05,2307.93,COP per USD (monthly average)
trm,2002-06,2360.712,COP per USD (monthly average)
trm,2002-07,2502.03217391304,COP per USD (monthly average)
trm,2002-08,2649.02363636364,COP per USD (monthly average)
trm,2002-09,2751.23476190476,COP per USD (monthly average)
trm,2002-10,2829.30782608696,COP per USD (monthly average)
trm,2002-11,2729.95142857143,COP per USD (monthly average)
trm,2002-12,2815.29818181818,COP per USD (monthly average)
trm,2003-01,2907.79869565217,COP per USD (monthly average)
trm,2003-02,2951.862,COP per USD (monthly average)
trm,2003-03,2958.8680952381,COP per USD (monthly average)
trm,2003-04,2925.83409090909,COP per USD (monthly average)
trm,2003-05,2859.37181818182,COP per USD (monthly average)
trm,2003-06,2827.71857142857,COP per USD (monthly average)
trm,2003-07,2858.8247826087,COP per USD (monthly average)
trm,2003-08,2867.9519047619,COP per USD (monthly average)
trm,2003-09,2840.07545454545,COP per USD (monthly average)
trm,2003-10,2875.87565217391,COP per USD (monthly average)
trm,2003-11,2846.122,COP per USD (monthly average)
trm,2003-12,2806.80434782609,COP per USD (monthly average)
trm,2004-01,2750.70136363636,COP per USD (monthly average)
trm,2004-02,2717.943,COP per USD (monthly average)
trm,2004-03,2670.73782608696,COP per USD (monthly average)
trm,2004-04,2641.36363636364,COP per USD (monthly average)
trm,2004-05,2721.68476190476,COP per USD (monthly average)
trm,2004-06,2717.13863636364,COP per USD (monthly average)
trm,2004-07,2653.32863636364,COP per USD (monthly average)
trm,2004-08,2599.10318181818,COP per USD (monthly average)
trm,2004-09,2552.77772727273,COP per USD (monthly average)
trm,2004-10,2579.84047619048,COP per USD (monthly average)
trm,2004-11,2532.77045454545,COP per USD (monthly average)
trm,2004-12,2413.26782608696,COP per USD (monthly average)
trm,2005-01,2362.75095238095,COP per USD (monthly average)
trm,2005-02,2340.487,COP per USD (monthly average)
trm,2005-03,2356.96826086957,COP per USD (monthly average)
trm,2005-04,2350.00904761905,COP per USD (monthly average)
trm,2005-05,2338.92318181818,COP per USD (monthly average)
trm,2005-06,2331.74772727273,COP per USD (monthly average)
trm,2005-07,2322.93380952381,COP per USD (monthly average)
trm,2005-08,2306.28565217391,COP per USD (monthly average)
trm,2005-09,2294.51818181818,COP per USD (monthly average)
trm,2005-10,2292.65904761905,COP per USD (monthly average)
trm,2005-11,2279.99636363636,COP per USD (monthly average)
trm,2005-12,2278.68727272727,COP per USD (monthly average)
trm,2006-01,2273.87545454545,COP per USD (monthly average)
trm,2006-02,2256.241,COP per USD (monthly average)
trm,2006-03,2262.12695652174,COP per USD (monthly average)
trm,2006-04,2334.3725,COP per USD (monthly average)
trm,2006-05,2418.63695652174,COP per USD (monthly average)
trm,2006-06,2545.95545454545,COP per USD (monthly average)
trm,2006-07,2515.39571428571,COP per USD (monthly average)
trm,2006-08,2388.82304347826,COP per USD (monthly average)
trm,2006-09,2398.87761904762,COP per USD (monthly average)
trm,2006-10,2363.93454545455,COP per USD (monthly average)
trm,2006-11,2290.35090909091,COP per USD (monthly average)
trm,2006-12,2260.69666666667,COP per USD (monthly average)
trm,2007-01,2236.7552173913,COP per USD (monthly average)
trm,2007-02,2227.6305,COP per USD (monthly average)
trm,2007-03,2201.50636363636,COP per USD (monthly average)
trm,2007-04,2146.72380952381,COP per USD (monthly average)
trm,2007-05,2011.11739130435,COP per USD (monthly average)
trm,2007-06,1923.62952380952,COP per USD (monthly average)
trm,2007-07,1949.95727272727,COP per USD (monthly average)
trm,2007-08,2057.14391304348,COP per USD (monthly average)
trm,2007-09,2117.0535,COP per USD (monthly average)
trm,2007-10,2002.20826086957,COP per USD (monthly average)
trm,2007-11,2046.09590909091,COP per USD (monthly average)
trm,2007-12,2013.03476190476,COP per USD (monthly average)
trm,2008-01,1983.53,COP per USD (monthly average)
trm,2008-02,1903.27380952381,COP per USD (monthly average)
trm,2008-03,1842.43857142857,COP per USD (monthly average)
trm,2008-04,1796.12590909091,COP per USD (monthly average)
trm,2008-05,1776.53227272727,COP per USD (monthly average)
trm,2008-06,1723.82285714286,COP per USD (monthly average)
trm,2008-07,1783.09217391304,COP per USD (monthly average)
trm,2008-08,1843.17142857143,COP per USD (monthly average)
trm,2008-09,2066.035,COP per USD (monthly average)
trm,2008-10,2290.44608695652,COP per USD (monthly average)
trm,2008-11,2331.2925,COP per USD (monthly average)
trm,2008-12,2253.8547826087,COP per USD (monthly average)
trm,2009-01,2250.88409090909,COP per USD (monthly average)
trm,2009-02,2513.7445,COP per USD (monthly average)
trm,2009-03,2471.01227272727,COP per USD (monthly average)
trm,2009-04,2380.15954545455,COP per USD (monthly average)
trm,2009-05,2231.38428571429,COP per USD (monthly average)
trm,2009-06,2090.59409090909,COP per USD (monthly average)
trm,2009-07,2050.69,COP per USD (monthly average)
trm,2009-08,2017.78285714286,COP per USD (monthly average)
trm,2009-09,1980.76590909091,COP per USD (monthly average)
trm,2009-10,1902.69863636364,COP per USD (monthly average)
trm,2009-11,1974.42571428571,COP per USD (monthly average)
trm,2009-12,2017.86565217391,COP per USD (monthly average)
trm,2010-01,1980.85666666667,COP per USD (monthly average)
trm,2010-02,1952.8925,COP per USD (monthly average)
trm,2010-03,1909.01,COP per USD (monthly average)
trm,2010-04,1938.67590909091,COP per USD (monthly average)
trm,2010-05,1983.58523809524,COP per USD (monthly average)
trm,2010-06,1927.68545454545,COP per USD (monthly average)
trm,2010-07,1873.31545454545,COP per USD (monthly average)
trm,2010-08,1823.42954545455,COP per USD (monthly average)
trm,2010-09,1803.96136363636,COP per USD (monthly average)
trm,2010-10,1810.18095238095,COP per USD (monthly average)
trm,2010-11,1871.78409090909,COP per USD (monthly average)
trm,2010-12,1922.13913043478,COP per USD (monthly average)
trm,2011-01,1865.08333333333,COP per USD (monthly average)
trm,2011-02,1882.7325,COP per USD (monthly average)
trm,2011-03,1882.21304347826,COP per USD (monthly average)
trm,2011-04,1806.26904761905,COP per USD (monthly average)
trm,2011-05,1802.99954545455,COP per USD (monthly average)
trm,2011-06,1781.25681818182,COP per USD (monthly average)
trm,2011-07,1761.72380952381,COP per USD (monthly average)
trm,2011-08,1786.23391304348,COP per USD (monthly average)
trm,2011-09,1841.95909090909,COP per USD (monthly average)
trm,2011-10,1909.15428571429,COP per USD (monthly average)
trm,2011-11,1921.46454545455,COP per USD (monthly average)
trm,2011-12,1934.22454545455,COP per USD (monthly average)
trm,2012-01,1847.51590909091,COP per USD (monthly average)
trm,2012-02,1786.54333333333,COP per USD (monthly average)
trm,2012-03,1767.79318181818,COP per USD (monthly average)
trm,2012-04,1773.89285714286,COP per USD (monthly average)
trm,2012-05,1795.90739130435,COP per USD (monthly average)
trm,2012-06,1788.87714285714,COP per USD (monthly average)
trm,2012-07,1784.90318181818,COP per USD (monthly average)
trm,2012-08,1807.77217391304,COP per USD (monthly average)
trm,2012-09,1802.3685,COP per USD (monthly average)
trm,2012-10,1805.74,COP per USD (monthly average)
trm,2012-11,1819.58318181818,COP per USD (monthly average)
trm,2012-12,1791.35238095238,COP per USD (monthly average)
trm,2013-01,1770.02391304348,COP per USD (monthly average)
trm,2013-02,1794.198,COP per USD (monthly average)
trm,2013-03,1813.45380952381,COP per USD (monthly average)
trm,2013-04,1830.09136363636,COP per USD (monthly average)
trm,2013-05,1853.72227272727,COP per USD (monthly average)
trm,2013-06,1910.1875,COP per USD (monthly average)
trm,2013-07,1900.16347826087,COP per USD (monthly average)
trm,2013-08,1904.41136363636,COP per USD (monthly average)
trm,2013-09,1917.92380952381,COP per USD (monthly average)
trm,2013-10,1884.89304347826,COP per USD (monthly average)
trm,2013-11,1923.47095238095,COP per USD (monthly average)
trm,2013-12,1933.27619047619,COP per USD (monthly average)
trm,2014-01,1964.11090909091,COP per USD (monthly average)
trm,2014-02,2042.631,COP per USD (monthly average)
trm,2014-03,2017.0219047619,COP per USD (monthly average)
trm,2014-04,1936.68047619048,COP per USD (monthly average)
trm,2014-05,1915.20318181818,COP per USD (monthly average)
trm,2014-06,1887.06619047619,COP per USD (monthly average)
trm,2014-07,1858.36630434783,COP per USD (monthly average)
trm,2014-08,1899.13976190476,COP per USD (monthly average)
trm,2014-09,1976.42409090909,COP per USD (monthly average)
trm,2014-10,2048.90826086957,COP per USD (monthly average)
trm,2014-11,2133.3885,COP per USD (monthly average)
trm,2014-12,2351.75673913043,COP per USD (monthly average)
trm,2015-01,2400.16840909091,COP per USD (monthly average)
trm,2015-02,2422.9945,COP per USD (monthly average)
trm,2015-03,2593.46477272727,COP per USD (monthly average)
trm,2015-04,2492.76636363636,COP per USD (monthly average)
trm,2015-05,2444.31523809524,COP per USD (monthly average)
trm,2015-06,2561.66704545455,COP per USD (monthly average)
trm,2015-07,2743.14043478261,COP per USD (monthly average)
trm,2015-08,3027.06404761905,COP per USD (monthly average)
trm,2015-09,3074.95522727273,COP per USD (monthly average)
trm,2015-10,2923.11568181818,COP per USD (monthly average)
trm,2015-11,3007.22071428571,COP per USD (monthly average)
trm,2015-12,3243.24130434783,COP per USD (monthly average)
trm,2016-01,3287.15761904762,COP per USD (monthly average)
trm,2016-02,3356.24619047619,COP per USD (monthly average)
trm,2016-03,3124.16869565217,COP per USD (monthly average)
trm,2016-04,2992.575,COP per USD (monthly average)
trm,2016-05,3002.17386363636,COP per USD (monthly average)
trm,2016-06,2985.01840909091,COP per USD (monthly average)
trm,2016-07,2971.47404761905,COP per USD (monthly average)
trm,2016-08,2956.525,COP per USD (monthly average)
trm,2016-09,2919.14909090909,COP per USD (monthly average)
trm,2016-10,2938.74738095238,COP per USD (monthly average)
trm,2016-11,3109.39704545455,COP per USD (monthly average)
trm,2016-12,3003.96022727273,COP per USD (monthly average)
trm,2017-01,2941.91818181818,COP per USD (monthly average)
trm,2017-02,2880.9845,COP per USD (monthly average)
trm,2017-03,2941.71652173913,COP per USD (monthly average)
trm,2017-04,2876.237,COP per USD (monthly average)
trm,2017-05,2920.38673913043,COP per USD (monthly average)
trm,2017-06,2966.5225,COP per USD (monthly average)
trm,2017-07,3034.35880952381,COP per USD (monthly average)
trm,2017-08,2971.01717391304,COP per USD (monthly average)
trm,2017-09,2917.87785714286,COP per USD (monthly average)
trm,2017-10,2960.13340909091,COP per USD (monthly average)
trm,2017-11,3014.11409090909,COP per USD (monthly average)
trm,2017-12,2990.19095238095,COP per USD (monthly average)
trm,2018-01,2866.49586956522,COP per USD (monthly average)
trm,2018-02,2860.52425,COP per USD (monthly average)
trm,2018-03,2842.3875,COP per USD (monthly average)
trm,2018-04,2765.22642857143,COP per USD (monthly average)
trm,2018-05,2863.57673913043,COP per USD (monthly average)
trm,2018-06,2893.08071428571,COP per USD (monthly average)
trm,2018-07,2885.5325,COP per USD (monthly average)
trm,2018-08,2965.26630434783,COP per USD (monthly average)
trm,2018-09,3033.4665,COP per USD (monthly average)
trm,2018-10,3092.21652173913,COP per USD (monthly average)
trm,2018-11,3198.37340909091,COP per USD (monthly average)
trm,2018-12,3216.61952380952,COP per USD (monthly average)
trm,2019-01,3160.83826086957,COP per USD (monthly average)
trm,2019-02,3112.36,COP per USD (monthly average)
trm,2019-03,3131.56595238095,COP per USD (monthly average)
trm,2019-04,3158.60818181818,COP per USD (monthly average)
trm,2019-05,3311.94304347826,COP per USD (monthly average)
trm,2019-06,3250.83725,COP per USD (monthly average)
trm,2019-07,3212.27652173913,COP per USD (monthly average)
trm,2019-08,3419.28909090909,COP per USD (monthly average)
trm,2019-09,3403.97785714286,COP per USD (monthly average)
trm,2019-10,3431.76847826087,COP per USD (monthly average)
trm,2019-11,3412.55523809524,COP per USD (monthly average)
trm,2019-12,3366.76431818182,COP per USD (monthly average)
trm,2020-01,3321.72086956522,COP per USD (monthly average)
trm,2020-02,3415.27275,COP per USD (monthly average)
trm,2020-03,3908.30777272727,COP per USD (monthly average)
trm,2020-04,3973.60204545455,COP per USD (monthly average)
trm,2020-05,3853.47238095238,COP per USD (monthly average)
trm,2020-06,3701.38590909091,COP per USD (monthly average)
trm,2020-07,3659.32282608696,COP per USD (monthly average)
trm,2020-08,3788.98071428571,COP per USD (monthly average)
trm,2020-09,3756.74181818182,COP per USD (monthly average)
trm,2020-10,3832.83113636364,COP per USD (monthly average)
trm,2020-11,3674.11785714286,COP per USD (monthly average)
trm,2020-12,3461.58195652174,COP per USD (monthly average)
trm,2021-01,3494.95238095238,COP per USD (monthly average)
trm,2021-02,3551.99675,COP per USD (monthly average)
trm,2021-03,3618.25847826087,COP per USD (monthly average)
trm,2021-04,3654.61386363636,COP per USD (monthly average)
trm,2021-05,3737.57142857143,COP per USD (monthly average)
trm,2021-06,3687.40090909091,COP per USD (monthly average)
trm,2021-07,3835.86704545455,COP per USD (monthly average)
trm,2021-08,3882.25045454545,COP per USD (monthly average)
trm,2021-09,3823.62545454545,COP per USD (monthly average)
trm,2021-10,3768.99928571429,COP per USD (monthly average)
trm,2021-11,3906.6075,COP per USD (monthly average)
trm,2021-12,3969.67913043478,COP per USD (monthly average)
trm,2022-01,4002.74571428571,COP per USD (monthly average)
trm,2022-02,3934.64425,COP per USD (monthly average)
trm,2022-03,3799.54913043478,COP per USD (monthly average)
trm,2022-04,3800.74666666667,COP per USD (monthly average)
trm,2022-05,4015.56968181818,COP per USD (monthly average)
trm,2022-06,3950.26154545455,COP per USD (monthly average)
trm,2022-07,4389.14471428571,COP per USD (monthly average)
trm,2022-08,4324.01469565217,COP per USD (monthly average)
trm,2022-09,4445.91972727273,COP per USD (monthly average)
trm,2022-10,4726.85123809524,COP per USD (monthly average)
trm,2022-11,4920.76295454545,COP per USD (monthly average)
trm,2022-12,4793.10268181818,COP per USD (monthly average)
trm,2023-01,4715.02277272727,COP per USD (monthly average)
trm,2023-02,4822.55175,COP per USD (monthly average)
trm,2023-03,4759.07413043478,COP per USD (monthly average)
trm,2023-04,4530.26385,COP per USD (monthly average)
trm,2023-05,4536.50956521739,COP per USD (monthly average)
trm,2023-06,4205.26236363636,COP per USD (monthly average)
trm,2023-07,4054.68276190476,COP per USD (monthly average)
trm,2023-08,4077.89526086957,COP per USD (monthly average)
trm,2023-09,4007.122,COP per USD (monthly average)
trm,2023-10,4227.93386363636,COP per USD (monthly average)
trm,2023-11,4035.88681818182,COP per USD (monthly average)
trm,2023-12,3948.0969047619,COP per USD (monthly average)
trm,2024-01,3922.4452173913,COP per USD (monthly average)
trm,2024-02,3931.98071428571,COP per USD (monthly average)
trm,2024-03,3899.27714285714,COP per USD (monthly average)
trm,2024-04,3871.30272727273,COP per USD (monthly average)
trm,2024-05,3867.875,COP per USD (monthly average)
trm,2024-06,4059.6821,COP per USD (monthly average)
trm,2024-07,4038.10765217391,COP per USD (monthly average)
trm,2024-08,4068.28177272727,COP per USD (monthly average)
trm,2024-09,4193.88819047619,COP per USD (monthly average)
trm,2024-10,4266.34765217391,COP per USD (monthly average)
trm,2024-11,4412.05628571429,COP per USD (monthly average)
trm,2024-12,4386.38459090909,COP per USD (monthly average)
trm,2025-01,4296.38604347826,COP per USD (monthly average)
trm,2025-02,4128.8034,COP per USD (monthly average)
trm,2025-03,4136.47376190476,COP per USD (monthly average)
trm,2025-04,4282.85140909091,COP per USD (monthly average)
trm,2025-05,4203.47218181818,COP per USD (monthly average)
trm,2025-06,4113.358,COP per USD (monthly average)
trm,2025-07,4054.74591304348,COP per USD (monthly average)
trm,2025-08,4041.31757142857,COP per USD (monthly average)
trm,2025-09,3919.62295454545,COP per USD (monthly average)
trm,2025-10,3880.27130434783,COP per USD (monthly average)
trm,2025-11,3774.16325,COP per USD (monthly average)
trm,2025-12,3795.69326086957,COP per USD (monthly average)
trm,2026-01,3697.97340909091,COP per USD (monthly average)
trm,2026-02,3676.204,COP per USD (monthly average)
trm,2026-03,3712.27886363636,COP per USD (monthly average)
trm,2026-04,3616.7075,COP per USD (monthly average)
trm,2026-05,3717.78333333333,COP per USD (monthly average)
trm,2026-06,3493.56795454545,COP per USD (monthly average)
ventas_comercio,2013-01,85.91305670132479,"index (2015=100), seasonally adjusted"
ventas_comercio,2013-02,85.60512459845269,"index (2015=100), seasonally adjusted"
ventas_comercio,2013-03,85.6963637400445,"index (2015=100), seasonally adjusted"
ventas_comercio,2013-04,86.574540477865,"index (2015=100), seasonally adjusted"
ventas_comercio,2013-05,87.0535459712216,"index (2015=100), seasonally adjusted"
ventas_comercio,2013-06,89.06080708624,"index (2015=100), seasonally adjusted"
ventas_comercio,2013-07,89.6880761846832,"index (2015=100), seasonally adjusted"
ventas_comercio,2013-08,87.1219753274154,"index (2015=100), seasonally adjusted"
ventas_comercio,2013-09,87.5895759280731,"index (2015=100), seasonally adjusted"
ventas_comercio,2013-10,87.7036248550628,"index (2015=100), seasonally adjusted"
ventas_comercio,2013-11,88.2168450265163,"index (2015=100), seasonally adjusted"
ventas_comercio,2013-12,89.1406413351327,"index (2015=100), seasonally adjusted"
ventas_comercio,2014-01,89.6310517211884,"index (2015=100), seasonally adjusted"
ventas_comercio,2014-02,91.31897584063559,"index (2015=100), seasonally adjusted"
ventas_comercio,2014-03,92.8700412476952,"index (2015=100), seasonally adjusted"
ventas_comercio,2014-04,95.2422589290805,"index (2015=100), seasonally adjusted"
ventas_comercio,2014-05,94.1930088007755,"index (2015=100), seasonally adjusted"
ventas_comercio,2014-06,94.2728430496683,"index (2015=100), seasonally adjusted"
ventas_comercio,2014-07,94.2386283715714,"index (2015=100), seasonally adjusted"
ventas_comercio,2014-08,93.7596228782147,"index (2015=100), seasonally adjusted"
ventas_comercio,2014-09,94.68341918683109,"index (2015=100), seasonally adjusted"
ventas_comercio,2014-10,97.1468760098082,"index (2015=100), seasonally adjusted"
ventas_comercio,2014-11,95.4133323195651,"index (2015=100), seasonally adjusted"
ventas_comercio,2014-12,96.9986124047216,"index (2015=100), seasonally adjusted"
ventas_comercio,2015-01,96.8731585850329,"index (2015=100), seasonally adjusted"
ventas_comercio,2015-02,97.9452184987359,"index (2015=100), seasonally adjusted"
ventas_comercio,2015-03,98.5268680263833,"index (2015=100), seasonally adjusted"
ventas_comercio,2015-04,98.1391016746184,"index (2015=100), seasonally adjusted"
ventas_comercio,2015-05,98.8005854511585,"index (2015=100), seasonally adjusted"
ventas_comercio,2015-06,99.5989279400863,"index (2015=100), seasonally adjusted"
ventas_comercio,2015-07,100.93330038586501,"index (2015=100), seasonally adjusted"
ventas_comercio,2015-08,102.32469729514,"index (2015=100), seasonally adjusted"
ventas_comercio,2015-09,102.233458153548,"index (2015=100), seasonally adjusted"
ventas_comercio,2015-10,102.33610218783899,"index (2015=100), seasonally adjusted"
ventas_comercio,2015-11,100.20338725313201,"index (2015=100), seasonally adjusted"
ventas_comercio,2015-12,102.09659944116001,"index (2015=100), seasonally adjusted"
ventas_comercio,2016-01,102.29048261704301,"index (2015=100), seasonally adjusted"
ventas_comercio,2016-02,101.571974377008,"index (2015=100), seasonally adjusted"
ventas_comercio,2016-03,100.85346613697298,"index (2015=100), seasonally adjusted"
ventas_comercio,2016-04,101.44652055731899,"index (2015=100), seasonally adjusted"
ventas_comercio,2016-05,101.81147712368599,"index (2015=100), seasonally adjusted"
ventas_comercio,2016-06,101.46933034271699,"index (2015=100), seasonally adjusted"
ventas_comercio,2016-07,100.88768081507,"index (2015=100), seasonally adjusted"
ventas_comercio,2016-08,102.54139025641999,"index (2015=100), seasonally adjusted"
ventas_comercio,2016-09,101.971145621472,"index (2015=100), seasonally adjusted"
ventas_comercio,2016-10,102.81510768119499,"index (2015=100), seasonally adjusted"
ventas_comercio,2016-11,102.347507080538,"index (2015=100), seasonally adjusted"
ventas_comercio,2016-12,102.826512573894,"index (2015=100), seasonally adjusted"
ventas_comercio,2017-01,102.050979870364,"index (2015=100), seasonally adjusted"
ventas_comercio,2017-02,99.5190936911935,"index (2015=100), seasonally adjusted"
ventas_comercio,2017-03,101.17280313254399,"index (2015=100), seasonally adjusted"
ventas_comercio,2017-04,102.176433690053,"index (2015=100), seasonally adjusted"
ventas_comercio,2017-05,100.511319356004,"index (2015=100), seasonally adjusted"
ventas_comercio,2017-06,101.46933034271699,"index (2015=100), seasonally adjusted"
ventas_comercio,2017-07,102.575604934517,"index (2015=100), seasonally adjusted"
ventas_comercio,2017-08,101.857096694482,"index (2015=100), seasonally adjusted"
ventas_comercio,2017-09,101.731642874793,"index (2015=100), seasonally adjusted"
ventas_comercio,2017-10,101.971145621472,"index (2015=100), seasonally adjusted"
ventas_comercio,2017-11,103.066015320572,"index (2015=100), seasonally adjusted"
ventas_comercio,2017-12,102.666844076109,"index (2015=100), seasonally adjusted"
ventas_comercio,2018-01,104.982037293999,"index (2015=100), seasonally adjusted"
ventas_comercio,2018-02,103.44237677963798,"index (2015=100), seasonally adjusted"
ventas_comercio,2018-03,107.137562014104,"index (2015=100), seasonally adjusted"
ventas_comercio,2018-04,106.122526563896,"index (2015=100), seasonally adjusted"
ventas_comercio,2018-05,106.40764888137,"index (2015=100), seasonally adjusted"
ventas_comercio,2018-06,106.590127164554,"index (2015=100), seasonally adjusted"
ventas_comercio,2018-07,106.327814632477,"index (2015=100), seasonally adjusted"
ventas_comercio,2018-08,106.01988252960498,"index (2015=100), seasonally adjusted"
ventas_comercio,2018-09,107.867475146838,"index (2015=100), seasonally adjusted"
ventas_comercio,2018-10,107.320040297287,"index (2015=100), seasonally adjusted"
ventas_comercio,2018-11,108.563173601475,"index (2015=100), seasonally adjusted"
ventas_comercio,2018-12,108.631602957669,"index (2015=100), seasonally adjusted"
ventas_comercio,2019-01,109.783497120265,"index (2015=100), seasonally adjusted"
ventas_comercio,2019-02,110.37655154061099,"index (2015=100), seasonally adjusted"
ventas_comercio,2019-03,111.072249995248,"index (2015=100), seasonally adjusted"
ventas_comercio,2019-04,111.55125548860501,"index (2015=100), seasonally adjusted"
ventas_comercio,2019-05,113.66116063791401,"index (2015=100), seasonally adjusted"
ventas_comercio,2019-06,114.77884012241199,"index (2015=100), seasonally adjusted"
ventas_comercio,2019-07,115.098177117984,"index (2015=100), seasonally adjusted"
ventas_comercio,2019-08,115.69123153833,"index (2015=100), seasonally adjusted"
ventas_comercio,2019-09,116.25007128057901,"index (2015=100), seasonally adjusted"
ventas_comercio,2019-10,116.23866638788,"index (2015=100), seasonally adjusted"
ventas_comercio,2019-11,116.204451709783,"index (2015=100), seasonally adjusted"
ventas_comercio,2019-12,117.869566043833,"index (2015=100), seasonally adjusted"
ventas_comercio,2020-01,117.10543823300199,"index (2015=100), seasonally adjusted"
ventas_comercio,2020-02,118.67931342545901,"index (2015=100), seasonally adjusted"
ventas_comercio,2020-03,110.84415214126899,"index (2015=100), seasonally adjusted"
ventas_comercio,2020-04,75.91096580433,"index (2015=100), seasonally adjusted"
ventas_comercio,2020-05,90.5548480298048,"index (2015=100), seasonally adjusted"
ventas_comercio,2020-06,104.571461156836,"index (2015=100), seasonally adjusted"
ventas_comercio,2020-07,106.44186355946701,"index (2015=100), seasonally adjusted"
ventas_comercio,2020-08,102.08519454846099,"index (2015=100), seasonally adjusted"
ventas_comercio,2020-09,117.139652911099,"index (2015=100), seasonally adjusted"
ventas_comercio,2020-10,121.142770248437,"index (2015=100), seasonally adjusted"
ventas_comercio,2020-11,125.9670398601,"index (2015=100), seasonally adjusted"
ventas_comercio,2020-12,116.432549563763,"index (2015=100), seasonally adjusted"
ventas_comercio,2021-01,110.901176604763,"index (2015=100), seasonally adjusted"
ventas_comercio,2021-02,125.100268014978,"index (2015=100), seasonally adjusted"
ventas_comercio,2021-03,127.107529129997,"index (2015=100), seasonally adjusted"
ventas_comercio,2021-04,112.15571480165,"index (2015=100), seasonally adjusted"
ventas_comercio,2021-05,103.807333346005,"index (2015=100), seasonally adjusted"
ventas_comercio,2021-06,119.911041836948,"index (2015=100), seasonally adjusted"
ventas_comercio,2021-07,126.092493679789,"index (2015=100), seasonally adjusted"
ventas_comercio,2021-08,129.103385352316,"index (2015=100), seasonally adjusted"
ventas_comercio,2021-09,129.12619513771398,"index (2015=100), seasonally adjusted"
ventas_comercio,2021-10,135.421695907544,"index (2015=100), seasonally adjusted"
ventas_comercio,2021-11,132.159896595639,"index (2015=100), seasonally adjusted"
ventas_comercio,2021-12,136.105989469482,"index (2015=100), seasonally adjusted"
ventas_comercio,2022-01,130.31230397840702,"index (2015=100), seasonally adjusted"
ventas_comercio,2022-02,134.224182174153,"index (2015=100), seasonally adjusted"
ventas_comercio,2022-03,143.541979509209,"index (2015=100), seasonally adjusted"
ventas_comercio,2022-04,135.94632097169702,"index (2015=100), seasonally adjusted"
ventas_comercio,2022-05,134.794426809101,"index (2015=100), seasonally adjusted"
ventas_comercio,2022-06,144.91056663308598,"index (2015=100), seasonally adjusted"
ventas_comercio,2022-07,135.170788268167,"index (2015=100), seasonally adjusted"
ventas_comercio,2022-08,136.003345435192,"index (2015=100), seasonally adjusted"
ventas_comercio,2022-09,137.371932559068,"index (2015=100), seasonally adjusted"
ventas_comercio,2022-10,136.448136250451,"index (2015=100), seasonally adjusted"
ventas_comercio,2022-11,134.53211427702502,"index (2015=100), seasonally adjusted"
ventas_comercio,2022-12,131.988823205155,"index (2015=100), seasonally adjusted"
ventas_comercio,2023-01,133.311790758235,"index (2015=100), seasonally adjusted"
ventas_comercio,2023-02,132.764355908685,"index (2015=100), seasonally adjusted"
ventas_comercio,2023-03,133.97327453477502,"index (2015=100), seasonally adjusted"
ventas_comercio,2023-04,132.228325951833,"index (2015=100), seasonally adjusted"
ventas_comercio,2023-05,132.855595050277,"index (2015=100), seasonally adjusted"
ventas_comercio,2023-06,132.387994449619,"index (2015=100), seasonally adjusted"
ventas_comercio,2023-07,130.79130947176301,"index (2015=100), seasonally adjusted"
ventas_comercio,2023-08,129.992966982836,"index (2015=100), seasonally adjusted"
ventas_comercio,2023-09,131.008002433044,"index (2015=100), seasonally adjusted"
ventas_comercio,2023-10,129.787678914254,"index (2015=100), seasonally adjusted"
ventas_comercio,2023-11,130.118420802524,"index (2015=100), seasonally adjusted"
ventas_comercio,2023-12,129.890322948545,"index (2015=100), seasonally adjusted"
ventas_comercio,2024-01,130.038586553631,"index (2015=100), seasonally adjusted"
ventas_comercio,2024-02,129.753464236157,"index (2015=100), seasonally adjusted"
ventas_comercio,2024-03,129.559581060275,"index (2015=100), seasonally adjusted"
ventas_comercio,2024-04,130.506187154289,"index (2015=100), seasonally adjusted"
ventas_comercio,2024-05,130.90535839875298,"index (2015=100), seasonally adjusted"
ventas_comercio,2024-06,132.19411127373598,"index (2015=100), seasonally adjusted"
ventas_comercio,2024-07,133.425839685225,"index (2015=100), seasonally adjusted"
ventas_comercio,2024-08,134.383850671938,"index (2015=100), seasonally adjusted"
ventas_comercio,2024-09,132.467828698512,"index (2015=100), seasonally adjusted"
ventas_comercio,2024-10,136.744663460625,"index (2015=100), seasonally adjusted"
ventas_comercio,2024-11,137.52019616415402,"index (2015=100), seasonally adjusted"
ventas_comercio,2024-12,139.094071356612,"index (2015=100), seasonally adjusted"
ventas_comercio,2025-01,141.01009333003898,"index (2015=100), seasonally adjusted"
ventas_comercio,2025-02,141.808435818966,"index (2015=100), seasonally adjusted"
ventas_comercio,2025-03,141.625957535783,"index (2015=100), seasonally adjusted"
ventas_comercio,2025-04,143.14280826474598,"index (2015=100), seasonally adjusted"
ventas_comercio,2025-05,143.838506719383,"index (2015=100), seasonally adjusted"
ventas_comercio,2025-06,144.271892641943,"index (2015=100), seasonally adjusted"
ventas_comercio,2025-07,146.358988005854,"index (2015=100), seasonally adjusted"
ventas_comercio,2025-08,146.689729894125,"index (2015=100), seasonally adjusted"
ventas_comercio,2025-09,145.629074873121,"index (2015=100), seasonally adjusted"
ventas_comercio,2025-10,146.530061396339,"index (2015=100), seasonally adjusted"
ventas_comercio,2025-11,149.153186717102,"index (2015=100), seasonally adjusted"
ventas_comercio,2025-12,148.51451272595898,"index (2015=100), seasonally adjusted"
ventas_comercio,2026-01,146.598490752533,"index (2015=100), seasonally adjusted"
ventas_comercio,2026-02,152.768537702674,"index (2015=100), seasonally adjusted"
ventas_comercio,2026-03,154.969681993575,"index (2015=100), seasonally adjusted"
ventas_comercio,2026-04,155.038111349769,"index (2015=100), seasonally adjusted"
ventas_comercio,2026-05,156.269839761258,"index (2015=100), seasonally adjusted"
